raceId,grid,position,year,date,time,circuitRef,driverRef,constructorRef,circuit_code,driver_code,constructor_code,pos_delta,grid_rolling,position_rolling,pos_delta_rolling
337,3.0,1.0,2010,2010-03-14,12:00:00,bahrain,alonso,ferrari,2,3,5,2.0,,,
337,2.0,2.0,2010,2010-03-14,12:00:00,bahrain,massa,ferrari,2,42,5,0.0,,,
337,4.0,3.0,2010,2010-03-14,12:00:00,bahrain,hamilton,mclaren,2,23,13,1.0,,,
337,1.0,4.0,2010,2010-03-14,12:00:00,bahrain,vettel,red_bull,2,73,17,-3.0,,,
337,5.0,5.0,2010,2010-03-14,12:00:00,bahrain,rosberg,mercedes,2,60,14,0.0,,,
337,7.0,6.0,2010,2010-03-14,12:00:00,bahrain,michael_schumacher,mercedes,2,46,14,1.0,,,
337,8.0,7.0,2010,2010-03-14,12:00:00,bahrain,button,mclaren,2,11,13,1.0,,,
337,6.0,8.0,2010,2010-03-14,12:00:00,bahrain,webber,red_bull,2,74,17,-2.0,,,
337,12.0,9.0,2010,2010-03-14,12:00:00,bahrain,liuzzi,force_india,2,39,6,3.0,,,
337,11.0,10.0,2010,2010-03-14,12:00:00,bahrain,barrichello,williams,2,5,22,1.0,,,
337,9.0,11.0,2010,2010-03-14,12:00:00,bahrain,kubica,renault,2,34,18,-2.0,,,
337,10.0,12.0,2010,2010-03-14,12:00:00,bahrain,sutil,force_india,2,68,6,-2.0,,,
337,18.0,13.0,2010,2010-03-14,12:00:00,bahrain,alguersuari,toro_rosso,2,2,20,5.0,,,
337,13.0,14.0,2010,2010-03-14,12:00:00,bahrain,hulkenberg,williams,2,26,22,-1.0,,,
337,21.0,15.0,2010,2010-03-14,12:00:00,bahrain,kovalainen,lotus_racing,2,33,10,6.0,,,
337,15.0,16.0,2010,2010-03-14,12:00:00,bahrain,buemi,toro_rosso,2,10,20,-1.0,,,
337,20.0,17.0,2010,2010-03-14,12:00:00,bahrain,trulli,lotus_racing,2,69,10,3.0,,,
338,4.0,1.0,2010,2010-03-28,06:00:00,albert_park,button,mclaren,0,11,13,3.0,,,
338,9.0,2.0,2010,2010-03-28,06:00:00,albert_park,kubica,renault,0,34,18,7.0,,,
338,5.0,3.0,2010,2010-03-28,06:00:00,albert_park,massa,ferrari,0,42,5,2.0,,,
338,3.0,4.0,2010,2010-03-28,06:00:00,albert_park,alonso,ferrari,0,3,5,-1.0,,,
338,6.0,5.0,2010,2010-03-28,06:00:00,albert_park,rosberg,mercedes,0,60,14,1.0,,,
338,11.0,6.0,2010,2010-03-28,06:00:00,albert_park,hamilton,mclaren,0,23,13,5.0,,,
338,13.0,7.0,2010,2010-03-28,06:00:00,albert_park,liuzzi,force_india,0,39,6,6.0,,,
338,8.0,8.0,2010,2010-03-28,06:00:00,albert_park,barrichello,williams,0,5,22,0.0,,,
338,2.0,9.0,2010,2010-03-28,06:00:00,albert_park,webber,red_bull,0,74,17,-7.0,,,
338,7.0,10.0,2010,2010-03-28,06:00:00,albert_park,michael_schumacher,mercedes,0,46,14,-3.0,,,
338,17.0,11.0,2010,2010-03-28,06:00:00,albert_park,alguersuari,toro_rosso,0,2,20,6.0,,,
338,14.0,12.0,2010,2010-03-28,06:00:00,albert_park,rosa,sauber,0,59,19,2.0,,,
338,19.0,13.0,2010,2010-03-28,06:00:00,albert_park,kovalainen,lotus_racing,0,33,10,6.0,,,
338,22.0,14.0,2010,2010-03-28,06:00:00,albert_park,chandhok,hrt,0,12,8,8.0,,,
339,3.0,1.0,2010,2010-04-04,08:00:00,sepang,vettel,red_bull,23,73,17,2.0,,,
339,1.0,2.0,2010,2010-04-04,08:00:00,sepang,webber,red_bull,23,74,17,-1.0,,,
339,2.0,3.0,2010,2010-04-04,08:00:00,sepang,rosberg,mercedes,23,60,14,-1.0,,,
339,6.0,4.0,2010,2010-04-04,08:00:00,sepang,kubica,renault,23,34,18,2.0,,,
339,4.0,5.0,2010,2010-04-04,08:00:00,sepang,sutil,force_india,23,68,6,-1.0,,,
339,20.0,6.0,2010,2010-04-04,08:00:00,sepang,hamilton,mclaren,23,23,13,14.0,,,
339,21.0,7.0,2010,2010-04-04,08:00:00,sepang,massa,ferrari,23,42,5,14.0,,,
339,17.0,8.0,2010,2010-04-04,08:00:00,sepang,button,mclaren,23,11,13,9.0,,,
339,14.0,9.0,2010,2010-04-04,08:00:00,sepang,alguersuari,toro_rosso,23,2,20,5.0,,,
339,5.0,10.0,2010,2010-04-04,08:00:00,sepang,hulkenberg,williams,23,26,22,-5.0,,,
339,13.0,11.0,2010,2010-04-04,08:00:00,sepang,buemi,toro_rosso,23,10,20,2.0,,,
339,7.0,12.0,2010,2010-04-04,08:00:00,sepang,barrichello,williams,23,5,22,-5.0,,,
339,19.0,13.0,2010,2010-04-04,08:00:00,sepang,alonso,ferrari,23,3,5,6.0,,,
339,24.0,14.0,2010,2010-04-04,08:00:00,sepang,grassi,virgin,23,20,21,10.0,,,
339,22.0,15.0,2010,2010-04-04,08:00:00,sepang,chandhok,hrt,23,12,8,7.0,,,
339,23.0,16.0,2010,2010-04-04,08:00:00,sepang,bruno_senna,hrt,23,9,8,7.0,,,
339,18.0,17.0,2010,2010-04-04,08:00:00,sepang,trulli,lotus_racing,23,69,10,1.0,,,
340,5.0,1.0,2010,2010-04-18,06:00:00,shanghai,button,mclaren,24,11,13,4.0,9.666666666666666,5.333333333333333,4.333333333333333
340,6.0,2.0,2010,2010-04-18,06:00:00,shanghai,hamilton,mclaren,24,23,13,4.0,11.666666666666666,5.0,6.666666666666667
340,4.0,3.0,2010,2010-04-18,06:00:00,shanghai,rosberg,mercedes,24,60,14,1.0,4.333333333333333,4.333333333333333,0.0
340,3.0,4.0,2010,2010-04-18,06:00:00,shanghai,alonso,ferrari,24,3,5,-1.0,8.333333333333334,6.0,2.3333333333333335
340,8.0,5.0,2010,2010-04-18,06:00:00,shanghai,kubica,renault,24,34,18,3.0,8.0,5.666666666666667,2.3333333333333335
340,1.0,6.0,2010,2010-04-18,06:00:00,shanghai,vettel,red_bull,24,73,17,-5.0,,,
340,14.0,7.0,2010,2010-04-18,06:00:00,shanghai,petrov,renault,24,52,18,7.0,,,
340,2.0,8.0,2010,2010-04-18,06:00:00,shanghai,webber,red_bull,24,74,17,-6.0,3.0,6.333333333333333,-3.3333333333333335
340,7.0,9.0,2010,2010-04-18,06:00:00,shanghai,massa,ferrari,24,42,5,-2.0,9.333333333333334,4.0,5.333333333333333
340,9.0,10.0,2010,2010-04-18,06:00:00,shanghai,michael_schumacher,mercedes,24,46,14,-1.0,,,
340,10.0,11.0,2010,2010-04-18,06:00:00,shanghai,sutil,force_india,24,68,6,-1.0,,,
340,11.0,12.0,2010,2010-04-18,06:00:00,shanghai,barrichello,williams,24,5,22,-1.0,8.666666666666666,10.0,-1.3333333333333333
340,12.0,13.0,2010,2010-04-18,06:00:00,shanghai,alguersuari,toro_rosso,24,2,20,-1.0,16.333333333333332,11.0,5.333333333333333
340,21.0,14.0,2010,2010-04-18,06:00:00,shanghai,kovalainen,lotus_racing,24,33,10,7.0,,,
340,16.0,15.0,2010,2010-04-18,06:00:00,shanghai,hulkenberg,williams,24,26,22,1.0,,,
340,23.0,16.0,2010,2010-04-18,06:00:00,shanghai,bruno_senna,hrt,24,9,8,7.0,,,
340,24.0,17.0,2010,2010-04-18,06:00:00,shanghai,chandhok,hrt,24,12,8,7.0,,,
341,1.0,1.0,2010,2010-05-09,12:00:00,catalunya,webber,red_bull,5,74,17,0.0,1.6666666666666667,6.333333333333333,-4.666666666666667
341,4.0,2.0,2010,2010-05-09,12:00:00,catalunya,alonso,ferrari,5,3,5,2.0,8.333333333333334,7.0,1.3333333333333333
341,2.0,3.0,2010,2010-05-09,12:00:00,catalunya,vettel,red_bull,5,73,17,-1.0,1.6666666666666667,3.6666666666666665,-2.0
341,6.0,4.0,2010,2010-05-09,12:00:00,catalunya,michael_schumacher,mercedes,5,46,14,2.0,7.666666666666667,8.666666666666666,-1.0
341,5.0,5.0,2010,2010-05-09,12:00:00,catalunya,button,mclaren,5,11,13,0.0,8.666666666666666,3.3333333333333335,5.333333333333333
341,9.0,6.0,2010,2010-05-09,12:00:00,catalunya,massa,ferrari,5,42,5,3.0,11.0,6.333333333333333,4.666666666666667
341,11.0,7.0,2010,2010-05-09,12:00:00,catalunya,sutil,force_india,5,68,6,4.0,8.0,9.333333333333334,-1.3333333333333333
341,7.0,8.0,2010,2010-05-09,12:00:00,catalunya,kubica,renault,5,34,18,-1.0,7.666666666666667,3.6666666666666665,4.0
341,17.0,9.0,2010,2010-05-09,12:00:00,catalunya,barrichello,williams,5,5,22,8.0,8.666666666666666,10.666666666666666,-2.0
341,15.0,10.0,2010,2010-05-09,12:00:00,catalunya,alguersuari,toro_rosso,5,2,20,5.0,14.333333333333334,11.0,3.3333333333333335
341,19.0,11.0,2010,2010-05-09,12:00:00,catalunya,petrov,renault,5,52,18,8.0,,,
341,10.0,12.0,2010,2010-05-09,12:00:00,catalunya,kobayashi,sauber,5,32,19,-2.0,,,
341,8.0,13.0,2010,2010-05-09,12:00:00,catalunya,rosberg,mercedes,5,60,14,-5.0,4.0,3.6666666666666665,0.3333333333333333
341,3.0,14.0,2010,2010-05-09,12:00:00,catalunya,hamilton,mclaren,5,23,13,-11.0,12.333333333333334,4.666666666666667,7.666666666666667
341,16.0,15.0,2010,2010-05-09,12:00:00,catalunya,liuzzi,force_india,5,39,6,1.0,,,
341,13.0,16.0,2010,2010-05-09,12:00:00,catalunya,hulkenberg,williams,5,26,22,-3.0,11.333333333333334,13.0,-1.6666666666666667
341,18.0,17.0,2010,2010-05-09,12:00:00,catalunya,trulli,lotus_racing,5,69,10,1.0,,,
341,22.0,18.0,2010,2010-05-09,12:00:00,catalunya,glock,virgin,5,19,21,4.0,,,
341,23.0,19.0,2010,2010-05-09,12:00:00,catalunya,grassi,virgin,5,20,21,4.0,,,
342,1.0,1.0,2010,2010-05-16,12:00:00,monaco,webber,red_bull,15,74,17,0.0,1.3333333333333333,3.6666666666666665,-2.3333333333333335
342,3.0,2.0,2010,2010-05-16,12:00:00,monaco,vettel,red_bull,15,73,17,1.0,2.0,3.3333333333333335,-1.3333333333333333
342,2.0,3.0,2010,2010-05-16,12:00:00,monaco,kubica,renault,15,34,18,-1.0,7.0,5.666666666666667,1.3333333333333333
342,4.0,4.0,2010,2010-05-16,12:00:00,monaco,massa,ferrari,15,42,5,0.0,12.333333333333334,7.333333333333333,5.0
342,5.0,5.0,2010,2010-05-16,12:00:00,monaco,hamilton,mclaren,15,23,13,0.0,9.666666666666666,7.333333333333333,2.3333333333333335
342,24.0,6.0,2010,2010-05-16,12:00:00,monaco,alonso,ferrari,15,3,5,18.0,8.666666666666666,6.333333333333333,2.3333333333333335
342,6.0,7.0,2010,2010-05-16,12:00:00,monaco,rosberg,mercedes,15,60,14,-1.0,4.666666666666667,6.333333333333333,-1.6666666666666667
342,12.0,8.0,2010,2010-05-16,12:00:00,monaco,sutil,force_india,15,68,6,4.0,8.333333333333334,7.666666666666667,0.6666666666666666
342,10.0,9.0,2010,2010-05-16,12:00:00,monaco,liuzzi,force_india,15,39,6,1.0,13.666666666666666,10.333333333333334,3.3333333333333335
342,13.0,10.0,2010,2010-05-16,12:00:00,monaco,buemi,toro_rosso,15,10,20,3.0,,,
342,17.0,11.0,2010,2010-05-16,12:00:00,monaco,alguersuari,toro_rosso,15,2,20,6.0,13.666666666666666,10.666666666666666,3.0
342,7.0,12.0,2010,2010-05-16,12:00:00,monaco,michael_schumacher,mercedes,15,46,14,-5.0,7.333333333333333,8.0,-0.6666666666666666
342,14.0,13.0,2010,2010-05-16,12:00:00,monaco,petrov,renault,15,52,18,1.0,,,
342,23.0,14.0,2010,2010-05-16,12:00:00,monaco,chandhok,hrt,15,12,8,9.0,22.666666666666668,15.333333333333334,7.333333333333333
342,19.0,15.0,2010,2010-05-16,12:00:00,monaco,trulli,lotus_racing,15,69,10,4.0,18.666666666666668,17.0,1.6666666666666667
343,2.0,1.0,2010,2010-05-30,11:00:00,istanbul,hamilton,mclaren,10,23,13,1.0,4.666666666666667,7.0,-2.3333333333333335
343,4.0,2.0,2010,2010-05-30,11:00:00,istanbul,button,mclaren,10,11,13,2.0,9.0,4.666666666666667,4.333333333333333
343,1.0,3.0,2010,2010-05-30,11:00:00,istanbul,webber,red_bull,10,74,17,-2.0,1.3333333333333333,3.3333333333333335,-2.0
343,5.0,4.0,2010,2010-05-30,11:00:00,istanbul,michael_schumacher,mercedes,10,46,14,1.0,7.333333333333333,8.666666666666666,-1.3333333333333333
343,6.0,5.0,2010,2010-05-30,11:00:00,istanbul,rosberg,mercedes,10,60,14,1.0,6.0,7.666666666666667,-1.6666666666666667
343,7.0,6.0,2010,2010-05-30,11:00:00,istanbul,kubica,renault,10,34,18,1.0,5.666666666666667,5.333333333333333,0.3333333333333333
343,8.0,7.0,2010,2010-05-30,11:00:00,istanbul,massa,ferrari,10,42,5,1.0,6.666666666666667,6.333333333333333,0.3333333333333333
343,12.0,8.0,2010,2010-05-30,11:00:00,istanbul,alonso,ferrari,10,3,5,4.0,10.333333333333334,4.0,6.333333333333333
343,11.0,9.0,2010,2010-05-30,11:00:00,istanbul,sutil,force_india,10,68,6,2.0,11.0,8.666666666666666,2.3333333333333335
343,10.0,10.0,2010,2010-05-30,11:00:00,istanbul,kobayashi,sauber,10,32,19,0.0,,,
343,13.0,11.0,2010,2010-05-30,11:00:00,istanbul,rosa,sauber,10,59,19,2.0,,,
343,16.0,12.0,2010,2010-05-30,11:00:00,istanbul,alguersuari,toro_rosso,10,2,20,4.0,14.666666666666666,11.333333333333334,3.3333333333333335
343,18.0,13.0,2010,2010-05-30,11:00:00,istanbul,liuzzi,force_india,10,39,6,5.0,13.0,10.333333333333334,2.6666666666666665
343,15.0,14.0,2010,2010-05-30,11:00:00,istanbul,barrichello,williams,10,5,22,1.0,11.666666666666666,11.0,0.6666666666666666
343,9.0,15.0,2010,2010-05-30,11:00:00,istanbul,petrov,renault,10,52,18,-6.0,15.666666666666666,10.333333333333334,5.333333333333333
343,14.0,16.0,2010,2010-05-30,11:00:00,istanbul,buemi,toro_rosso,10,10,20,-2.0,13.666666666666666,12.333333333333334,1.3333333333333333
343,17.0,17.0,2010,2010-05-30,11:00:00,istanbul,hulkenberg,williams,10,26,22,0.0,11.333333333333334,13.666666666666666,-2.3333333333333335
343,21.0,18.0,2010,2010-05-30,11:00:00,istanbul,glock,virgin,10,19,21,3.0,,,
343,23.0,19.0,2010,2010-05-30,11:00:00,istanbul,grassi,virgin,10,20,21,4.0,,,
343,24.0,20.0,2010,2010-05-30,11:00:00,istanbul,chandhok,hrt,10,12,8,4.0,23.0,15.333333333333334,7.666666666666667
344,1.0,1.0,2010,2010-06-13,16:00:00,villeneuve,hamilton,mclaren,31,23,13,0.0,3.3333333333333335,6.666666666666667,-3.3333333333333335
344,4.0,2.0,2010,2010-06-13,16:00:00,villeneuve,button,mclaren,31,11,13,2.0,4.666666666666667,2.6666666666666665,2.0
344,3.0,3.0,2010,2010-06-13,16:00:00,villeneuve,alonso,ferrari,31,3,5,0.0,13.333333333333334,5.333333333333333,8.0
344,2.0,4.0,2010,2010-06-13,16:00:00,villeneuve,vettel,red_bull,31,73,17,-2.0,2.0,3.6666666666666665,-1.6666666666666667
344,7.0,5.0,2010,2010-06-13,16:00:00,villeneuve,webber,red_bull,31,74,17,2.0,1.0,1.6666666666666667,-0.6666666666666666
344,10.0,6.0,2010,2010-06-13,16:00:00,villeneuve,rosberg,mercedes,31,60,14,4.0,6.666666666666667,8.333333333333334,-1.6666666666666667
344,8.0,7.0,2010,2010-06-13,16:00:00,villeneuve,kubica,renault,31,34,18,1.0,5.333333333333333,5.666666666666667,-0.3333333333333333
344,15.0,8.0,2010,2010-06-13,16:00:00,villeneuve,buemi,toro_rosso,31,10,20,7.0,13.333333333333334,12.333333333333334,1.0
344,5.0,9.0,2010,2010-06-13,16:00:00,villeneuve,liuzzi,force_india,31,39,6,-4.0,14.666666666666666,12.333333333333334,2.3333333333333335
344,9.0,10.0,2010,2010-06-13,16:00:00,villeneuve,sutil,force_india,31,68,6,-1.0,11.333333333333334,8.0,3.3333333333333335
344,13.0,11.0,2010,2010-06-13,16:00:00,villeneuve,michael_schumacher,mercedes,31,46,14,2.0,6.0,6.666666666666667,-0.6666666666666666
344,16.0,12.0,2010,2010-06-13,16:00:00,villeneuve,alguersuari,toro_rosso,31,2,20,4.0,16.0,11.0,5.0
344,12.0,13.0,2010,2010-06-13,16:00:00,villeneuve,hulkenberg,williams,31,26,22,-1.0,15.333333333333334,16.0,-0.6666666666666666
344,11.0,14.0,2010,2010-06-13,16:00:00,villeneuve,barrichello,williams,31,5,22,-3.0,14.333333333333334,11.666666666666666,2.6666666666666665
344,6.0,15.0,2010,2010-06-13,16:00:00,villeneuve,massa,ferrari,31,42,5,-9.0,7.0,5.666666666666667,1.3333333333333333
344,19.0,16.0,2010,2010-06-13,16:00:00,villeneuve,kovalainen,lotus_racing,31,33,10,3.0,20.333333333333332,14.0,6.333333333333333
344,14.0,17.0,2010,2010-06-13,16:00:00,villeneuve,petrov,renault,31,52,18,-3.0,14.0,13.0,1.0
344,24.0,18.0,2010,2010-06-13,16:00:00,villeneuve,chandhok,hrt,31,12,8,6.0,23.666666666666668,17.0,6.666666666666667
344,23.0,19.0,2010,2010-06-13,16:00:00,villeneuve,grassi,virgin,31,20,21,4.0,23.333333333333332,17.333333333333332,6.0
345,1.0,1.0,2010,2010-06-27,12:00:00,valencia,vettel,red_bull,29,73,17,0.0,2.3333333333333335,3.0,-0.6666666666666666
345,3.0,2.0,2010,2010-06-27,12:00:00,valencia,hamilton,mclaren,29,23,13,1.0,2.6666666666666665,2.3333333333333335,0.3333333333333333
345,7.0,3.0,2010,2010-06-27,12:00:00,valencia,button,mclaren,29,11,13,4.0,4.333333333333333,3.0,1.3333333333333333
345,9.0,4.0,2010,2010-06-27,12:00:00,valencia,barrichello,williams,29,5,22,5.0,14.333333333333334,12.333333333333334,2.0
345,6.0,5.0,2010,2010-06-27,12:00:00,valencia,kubica,renault,29,34,18,1.0,5.666666666666667,5.333333333333333,0.3333333333333333
345,13.0,6.0,2010,2010-06-27,12:00:00,valencia,sutil,force_india,29,68,6,7.0,10.666666666666666,9.0,1.6666666666666667
345,18.0,7.0,2010,2010-06-27,12:00:00,valencia,kobayashi,sauber,29,32,19,11.0,,,
345,4.0,8.0,2010,2010-06-27,12:00:00,valencia,alonso,ferrari,29,3,5,-4.0,13.0,5.666666666666667,7.333333333333333
345,11.0,9.0,2010,2010-06-27,12:00:00,valencia,buemi,toro_rosso,29,10,20,2.0,14.0,11.333333333333334,2.6666666666666665
345,12.0,10.0,2010,2010-06-27,12:00:00,valencia,rosberg,mercedes,29,60,14,2.0,7.333333333333333,6.0,1.3333333333333333
345,5.0,11.0,2010,2010-06-27,12:00:00,valencia,massa,ferrari,29,42,5,-6.0,6.0,8.666666666666666,-2.6666666666666665
345,16.0,12.0,2010,2010-06-27,12:00:00,valencia,rosa,sauber,29,59,19,4.0,,,
345,17.0,13.0,2010,2010-06-27,12:00:00,valencia,alguersuari,toro_rosso,29,2,20,4.0,16.333333333333332,11.666666666666666,4.666666666666667
345,10.0,14.0,2010,2010-06-27,12:00:00,valencia,petrov,renault,29,52,18,-4.0,12.333333333333334,15.0,-2.6666666666666665
345,15.0,15.0,2010,2010-06-27,12:00:00,valencia,michael_schumacher,mercedes,29,46,14,0.0,8.333333333333334,9.0,-0.6666666666666666
345,14.0,16.0,2010,2010-06-27,12:00:00,valencia,liuzzi,force_india,29,39,6,-2.0,11.0,10.333333333333334,0.6666666666666666
345,21.0,17.0,2010,2010-06-27,12:00:00,valencia,grassi,virgin,29,20,21,4.0,23.0,19.0,4.0
345,23.0,18.0,2010,2010-06-27,12:00:00,valencia,chandhok,hrt,29,12,8,5.0,23.666666666666668,17.333333333333332,6.333333333333333
345,22.0,19.0,2010,2010-06-27,12:00:00,valencia,glock,virgin,29,19,21,3.0,,,
345,24.0,20.0,2010,2010-06-27,12:00:00,valencia,bruno_senna,hrt,29,9,8,4.0,,,
346,2.0,1.0,2010,2010-07-11,12:00:00,silverstone,webber,red_bull,25,74,17,1.0,3.0,3.0,0.0
346,4.0,2.0,2010,2010-07-11,12:00:00,silverstone,hamilton,mclaren,25,23,13,2.0,2.0,1.3333333333333333,0.6666666666666666
346,5.0,3.0,2010,2010-07-11,12:00:00,silverstone,rosberg,mercedes,25,60,14,2.0,9.333333333333334,7.0,2.3333333333333335
346,14.0,4.0,2010,2010-07-11,12:00:00,silverstone,button,mclaren,25,11,13,10.0,5.0,2.3333333333333335,2.6666666666666665
346,8.0,5.0,2010,2010-07-11,12:00:00,silverstone,barrichello,williams,25,5,22,3.0,11.666666666666666,10.666666666666666,1.0
346,12.0,6.0,2010,2010-07-11,12:00:00,silverstone,kobayashi,sauber,25,32,19,6.0,12.666666666666666,9.666666666666666,3.0
346,1.0,7.0,2010,2010-07-11,12:00:00,silverstone,vettel,red_bull,25,73,17,-6.0,2.0,2.3333333333333335,-0.3333333333333333
346,11.0,8.0,2010,2010-07-11,12:00:00,silverstone,sutil,force_india,25,68,6,3.0,11.0,8.333333333333334,2.6666666666666665
346,10.0,9.0,2010,2010-07-11,12:00:00,silverstone,michael_schumacher,mercedes,25,46,14,1.0,11.0,10.0,1.0
346,13.0,10.0,2010,2010-07-11,12:00:00,silverstone,hulkenberg,williams,25,26,22,3.0,14.0,15.333333333333334,-1.3333333333333333
346,20.0,11.0,2010,2010-07-11,12:00:00,silverstone,liuzzi,force_india,25,39,6,9.0,12.333333333333334,12.666666666666666,-0.3333333333333333
346,16.0,12.0,2010,2010-07-11,12:00:00,silverstone,buemi,toro_rosso,25,10,20,4.0,13.333333333333334,11.0,2.3333333333333335
346,15.0,13.0,2010,2010-07-11,12:00:00,silverstone,petrov,renault,25,52,18,2.0,11.0,15.333333333333334,-4.333333333333333
346,3.0,14.0,2010,2010-07-11,12:00:00,silverstone,alonso,ferrari,25,3,5,-11.0,6.333333333333333,6.333333333333333,0.0
346,7.0,15.0,2010,2010-07-11,12:00:00,silverstone,massa,ferrari,25,42,5,-8.0,6.333333333333333,11.0,-4.666666666666667
346,21.0,16.0,2010,2010-07-11,12:00:00,silverstone,trulli,lotus_racing,25,69,10,5.0,18.333333333333332,16.333333333333332,2.0
346,18.0,17.0,2010,2010-07-11,12:00:00,silverstone,kovalainen,lotus_racing,25,33,10,1.0,19.666666666666668,14.333333333333334,5.333333333333333
346,19.0,18.0,2010,2010-07-11,12:00:00,silverstone,glock,virgin,25,19,21,1.0,21.666666666666668,18.333333333333332,3.3333333333333335
346,23.0,19.0,2010,2010-07-11,12:00:00,silverstone,chandhok,hrt,25,12,8,4.0,23.666666666666668,18.666666666666668,5.0
346,24.0,20.0,2010,2010-07-11,12:00:00,silverstone,yamamoto,hrt,25,76,8,4.0,,,
347,2.0,1.0,2010,2010-07-25,12:00:00,hockenheimring,alonso,ferrari,6,3,5,1.0,3.3333333333333335,8.333333333333334,-5.0
347,3.0,2.0,2010,2010-07-25,12:00:00,hockenheimring,massa,ferrari,6,42,5,1.0,6.0,13.666666666666666,-7.666666666666667
347,1.0,3.0,2010,2010-07-25,12:00:00,hockenheimring,vettel,red_bull,6,73,17,-2.0,1.3333333333333333,4.0,-2.6666666666666665
347,6.0,4.0,2010,2010-07-25,12:00:00,hockenheimring,hamilton,mclaren,6,23,13,2.0,2.6666666666666665,1.6666666666666667,1.0
347,5.0,5.0,2010,2010-07-25,12:00:00,hockenheimring,button,mclaren,6,11,13,0.0,8.333333333333334,3.0,5.333333333333333
347,4.0,6.0,2010,2010-07-25,12:00:00,hockenheimring,webber,red_bull,6,74,17,-2.0,3.3333333333333335,3.0,0.3333333333333333
347,7.0,7.0,2010,2010-07-25,12:00:00,hockenheimring,kubica,renault,6,34,18,0.0,7.0,6.0,1.0
347,9.0,8.0,2010,2010-07-25,12:00:00,hockenheimring,rosberg,mercedes,6,60,14,1.0,9.0,6.333333333333333,2.6666666666666665
347,11.0,9.0,2010,2010-07-25,12:00:00,hockenheimring,michael_schumacher,mercedes,6,46,14,2.0,12.666666666666666,11.666666666666666,1.0
347,13.0,10.0,2010,2010-07-25,12:00:00,hockenheimring,petrov,renault,6,52,18,3.0,13.0,14.666666666666666,-1.6666666666666667
347,12.0,11.0,2010,2010-07-25,12:00:00,hockenheimring,kobayashi,sauber,6,32,19,1.0,13.333333333333334,7.666666666666667,5.666666666666667
347,8.0,12.0,2010,2010-07-25,12:00:00,hockenheimring,barrichello,williams,6,5,22,-4.0,9.333333333333334,7.666666666666667,1.6666666666666667
347,10.0,13.0,2010,2010-07-25,12:00:00,hockenheimring,hulkenberg,williams,6,26,22,-3.0,14.0,13.333333333333334,0.6666666666666666
347,14.0,14.0,2010,2010-07-25,12:00:00,hockenheimring,rosa,sauber,6,59,19,0.0,14.333333333333334,11.666666666666666,2.6666666666666665
347,15.0,15.0,2010,2010-07-25,12:00:00,hockenheimring,alguersuari,toro_rosso,6,2,20,0.0,16.333333333333332,12.333333333333334,4.0
347,21.0,16.0,2010,2010-07-25,12:00:00,hockenheimring,liuzzi,force_india,6,39,6,5.0,13.0,12.0,1.0
347,19.0,17.0,2010,2010-07-25,12:00:00,hockenheimring,sutil,force_india,6,68,6,2.0,11.0,8.0,3.0
347,23.0,18.0,2010,2010-07-25,12:00:00,hockenheimring,glock,virgin,6,19,21,5.0,20.666666666666668,18.333333333333332,2.3333333333333335
347,20.0,19.0,2010,2010-07-25,12:00:00,hockenheimring,bruno_senna,hrt,6,9,8,1.0,23.333333333333332,17.333333333333332,6.0
348,2.0,1.0,2010,2010-08-01,12:00:00,hungaroring,webber,red_bull,7,74,17,1.0,4.333333333333333,4.0,0.3333333333333333
348,3.0,2.0,2010,2010-08-01,12:00:00,hungaroring,alonso,ferrari,7,3,5,1.0,3.0,7.666666666666667,-4.666666666666667
348,1.0,3.0,2010,2010-08-01,12:00:00,hungaroring,vettel,red_bull,7,73,17,-2.0,1.0,3.6666666666666665,-2.6666666666666665
348,4.0,4.0,2010,2010-08-01,12:00:00,hungaroring,massa,ferrari,7,42,5,0.0,5.0,9.333333333333334,-4.333333333333333
348,7.0,5.0,2010,2010-08-01,12:00:00,hungaroring,petrov,renault,7,52,18,2.0,12.666666666666666,12.333333333333334,0.3333333333333333
348,10.0,6.0,2010,2010-08-01,12:00:00,hungaroring,hulkenberg,williams,7,26,22,4.0,11.666666666666666,12.0,-0.3333333333333333
348,9.0,7.0,2010,2010-08-01,12:00:00,hungaroring,rosa,sauber,7,59,19,2.0,14.333333333333334,12.333333333333334,2.0
348,11.0,8.0,2010,2010-08-01,12:00:00,hungaroring,button,mclaren,7,11,13,3.0,8.666666666666666,4.0,4.666666666666667
348,23.0,9.0,2010,2010-08-01,12:00:00,hungaroring,kobayashi,sauber,7,32,19,14.0,14.0,8.0,6.0
348,12.0,10.0,2010,2010-08-01,12:00:00,hungaroring,barrichello,williams,7,5,22,2.0,8.333333333333334,7.0,1.3333333333333333
348,14.0,11.0,2010,2010-08-01,12:00:00,hungaroring,michael_schumacher,mercedes,7,46,14,3.0,12.0,11.0,1.0
348,15.0,12.0,2010,2010-08-01,12:00:00,hungaroring,buemi,toro_rosso,7,10,20,3.0,14.0,9.666666666666666,4.333333333333333
348,16.0,13.0,2010,2010-08-01,12:00:00,hungaroring,liuzzi,force_india,7,39,6,3.0,18.333333333333332,14.333333333333334,4.0
348,19.0,14.0,2010,2010-08-01,12:00:00,hungaroring,kovalainen,lotus_racing,7,33,10,5.0,19.333333333333332,15.666666666666666,3.6666666666666665
348,20.0,15.0,2010,2010-08-01,12:00:00,hungaroring,trulli,lotus_racing,7,69,10,5.0,19.333333333333332,16.0,3.3333333333333335
348,18.0,16.0,2010,2010-08-01,12:00:00,hungaroring,glock,virgin,7,19,21,2.0,21.333333333333332,18.333333333333332,3.0
348,22.0,17.0,2010,2010-08-01,12:00:00,hungaroring,bruno_senna,hrt,7,9,8,5.0,22.333333333333332,18.333333333333332,4.0
348,21.0,18.0,2010,2010-08-01,12:00:00,hungaroring,grassi,virgin,7,20,21,3.0,22.333333333333332,18.333333333333332,4.0
348,24.0,19.0,2010,2010-08-01,12:00:00,hungaroring,yamamoto,hrt,7,76,8,5.0,,,
349,2.0,1.0,2010,2010-08-29,12:00:00,spa,hamilton,mclaren,27,23,13,1.0,4.333333333333333,2.6666666666666665,1.6666666666666667
349,1.0,2.0,2010,2010-08-29,12:00:00,spa,webber,red_bull,27,74,17,-1.0,2.6666666666666665,2.6666666666666665,0.0
349,3.0,3.0,2010,2010-08-29,12:00:00,spa,kubica,renault,27,34,18,0.0,7.0,6.333333333333333,0.6666666666666666
349,6.0,4.0,2010,2010-08-29,12:00:00,spa,massa,ferrari,27,42,5,2.0,4.666666666666667,7.0,-2.3333333333333335
349,8.0,5.0,2010,2010-08-29,12:00:00,spa,sutil,force_india,27,68,6,3.0,14.333333333333334,10.333333333333334,4.0
349,14.0,6.0,2010,2010-08-29,12:00:00,spa,rosberg,mercedes,27,60,14,8.0,8.666666666666666,7.0,1.6666666666666667
349,21.0,7.0,2010,2010-08-29,12:00:00,spa,michael_schumacher,mercedes,27,46,14,14.0,11.666666666666666,9.666666666666666,2.0
349,17.0,8.0,2010,2010-08-29,12:00:00,spa,kobayashi,sauber,27,32,19,9.0,15.666666666666666,8.666666666666666,7.0
349,23.0,9.0,2010,2010-08-29,12:00:00,spa,petrov,renault,27,52,18,14.0,11.666666666666666,9.333333333333334,2.3333333333333335
349,12.0,10.0,2010,2010-08-29,12:00:00,spa,liuzzi,force_india,27,39,6,2.0,19.0,13.333333333333334,5.666666666666667
349,24.0,11.0,2010,2010-08-29,12:00:00,spa,rosa,sauber,27,59,19,13.0,13.0,11.0,2.0
349,16.0,12.0,2010,2010-08-29,12:00:00,spa,buemi,toro_rosso,27,10,20,4.0,14.0,11.0,3.0
349,11.0,13.0,2010,2010-08-29,12:00:00,spa,alguersuari,toro_rosso,27,2,20,-2.0,16.0,13.333333333333334,2.6666666666666665
349,9.0,14.0,2010,2010-08-29,12:00:00,spa,hulkenberg,williams,27,26,22,-5.0,11.0,9.666666666666666,1.3333333333333333
349,4.0,15.0,2010,2010-08-29,12:00:00,spa,vettel,red_bull,27,73,17,-11.0,1.0,4.333333333333333,-3.3333333333333335
349,13.0,16.0,2010,2010-08-29,12:00:00,spa,kovalainen,lotus_racing,27,33,10,-3.0,18.666666666666668,15.666666666666666,3.0
349,22.0,17.0,2010,2010-08-29,12:00:00,spa,grassi,virgin,27,20,21,5.0,21.666666666666668,18.0,3.6666666666666665
349,20.0,18.0,2010,2010-08-29,12:00:00,spa,glock,virgin,27,19,21,2.0,20.0,17.333333333333332,2.6666666666666665
349,15.0,19.0,2010,2010-08-29,12:00:00,spa,trulli,lotus_racing,27,69,10,-4.0,20.0,15.333333333333334,4.666666666666667
349,19.0,20.0,2010,2010-08-29,12:00:00,spa,yamamoto,hrt,27,76,8,-1.0,,,
350,1.0,1.0,2010,2010-09-12,12:00:00,monza,alonso,ferrari,16,3,5,0.0,2.6666666666666665,5.666666666666667,-3.0
350,2.0,2.0,2010,2010-09-12,12:00:00,monza,button,mclaren,16,11,13,0.0,10.0,5.666666666666667,4.333333333333333
350,3.0,3.0,2010,2010-09-12,12:00:00,monza,massa,ferrari,16,42,5,0.0,4.333333333333333,3.3333333333333335,1.0
350,6.0,4.0,2010,2010-09-12,12:00:00,monza,vettel,red_bull,16,73,17,2.0,2.0,7.0,-5.0
350,7.0,5.0,2010,2010-09-12,12:00:00,monza,rosberg,mercedes,16,60,14,2.0,9.333333333333334,5.666666666666667,3.6666666666666665
350,4.0,6.0,2010,2010-09-12,12:00:00,monza,webber,red_bull,16,74,17,-2.0,2.3333333333333335,3.0,-0.6666666666666666
350,8.0,7.0,2010,2010-09-12,12:00:00,monza,hulkenberg,williams,16,26,22,1.0,9.666666666666666,11.0,-1.3333333333333333
350,9.0,8.0,2010,2010-09-12,12:00:00,monza,kubica,renault,16,34,18,1.0,5.333333333333333,5.0,0.3333333333333333
350,12.0,9.0,2010,2010-09-12,12:00:00,monza,michael_schumacher,mercedes,16,46,14,3.0,15.333333333333334,9.0,6.333333333333333
350,10.0,10.0,2010,2010-09-12,12:00:00,monza,barrichello,williams,16,5,22,0.0,9.333333333333334,9.0,0.3333333333333333
350,14.0,11.0,2010,2010-09-12,12:00:00,monza,buemi,toro_rosso,16,10,20,3.0,15.666666666666666,12.0,3.6666666666666665
350,19.0,12.0,2010,2010-09-12,12:00:00,monza,liuzzi,force_india,16,39,6,7.0,16.333333333333332,13.0,3.3333333333333335
350,20.0,13.0,2010,2010-09-12,12:00:00,monza,petrov,renault,16,52,18,7.0,14.333333333333334,8.0,6.333333333333333
350,16.0,14.0,2010,2010-09-12,12:00:00,monza,rosa,sauber,16,59,19,2.0,15.666666666666666,10.666666666666666,5.0
350,15.0,15.0,2010,2010-09-12,12:00:00,monza,alguersuari,toro_rosso,16,2,20,0.0,14.333333333333334,13.666666666666666,0.6666666666666666
350,11.0,16.0,2010,2010-09-12,12:00:00,monza,sutil,force_india,16,68,6,-5.0,12.666666666666666,10.0,2.6666666666666665
350,24.0,17.0,2010,2010-09-12,12:00:00,monza,glock,virgin,16,19,21,7.0,20.333333333333332,17.333333333333332,3.0
350,18.0,18.0,2010,2010-09-12,12:00:00,monza,kovalainen,lotus_racing,16,33,10,0.0,16.666666666666668,15.666666666666666,1.0
350,23.0,19.0,2010,2010-09-12,12:00:00,monza,yamamoto,hrt,16,76,8,4.0,22.333333333333332,19.666666666666668,2.6666666666666665
350,21.0,20.0,2010,2010-09-12,12:00:00,monza,grassi,virgin,16,20,21,1.0,21.333333333333332,17.333333333333332,4.0
351,1.0,1.0,2010,2010-09-26,12:00:00,marina_bay,alonso,ferrari,13,3,5,0.0,2.0,1.3333333333333333,0.6666666666666666
351,2.0,2.0,2010,2010-09-26,12:00:00,marina_bay,vettel,red_bull,13,73,17,0.0,3.6666666666666665,7.333333333333333,-3.6666666666666665
351,5.0,3.0,2010,2010-09-26,12:00:00,marina_bay,webber,red_bull,13,74,17,2.0,2.3333333333333335,3.0,-0.6666666666666666
351,4.0,4.0,2010,2010-09-26,12:00:00,marina_bay,button,mclaren,13,11,13,0.0,6.0,5.0,1.0
351,7.0,5.0,2010,2010-09-26,12:00:00,marina_bay,rosberg,mercedes,13,60,14,2.0,10.0,6.333333333333333,3.6666666666666665
351,6.0,6.0,2010,2010-09-26,12:00:00,marina_bay,barrichello,williams,13,5,22,0.0,10.0,10.666666666666666,-0.6666666666666666
351,8.0,7.0,2010,2010-09-26,12:00:00,marina_bay,kubica,renault,13,34,18,1.0,6.333333333333333,6.0,0.3333333333333333
351,24.0,8.0,2010,2010-09-26,12:00:00,marina_bay,massa,ferrari,13,42,5,16.0,4.333333333333333,3.6666666666666665,0.6666666666666666
351,15.0,9.0,2010,2010-09-26,12:00:00,marina_bay,sutil,force_india,13,68,6,6.0,12.666666666666666,12.666666666666666,0.0
351,17.0,10.0,2010,2010-09-26,12:00:00,marina_bay,hulkenberg,williams,13,26,22,7.0,9.0,9.0,0.0
351,12.0,11.0,2010,2010-09-26,12:00:00,marina_bay,petrov,renault,13,52,18,1.0,16.666666666666668,9.0,7.666666666666667
351,11.0,12.0,2010,2010-09-26,12:00:00,marina_bay,alguersuari,toro_rosso,13,2,20,-1.0,13.666666666666666,14.333333333333334,-0.6666666666666666
351,9.0,13.0,2010,2010-09-26,12:00:00,marina_bay,michael_schumacher,mercedes,13,46,14,-4.0,15.666666666666666,9.0,6.666666666666667
351,13.0,14.0,2010,2010-09-26,12:00:00,marina_bay,buemi,toro_rosso,13,10,20,-1.0,15.0,11.666666666666666,3.3333333333333335
351,20.0,15.0,2010,2010-09-26,12:00:00,marina_bay,grassi,virgin,13,20,21,5.0,21.333333333333332,18.333333333333332,3.0
351,19.0,16.0,2010,2010-09-26,12:00:00,marina_bay,kovalainen,lotus_racing,13,33,10,3.0,16.666666666666668,16.0,0.6666666666666666
352,1.0,1.0,2010,2010-10-10,06:00:00,suzuka,vettel,red_bull,28,73,17,0.0,4.0,7.0,-3.0
352,2.0,2.0,2010,2010-10-10,06:00:00,suzuka,webber,red_bull,28,74,17,0.0,3.3333333333333335,3.6666666666666665,-0.3333333333333333
352,4.0,3.0,2010,2010-10-10,06:00:00,suzuka,alonso,ferrari,28,3,5,1.0,1.6666666666666667,1.3333333333333333,0.3333333333333333
352,5.0,4.0,2010,2010-10-10,06:00:00,suzuka,button,mclaren,28,11,13,1.0,5.666666666666667,4.666666666666667,1.0
352,8.0,5.0,2010,2010-10-10,06:00:00,suzuka,hamilton,mclaren,28,23,13,3.0,4.0,2.3333333333333335,1.6666666666666667
352,10.0,6.0,2010,2010-10-10,06:00:00,suzuka,michael_schumacher,mercedes,28,46,14,4.0,14.0,9.666666666666666,4.333333333333333
352,14.0,7.0,2010,2010-10-10,06:00:00,suzuka,kobayashi,sauber,28,32,19,7.0,17.333333333333332,9.333333333333334,8.0
352,11.0,8.0,2010,2010-10-10,06:00:00,suzuka,heidfeld,sauber,28,25,19,3.0,,,
352,7.0,9.0,2010,2010-10-10,06:00:00,suzuka,barrichello,williams,28,5,22,-2.0,9.333333333333334,8.666666666666666,0.6666666666666666
352,18.0,10.0,2010,2010-10-10,06:00:00,suzuka,buemi,toro_rosso,28,10,20,8.0,14.333333333333334,12.333333333333334,2.0
352,16.0,11.0,2010,2010-10-10,06:00:00,suzuka,alguersuari,toro_rosso,28,2,20,5.0,12.333333333333334,13.333333333333334,-1.0
352,20.0,12.0,2010,2010-10-10,06:00:00,suzuka,kovalainen,lotus_racing,28,33,10,8.0,16.666666666666668,16.666666666666668,0.0
352,19.0,13.0,2010,2010-10-10,06:00:00,suzuka,trulli,lotus_racing,28,69,10,6.0,18.666666666666668,16.666666666666668,2.0
352,22.0,14.0,2010,2010-10-10,06:00:00,suzuka,glock,virgin,28,19,21,8.0,20.666666666666668,17.0,3.6666666666666665
352,23.0,15.0,2010,2010-10-10,06:00:00,suzuka,bruno_senna,hrt,28,9,8,8.0,22.0,18.666666666666668,3.3333333333333335
352,24.0,16.0,2010,2010-10-10,06:00:00,suzuka,yamamoto,hrt,28,76,8,8.0,22.0,19.333333333333332,2.6666666666666665
353,3.0,1.0,2010,2010-10-24,05:00:00,yeongam,alonso,ferrari,33,3,5,2.0,2.0,1.6666666666666667,0.3333333333333333
353,4.0,2.0,2010,2010-10-24,05:00:00,yeongam,hamilton,mclaren,33,23,13,2.0,5.333333333333333,3.3333333333333335,2.0
353,6.0,3.0,2010,2010-10-24,05:00:00,yeongam,massa,ferrari,33,42,5,3.0,11.0,5.0,6.0
353,9.0,4.0,2010,2010-10-24,05:00:00,yeongam,michael_schumacher,mercedes,33,46,14,5.0,10.333333333333334,9.333333333333334,1.0
353,8.0,5.0,2010,2010-10-24,05:00:00,yeongam,kubica,renault,33,34,18,3.0,6.666666666666667,6.0,0.6666666666666666
353,17.0,6.0,2010,2010-10-24,05:00:00,yeongam,liuzzi,force_india,33,39,6,11.0,15.666666666666666,11.666666666666666,4.0
353,10.0,7.0,2010,2010-10-24,05:00:00,yeongam,barrichello,williams,33,5,22,3.0,7.666666666666667,8.333333333333334,-0.6666666666666666
353,12.0,8.0,2010,2010-10-24,05:00:00,yeongam,kobayashi,sauber,33,32,19,4.0,18.0,8.0,10.0
353,13.0,9.0,2010,2010-10-24,05:00:00,yeongam,heidfeld,sauber,33,25,19,4.0,,,
353,11.0,10.0,2010,2010-10-24,05:00:00,yeongam,hulkenberg,williams,33,26,22,1.0,11.333333333333334,10.333333333333334,1.0
353,15.0,11.0,2010,2010-10-24,05:00:00,yeongam,alguersuari,toro_rosso,33,2,20,4.0,14.0,12.666666666666666,1.3333333333333333
353,7.0,12.0,2010,2010-10-24,05:00:00,yeongam,button,mclaren,33,11,13,-5.0,3.6666666666666665,3.3333333333333335,0.3333333333333333
353,21.0,13.0,2010,2010-10-24,05:00:00,yeongam,kovalainen,lotus_racing,33,33,10,8.0,19.0,15.333333333333334,3.6666666666666665
353,24.0,14.0,2010,2010-10-24,05:00:00,yeongam,bruno_senna,hrt,33,9,8,10.0,21.666666666666668,17.0,4.666666666666667
353,23.0,15.0,2010,2010-10-24,05:00:00,yeongam,yamamoto,hrt,33,76,8,8.0,22.0,18.333333333333332,3.6666666666666665
354,2.0,1.0,2010,2010-11-07,16:00:00,interlagos,vettel,red_bull,9,73,17,1.0,3.0,2.3333333333333335,0.6666666666666666
354,3.0,2.0,2010,2010-11-07,16:00:00,interlagos,webber,red_bull,9,74,17,1.0,3.6666666666666665,3.6666666666666665,0.0
354,5.0,3.0,2010,2010-11-07,16:00:00,interlagos,alonso,ferrari,9,3,5,2.0,2.6666666666666665,1.6666666666666667,1.0
354,4.0,4.0,2010,2010-11-07,16:00:00,interlagos,hamilton,mclaren,9,23,13,0.0,4.666666666666667,2.6666666666666665,2.0
354,11.0,5.0,2010,2010-11-07,16:00:00,interlagos,button,mclaren,9,11,13,6.0,5.333333333333333,6.666666666666667,-1.3333333333333333
354,13.0,6.0,2010,2010-11-07,16:00:00,interlagos,rosberg,mercedes,9,60,14,7.0,9.333333333333334,5.333333333333333,4.0
354,8.0,7.0,2010,2010-11-07,16:00:00,interlagos,michael_schumacher,mercedes,9,46,14,1.0,9.333333333333334,7.666666666666667,1.6666666666666667
354,1.0,8.0,2010,2010-11-07,16:00:00,interlagos,hulkenberg,williams,9,26,22,-7.0,12.0,9.0,3.0
354,7.0,9.0,2010,2010-11-07,16:00:00,interlagos,kubica,renault,9,34,18,-2.0,8.333333333333334,6.666666666666667,1.6666666666666667
354,12.0,10.0,2010,2010-11-07,16:00:00,interlagos,kobayashi,sauber,9,32,19,2.0,14.333333333333334,7.666666666666667,6.666666666666667
354,14.0,11.0,2010,2010-11-07,16:00:00,interlagos,alguersuari,toro_rosso,9,2,20,3.0,14.0,11.333333333333334,2.6666666666666665
354,22.0,12.0,2010,2010-11-07,16:00:00,interlagos,sutil,force_india,9,68,6,10.0,11.333333333333334,10.0,1.3333333333333333
354,19.0,13.0,2010,2010-11-07,16:00:00,interlagos,buemi,toro_rosso,9,10,20,6.0,15.0,11.666666666666666,3.3333333333333335
354,6.0,14.0,2010,2010-11-07,16:00:00,interlagos,barrichello,williams,9,5,22,-8.0,7.666666666666667,7.333333333333333,0.3333333333333333
354,9.0,15.0,2010,2010-11-07,16:00:00,interlagos,massa,ferrari,9,42,5,-6.0,11.0,4.666666666666667,6.333333333333333
354,10.0,16.0,2010,2010-11-07,16:00:00,interlagos,petrov,renault,9,52,18,-6.0,18.333333333333332,11.0,7.333333333333333
354,15.0,17.0,2010,2010-11-07,16:00:00,interlagos,heidfeld,sauber,9,25,19,-2.0,,,
354,20.0,18.0,2010,2010-11-07,16:00:00,interlagos,kovalainen,lotus_racing,9,33,10,2.0,20.0,13.666666666666666,6.333333333333333
354,18.0,19.0,2010,2010-11-07,16:00:00,interlagos,trulli,lotus_racing,9,69,10,-1.0,18.0,15.666666666666666,2.3333333333333335
354,17.0,20.0,2010,2010-11-07,16:00:00,interlagos,glock,virgin,9,19,21,-3.0,22.0,16.333333333333332,5.666666666666667
355,1.0,1.0,2010,2010-11-14,13:00:00,yas_marina,vettel,red_bull,32,73,17,0.0,1.6666666666666667,1.3333333333333333,0.3333333333333333
355,2.0,2.0,2010,2010-11-14,13:00:00,yas_marina,hamilton,mclaren,32,23,13,0.0,5.333333333333333,3.6666666666666665,1.6666666666666667
355,4.0,3.0,2010,2010-11-14,13:00:00,yas_marina,button,mclaren,32,11,13,1.0,7.666666666666667,7.0,0.6666666666666666
355,9.0,4.0,2010,2010-11-14,13:00:00,yas_marina,rosberg,mercedes,32,60,14,5.0,9.0,5.333333333333333,3.6666666666666665
355,11.0,5.0,2010,2010-11-14,13:00:00,yas_marina,kubica,renault,32,34,18,6.0,7.666666666666667,7.0,0.6666666666666666
355,10.0,6.0,2010,2010-11-14,13:00:00,yas_marina,petrov,renault,32,52,18,4.0,14.0,13.333333333333334,0.6666666666666666
355,3.0,7.0,2010,2010-11-14,13:00:00,yas_marina,alonso,ferrari,32,3,5,-4.0,4.0,2.3333333333333335,1.6666666666666667
355,5.0,8.0,2010,2010-11-14,13:00:00,yas_marina,webber,red_bull,32,74,17,-3.0,3.3333333333333335,2.3333333333333335,1.0
355,17.0,9.0,2010,2010-11-14,13:00:00,yas_marina,alguersuari,toro_rosso,32,2,20,8.0,15.0,11.0,4.0
355,6.0,10.0,2010,2010-11-14,13:00:00,yas_marina,massa,ferrari,32,42,5,-4.0,13.0,8.666666666666666,4.333333333333333
355,14.0,11.0,2010,2010-11-14,13:00:00,yas_marina,heidfeld,sauber,32,25,19,3.0,13.0,11.333333333333334,1.6666666666666667
355,7.0,12.0,2010,2010-11-14,13:00:00,yas_marina,barrichello,williams,32,5,22,-5.0,7.666666666666667,10.0,-2.3333333333333335
355,13.0,13.0,2010,2010-11-14,13:00:00,yas_marina,sutil,force_india,32,68,6,0.0,16.0,12.333333333333334,3.6666666666666665
355,12.0,14.0,2010,2010-11-14,13:00:00,yas_marina,kobayashi,sauber,32,32,19,-2.0,12.666666666666666,8.333333333333334,4.333333333333333
355,18.0,15.0,2010,2010-11-14,13:00:00,yas_marina,buemi,toro_rosso,32,10,20,3.0,16.666666666666668,12.333333333333334,4.333333333333333
355,15.0,16.0,2010,2010-11-14,13:00:00,yas_marina,hulkenberg,williams,32,26,22,-1.0,9.666666666666666,9.333333333333334,0.3333333333333333
355,20.0,17.0,2010,2010-11-14,13:00:00,yas_marina,kovalainen,lotus_racing,32,33,10,3.0,20.333333333333332,14.333333333333334,6.0
355,22.0,18.0,2010,2010-11-14,13:00:00,yas_marina,grassi,virgin,32,20,21,4.0,21.0,17.333333333333332,3.6666666666666665
355,23.0,19.0,2010,2010-11-14,13:00:00,yas_marina,bruno_senna,hrt,32,9,8,4.0,23.0,15.333333333333334,7.666666666666667
355,24.0,20.0,2010,2010-11-14,13:00:00,yas_marina,klien,hrt,32,31,8,4.0,,,
841,1.0,1.0,2011,2011-03-27,06:00:00,albert_park,vettel,red_bull,0,73,17,0.0,1.3333333333333333,1.0,0.3333333333333333
841,2.0,2.0,2011,2011-03-27,06:00:00,albert_park,hamilton,mclaren,0,23,13,0.0,3.3333333333333335,2.6666666666666665,0.6666666666666666
841,6.0,3.0,2011,2011-03-27,06:00:00,albert_park,petrov,renault,0,52,18,3.0,10.666666666666666,11.0,-0.3333333333333333
841,5.0,4.0,2011,2011-03-27,06:00:00,albert_park,alonso,ferrari,0,3,5,1.0,3.6666666666666665,3.6666666666666665,0.0
841,3.0,5.0,2011,2011-03-27,06:00:00,albert_park,webber,red_bull,0,74,17,-2.0,3.3333333333333335,4.0,-0.6666666666666666
841,4.0,6.0,2011,2011-03-27,06:00:00,albert_park,button,mclaren,0,11,13,-2.0,7.333333333333333,6.666666666666667,0.6666666666666666
841,8.0,7.0,2011,2011-03-27,06:00:00,albert_park,massa,ferrari,0,42,5,1.0,7.0,9.333333333333334,-2.3333333333333335
841,10.0,8.0,2011,2011-03-27,06:00:00,albert_park,buemi,toro_rosso,0,10,20,2.0,18.333333333333332,12.666666666666666,5.666666666666667
841,16.0,9.0,2011,2011-03-27,06:00:00,albert_park,sutil,force_india,0,68,6,7.0,16.666666666666668,11.333333333333334,5.333333333333333
841,14.0,10.0,2011,2011-03-27,06:00:00,albert_park,resta,force_india,0,57,6,4.0,,,
841,12.0,11.0,2011,2011-03-27,06:00:00,albert_park,alguersuari,toro_rosso,0,2,20,1.0,15.333333333333334,10.333333333333334,5.0
841,18.0,12.0,2011,2011-03-27,06:00:00,albert_park,heidfeld,renault,0,25,18,6.0,14.0,12.333333333333334,1.6666666666666667
841,20.0,13.0,2011,2011-03-27,06:00:00,albert_park,trulli,lotus_racing,0,69,10,7.0,17.333333333333332,17.0,0.3333333333333333
841,22.0,14.0,2011,2011-03-27,06:00:00,albert_park,ambrosio,virgin,0,4,21,8.0,,,
842,1.0,1.0,2011,2011-04-10,08:00:00,sepang,vettel,red_bull,23,73,17,0.0,1.3333333333333333,1.0,0.3333333333333333
842,4.0,2.0,2011,2011-04-10,08:00:00,sepang,button,mclaren,23,11,13,2.0,6.333333333333333,4.666666666666667,1.6666666666666667
842,6.0,3.0,2011,2011-04-10,08:00:00,sepang,heidfeld,renault,23,25,18,3.0,15.666666666666666,13.333333333333334,2.3333333333333335
842,3.0,4.0,2011,2011-04-10,08:00:00,sepang,webber,red_bull,23,74,17,-1.0,3.6666666666666665,5.0,-1.3333333333333333
842,7.0,5.0,2011,2011-04-10,08:00:00,sepang,massa,ferrari,23,42,5,2.0,7.666666666666667,10.666666666666666,-3.0
842,5.0,6.0,2011,2011-04-10,08:00:00,sepang,alonso,ferrari,23,3,5,-1.0,4.333333333333333,4.666666666666667,-0.3333333333333333
842,10.0,7.0,2011,2011-04-10,08:00:00,sepang,kobayashi,sauber,23,32,19,3.0,12.0,10.666666666666666,1.3333333333333333
842,2.0,8.0,2011,2011-04-10,08:00:00,sepang,hamilton,mclaren,23,23,13,-6.0,2.6666666666666665,2.6666666666666665,0.0
842,11.0,9.0,2011,2011-04-10,08:00:00,sepang,michael_schumacher,mercedes,23,46,14,2.0,9.0,5.666666666666667,3.3333333333333335
842,14.0,10.0,2011,2011-04-10,08:00:00,sepang,resta,force_india,23,57,6,4.0,,,
842,17.0,11.0,2011,2011-04-10,08:00:00,sepang,sutil,force_india,23,68,6,6.0,17.0,11.333333333333334,5.666666666666667
842,9.0,12.0,2011,2011-04-10,08:00:00,sepang,rosberg,mercedes,23,60,14,-3.0,9.666666666666666,5.0,4.666666666666667
842,12.0,13.0,2011,2011-04-10,08:00:00,sepang,buemi,toro_rosso,23,10,20,-1.0,15.666666666666666,12.0,3.6666666666666665
842,13.0,14.0,2011,2011-04-10,08:00:00,sepang,alguersuari,toro_rosso,23,2,20,-1.0,14.333333333333334,10.333333333333334,4.0
842,19.0,15.0,2011,2011-04-10,08:00:00,sepang,kovalainen,lotus_racing,23,33,10,4.0,20.333333333333332,16.0,4.333333333333333
842,21.0,16.0,2011,2011-04-10,08:00:00,sepang,glock,virgin,23,19,21,5.0,21.0,17.0,4.0
842,8.0,17.0,2011,2011-04-10,08:00:00,sepang,petrov,renault,23,52,18,-9.0,8.666666666666666,8.333333333333334,0.3333333333333333
843,3.0,1.0,2011,2011-04-17,07:00:00,shanghai,hamilton,mclaren,24,23,13,2.0,2.0,4.0,-2.0
843,1.0,2.0,2011,2011-04-17,07:00:00,shanghai,vettel,red_bull,24,73,17,-1.0,1.0,1.0,0.0
843,18.0,3.0,2011,2011-04-17,07:00:00,shanghai,webber,red_bull,24,74,17,15.0,3.6666666666666665,5.666666666666667,-2.0
843,2.0,4.0,2011,2011-04-17,07:00:00,shanghai,button,mclaren,24,11,13,-2.0,4.0,3.6666666666666665,0.3333333333333333
843,4.0,5.0,2011,2011-04-17,07:00:00,shanghai,rosberg,mercedes,24,60,14,-1.0,10.333333333333334,7.333333333333333,3.0
843,6.0,6.0,2011,2011-04-17,07:00:00,shanghai,massa,ferrari,24,42,5,0.0,7.0,7.333333333333333,-0.3333333333333333
843,5.0,7.0,2011,2011-04-17,07:00:00,shanghai,alonso,ferrari,24,3,5,-2.0,4.333333333333333,5.666666666666667,-1.3333333333333333
843,14.0,8.0,2011,2011-04-17,07:00:00,shanghai,michael_schumacher,mercedes,24,46,14,6.0,9.333333333333334,6.666666666666667,2.6666666666666665
843,10.0,9.0,2011,2011-04-17,07:00:00,shanghai,petrov,renault,24,52,18,1.0,8.0,8.666666666666666,-0.6666666666666666
843,13.0,10.0,2011,2011-04-17,07:00:00,shanghai,kobayashi,sauber,24,32,19,3.0,11.333333333333334,10.333333333333334,1.0
843,8.0,11.0,2011,2011-04-17,07:00:00,shanghai,resta,force_india,24,57,6,-3.0,,,
843,16.0,12.0,2011,2011-04-17,07:00:00,shanghai,heidfeld,renault,24,25,18,4.0,12.666666666666666,8.666666666666666,4.0
843,15.0,13.0,2011,2011-04-17,07:00:00,shanghai,barrichello,williams,24,5,22,2.0,7.666666666666667,11.0,-3.3333333333333335
843,9.0,14.0,2011,2011-04-17,07:00:00,shanghai,buemi,toro_rosso,24,10,20,-5.0,13.333333333333334,12.0,1.3333333333333333
843,11.0,15.0,2011,2011-04-17,07:00:00,shanghai,sutil,force_india,24,68,6,-4.0,15.333333333333334,11.0,4.333333333333333
843,19.0,16.0,2011,2011-04-17,07:00:00,shanghai,kovalainen,lotus_racing,24,33,10,3.0,19.666666666666668,16.666666666666668,3.0
843,12.0,17.0,2011,2011-04-17,07:00:00,shanghai,perez,sauber,24,51,19,-5.0,,,
843,17.0,18.0,2011,2011-04-17,07:00:00,shanghai,maldonado,williams,24,41,22,-1.0,,,
843,20.0,19.0,2011,2011-04-17,07:00:00,shanghai,trulli,lotus_racing,24,69,10,1.0,19.0,15.0,4.0
843,21.0,20.0,2011,2011-04-17,07:00:00,shanghai,ambrosio,virgin,24,4,21,1.0,,,
844,1.0,1.0,2011,2011-05-08,12:00:00,istanbul,vettel,red_bull,10,73,17,0.0,1.0,1.3333333333333333,-0.3333333333333333
844,2.0,2.0,2011,2011-05-08,12:00:00,istanbul,webber,red_bull,10,74,17,0.0,8.0,4.0,4.0
844,5.0,3.0,2011,2011-05-08,12:00:00,istanbul,alonso,ferrari,10,3,5,2.0,5.0,5.666666666666667,-0.6666666666666666
844,4.0,4.0,2011,2011-05-08,12:00:00,istanbul,hamilton,mclaren,10,23,13,0.0,2.3333333333333335,3.6666666666666665,-1.3333333333333333
844,3.0,5.0,2011,2011-05-08,12:00:00,istanbul,rosberg,mercedes,10,60,14,-2.0,7.333333333333333,7.0,0.3333333333333333
844,6.0,6.0,2011,2011-05-08,12:00:00,istanbul,button,mclaren,10,11,13,0.0,3.3333333333333335,4.0,-0.6666666666666666
844,9.0,7.0,2011,2011-05-08,12:00:00,istanbul,heidfeld,renault,10,25,18,2.0,13.333333333333334,9.0,4.333333333333333
844,7.0,8.0,2011,2011-05-08,12:00:00,istanbul,petrov,renault,10,52,18,-1.0,8.0,9.666666666666666,-1.6666666666666667
844,16.0,9.0,2011,2011-05-08,12:00:00,istanbul,buemi,toro_rosso,10,10,20,7.0,10.333333333333334,11.666666666666666,-1.3333333333333333
844,24.0,10.0,2011,2011-05-08,12:00:00,istanbul,kobayashi,sauber,10,32,19,14.0,11.666666666666666,10.333333333333334,1.3333333333333333
844,10.0,11.0,2011,2011-05-08,12:00:00,istanbul,massa,ferrari,10,42,5,-1.0,7.0,6.0,1.0
844,8.0,12.0,2011,2011-05-08,12:00:00,istanbul,michael_schumacher,mercedes,10,46,14,-4.0,11.0,8.0,3.0
844,12.0,13.0,2011,2011-05-08,12:00:00,istanbul,sutil,force_india,10,68,6,-1.0,14.666666666666666,11.666666666666666,3.0
844,15.0,14.0,2011,2011-05-08,12:00:00,istanbul,perez,sauber,10,51,19,1.0,,,
844,11.0,15.0,2011,2011-05-08,12:00:00,istanbul,barrichello,williams,10,5,22,-4.0,9.333333333333334,13.0,-3.6666666666666665
844,17.0,16.0,2011,2011-05-08,12:00:00,istanbul,alguersuari,toro_rosso,10,2,20,1.0,14.0,11.333333333333334,2.6666666666666665
844,14.0,17.0,2011,2011-05-08,12:00:00,istanbul,maldonado,williams,10,41,22,-3.0,,,
844,19.0,18.0,2011,2011-05-08,12:00:00,istanbul,trulli,lotus_racing,10,69,10,1.0,19.333333333333332,17.0,2.3333333333333335
844,18.0,19.0,2011,2011-05-08,12:00:00,istanbul,kovalainen,lotus_racing,10,33,10,-1.0,19.333333333333332,16.0,3.3333333333333335
844,23.0,20.0,2011,2011-05-08,12:00:00,istanbul,ambrosio,virgin,10,4,21,3.0,,,
845,2.0,1.0,2011,2011-05-22,12:00:00,catalunya,vettel,red_bull,5,73,17,1.0,1.0,1.3333333333333333,-0.3333333333333333
845,3.0,2.0,2011,2011-05-22,12:00:00,catalunya,hamilton,mclaren,5,23,13,1.0,3.0,4.333333333333333,-1.3333333333333333
845,5.0,3.0,2011,2011-05-22,12:00:00,catalunya,button,mclaren,5,11,13,2.0,4.0,4.0,0.0
845,1.0,4.0,2011,2011-05-22,12:00:00,catalunya,webber,red_bull,5,74,17,-3.0,7.666666666666667,3.0,4.666666666666667
845,4.0,5.0,2011,2011-05-22,12:00:00,catalunya,alonso,ferrari,5,3,5,-1.0,5.0,5.333333333333333,-0.3333333333333333
845,10.0,6.0,2011,2011-05-22,12:00:00,catalunya,michael_schumacher,mercedes,5,46,14,4.0,11.0,9.666666666666666,1.3333333333333333
845,7.0,7.0,2011,2011-05-22,12:00:00,catalunya,rosberg,mercedes,5,60,14,0.0,5.333333333333333,7.333333333333333,-2.0
845,24.0,8.0,2011,2011-05-22,12:00:00,catalunya,heidfeld,renault,5,25,18,16.0,10.333333333333334,7.333333333333333,3.0
845,12.0,9.0,2011,2011-05-22,12:00:00,catalunya,perez,sauber,5,51,19,3.0,,,
845,14.0,10.0,2011,2011-05-22,12:00:00,catalunya,kobayashi,sauber,5,32,19,4.0,15.666666666666666,9.0,6.666666666666667
845,6.0,11.0,2011,2011-05-22,12:00:00,catalunya,petrov,renault,5,52,18,-5.0,8.333333333333334,11.333333333333334,-3.0
845,16.0,12.0,2011,2011-05-22,12:00:00,catalunya,resta,force_india,5,57,6,4.0,12.0,10.333333333333334,1.6666666666666667
845,17.0,13.0,2011,2011-05-22,12:00:00,catalunya,sutil,force_india,5,68,6,4.0,13.333333333333334,13.0,0.3333333333333333
845,11.0,14.0,2011,2011-05-22,12:00:00,catalunya,buemi,toro_rosso,5,10,20,-3.0,12.333333333333334,12.0,0.3333333333333333
845,9.0,15.0,2011,2011-05-22,12:00:00,catalunya,maldonado,williams,5,41,22,-6.0,,,
845,13.0,16.0,2011,2011-05-22,12:00:00,catalunya,alguersuari,toro_rosso,5,2,20,-3.0,14.0,13.666666666666666,0.3333333333333333
845,19.0,17.0,2011,2011-05-22,12:00:00,catalunya,barrichello,williams,5,5,22,2.0,11.0,13.333333333333334,-2.3333333333333335
845,18.0,18.0,2011,2011-05-22,12:00:00,catalunya,trulli,lotus_racing,5,69,10,0.0,19.666666666666668,16.666666666666668,3.0
845,20.0,19.0,2011,2011-05-22,12:00:00,catalunya,glock,virgin,5,19,21,1.0,20.0,16.666666666666668,3.3333333333333335
845,23.0,20.0,2011,2011-05-22,12:00:00,catalunya,ambrosio,virgin,5,4,21,3.0,22.0,18.0,4.0
846,1.0,1.0,2011,2011-05-29,12:00:00,monaco,vettel,red_bull,15,73,17,0.0,1.3333333333333333,1.3333333333333333,0.0
846,4.0,2.0,2011,2011-05-29,12:00:00,monaco,alonso,ferrari,15,3,5,2.0,4.666666666666667,5.0,-0.3333333333333333
846,2.0,3.0,2011,2011-05-29,12:00:00,monaco,button,mclaren,15,11,13,-1.0,4.333333333333333,4.333333333333333,0.0
846,3.0,4.0,2011,2011-05-29,12:00:00,monaco,webber,red_bull,15,74,17,-1.0,7.0,3.0,4.0
846,12.0,5.0,2011,2011-05-29,12:00:00,monaco,kobayashi,sauber,15,32,19,7.0,17.0,10.0,7.0
846,9.0,6.0,2011,2011-05-29,12:00:00,monaco,hamilton,mclaren,15,23,13,3.0,3.3333333333333335,2.3333333333333335,1.0
846,14.0,7.0,2011,2011-05-29,12:00:00,monaco,sutil,force_india,15,68,6,7.0,13.333333333333334,13.666666666666666,-0.3333333333333333
846,15.0,8.0,2011,2011-05-29,12:00:00,monaco,heidfeld,renault,15,25,18,7.0,16.333333333333332,9.0,7.333333333333333
846,11.0,9.0,2011,2011-05-29,12:00:00,monaco,barrichello,williams,15,5,22,2.0,15.0,15.0,0.0
846,16.0,10.0,2011,2011-05-29,12:00:00,monaco,buemi,toro_rosso,15,10,20,6.0,12.0,12.333333333333334,-0.3333333333333333
846,7.0,11.0,2011,2011-05-29,12:00:00,monaco,rosberg,mercedes,15,60,14,-4.0,4.666666666666667,5.666666666666667,-1.0
846,13.0,12.0,2011,2011-05-29,12:00:00,monaco,resta,force_india,15,57,6,1.0,12.666666666666666,11.0,1.6666666666666667
846,18.0,13.0,2011,2011-05-29,12:00:00,monaco,trulli,lotus_racing,15,69,10,5.0,19.0,18.333333333333332,0.6666666666666666
846,17.0,14.0,2011,2011-05-29,12:00:00,monaco,kovalainen,lotus_racing,15,33,10,3.0,18.666666666666668,16.666666666666668,2.0
846,21.0,15.0,2011,2011-05-29,12:00:00,monaco,ambrosio,virgin,15,4,21,6.0,22.333333333333332,20.0,2.3333333333333335
846,23.0,16.0,2011,2011-05-29,12:00:00,monaco,liuzzi,hrt,15,39,8,7.0,16.0,9.333333333333334,6.666666666666667
846,22.0,17.0,2011,2011-05-29,12:00:00,monaco,karthikeyan,hrt,15,29,8,5.0,,,
846,8.0,18.0,2011,2011-05-29,12:00:00,monaco,maldonado,williams,15,41,22,-10.0,13.333333333333334,16.666666666666668,-3.3333333333333335
847,7.0,1.0,2011,2011-06-12,17:00:00,villeneuve,button,mclaren,31,11,13,6.0,4.333333333333333,4.0,0.3333333333333333
847,1.0,2.0,2011,2011-06-12,17:00:00,villeneuve,vettel,red_bull,31,73,17,-1.0,1.3333333333333333,1.0,0.3333333333333333
847,4.0,3.0,2011,2011-06-12,17:00:00,villeneuve,webber,red_bull,31,74,17,1.0,2.0,3.3333333333333335,-1.3333333333333333
847,8.0,4.0,2011,2011-06-12,17:00:00,villeneuve,michael_schumacher,mercedes,31,46,14,4.0,10.666666666666666,8.666666666666666,2.0
847,10.0,5.0,2011,2011-06-12,17:00:00,villeneuve,petrov,renault,31,52,18,5.0,7.666666666666667,9.333333333333334,-1.6666666666666667
847,3.0,6.0,2011,2011-06-12,17:00:00,villeneuve,massa,ferrari,31,42,5,-3.0,7.666666666666667,7.333333333333333,0.3333333333333333
847,13.0,7.0,2011,2011-06-12,17:00:00,villeneuve,kobayashi,sauber,31,32,19,6.0,16.666666666666668,8.333333333333334,8.333333333333334
847,24.0,8.0,2011,2011-06-12,17:00:00,villeneuve,alguersuari,toro_rosso,31,2,20,16.0,14.333333333333334,15.333333333333334,-1.0
847,16.0,9.0,2011,2011-06-12,17:00:00,villeneuve,barrichello,williams,31,5,22,7.0,13.666666666666666,13.666666666666666,0.0
847,15.0,10.0,2011,2011-06-12,17:00:00,villeneuve,buemi,toro_rosso,31,10,20,5.0,14.333333333333334,11.0,3.3333333333333335
847,6.0,11.0,2011,2011-06-12,17:00:00,villeneuve,rosberg,mercedes,31,60,14,-5.0,5.666666666666667,7.666666666666667,-2.0
847,17.0,12.0,2011,2011-06-12,17:00:00,villeneuve,rosa,sauber,31,59,19,5.0,16.333333333333332,10.666666666666666,5.666666666666667
847,20.0,13.0,2011,2011-06-12,17:00:00,villeneuve,liuzzi,hrt,31,39,8,7.0,19.666666666666668,11.333333333333334,8.333333333333334
847,22.0,14.0,2011,2011-06-12,17:00:00,villeneuve,karthikeyan,hrt,31,29,8,8.0,,,
847,23.0,15.0,2011,2011-06-12,17:00:00,villeneuve,ambrosio,virgin,31,4,21,8.0,22.333333333333332,18.333333333333332,4.0
847,21.0,16.0,2011,2011-06-12,17:00:00,villeneuve,glock,virgin,31,19,21,5.0,19.333333333333332,18.333333333333332,1.0
847,18.0,17.0,2011,2011-06-12,17:00:00,villeneuve,trulli,lotus_racing,31,69,10,1.0,18.333333333333332,16.333333333333332,2.0
847,11.0,18.0,2011,2011-06-12,17:00:00,villeneuve,resta,force_india,31,57,6,-7.0,12.333333333333334,11.666666666666666,0.6666666666666666
848,1.0,1.0,2011,2011-06-26,12:00:00,valencia,vettel,red_bull,29,73,17,0.0,1.3333333333333333,1.3333333333333333,0.0
848,4.0,2.0,2011,2011-06-26,12:00:00,valencia,alonso,ferrari,29,3,5,2.0,4.333333333333333,3.3333333333333335,1.0
848,2.0,3.0,2011,2011-06-26,12:00:00,valencia,webber,red_bull,29,74,17,-1.0,2.6666666666666665,3.6666666666666665,-1.0
848,3.0,4.0,2011,2011-06-26,12:00:00,valencia,hamilton,mclaren,29,23,13,-1.0,5.333333333333333,4.0,1.3333333333333333
848,5.0,5.0,2011,2011-06-26,12:00:00,valencia,massa,ferrari,29,42,5,0.0,6.333333333333333,7.666666666666667,-1.3333333333333333
848,6.0,6.0,2011,2011-06-26,12:00:00,valencia,button,mclaren,29,11,13,0.0,4.666666666666667,2.3333333333333335,2.3333333333333335
848,7.0,7.0,2011,2011-06-26,12:00:00,valencia,rosberg,mercedes,29,60,14,0.0,6.666666666666667,9.666666666666666,-3.0
848,18.0,8.0,2011,2011-06-26,12:00:00,valencia,alguersuari,toro_rosso,29,2,20,10.0,18.0,13.333333333333334,4.666666666666667
848,10.0,9.0,2011,2011-06-26,12:00:00,valencia,sutil,force_india,29,68,6,1.0,14.333333333333334,11.0,3.3333333333333335
848,9.0,10.0,2011,2011-06-26,12:00:00,valencia,heidfeld,renault,29,25,18,-1.0,16.0,7.666666666666667,8.333333333333334
848,16.0,11.0,2011,2011-06-26,12:00:00,valencia,perez,sauber,29,51,19,5.0,13.0,13.333333333333334,-0.3333333333333333
848,13.0,12.0,2011,2011-06-26,12:00:00,valencia,barrichello,williams,29,5,22,1.0,15.333333333333334,11.666666666666666,3.6666666666666665
848,17.0,13.0,2011,2011-06-26,12:00:00,valencia,buemi,toro_rosso,29,10,20,4.0,14.0,11.333333333333334,2.6666666666666665
848,12.0,14.0,2011,2011-06-26,12:00:00,valencia,resta,force_india,29,57,6,-2.0,13.333333333333334,14.0,-0.6666666666666666
848,11.0,15.0,2011,2011-06-26,12:00:00,valencia,petrov,renault,29,52,18,-4.0,7.666666666666667,8.0,-0.3333333333333333
848,14.0,16.0,2011,2011-06-26,12:00:00,valencia,kobayashi,sauber,29,32,19,-2.0,13.0,7.333333333333333,5.666666666666667
848,8.0,17.0,2011,2011-06-26,12:00:00,valencia,michael_schumacher,mercedes,29,46,14,-9.0,8.666666666666666,7.333333333333333,1.3333333333333333
848,15.0,18.0,2011,2011-06-26,12:00:00,valencia,maldonado,williams,29,41,22,-3.0,10.333333333333334,16.666666666666668,-6.333333333333333
848,19.0,19.0,2011,2011-06-26,12:00:00,valencia,kovalainen,lotus_racing,29,33,10,0.0,18.0,16.333333333333332,1.6666666666666667
848,20.0,20.0,2011,2011-06-26,12:00:00,valencia,trulli,lotus_racing,29,69,10,0.0,18.0,16.0,2.0
849,3.0,1.0,2011,2011-07-10,12:00:00,silverstone,alonso,ferrari,25,3,5,2.0,4.0,3.0,1.0
849,2.0,2.0,2011,2011-07-10,12:00:00,silverstone,vettel,red_bull,25,73,17,0.0,1.0,1.3333333333333333,-0.3333333333333333
849,1.0,3.0,2011,2011-07-10,12:00:00,silverstone,webber,red_bull,25,74,17,-2.0,3.0,3.3333333333333335,-0.3333333333333333
849,10.0,4.0,2011,2011-07-10,12:00:00,silverstone,hamilton,mclaren,25,23,13,6.0,5.0,4.0,1.0
849,4.0,5.0,2011,2011-07-10,12:00:00,silverstone,massa,ferrari,25,42,5,-1.0,6.0,7.333333333333333,-1.3333333333333333
849,9.0,6.0,2011,2011-07-10,12:00:00,silverstone,rosberg,mercedes,25,60,14,3.0,6.666666666666667,9.666666666666666,-3.0
849,12.0,7.0,2011,2011-07-10,12:00:00,silverstone,perez,sauber,25,51,19,5.0,14.333333333333334,11.333333333333334,3.0
849,16.0,8.0,2011,2011-07-10,12:00:00,silverstone,heidfeld,renault,25,25,18,8.0,16.0,8.666666666666666,7.333333333333333
849,13.0,9.0,2011,2011-07-10,12:00:00,silverstone,michael_schumacher,mercedes,25,46,14,4.0,8.666666666666666,9.0,-0.3333333333333333
849,18.0,10.0,2011,2011-07-10,12:00:00,silverstone,alguersuari,toro_rosso,25,2,20,8.0,18.333333333333332,10.666666666666666,7.666666666666667
849,11.0,11.0,2011,2011-07-10,12:00:00,silverstone,sutil,force_india,25,68,6,0.0,13.666666666666666,9.666666666666666,4.0
849,14.0,12.0,2011,2011-07-10,12:00:00,silverstone,petrov,renault,25,52,18,2.0,9.0,10.333333333333334,-1.3333333333333333
849,15.0,13.0,2011,2011-07-10,12:00:00,silverstone,barrichello,williams,25,5,22,2.0,13.333333333333334,10.0,3.3333333333333335
849,7.0,14.0,2011,2011-07-10,12:00:00,silverstone,maldonado,williams,25,41,22,-7.0,10.666666666666666,17.0,-6.333333333333333
849,6.0,15.0,2011,2011-07-10,12:00:00,silverstone,resta,force_india,25,57,6,-9.0,12.0,14.666666666666666,-2.6666666666666665
849,20.0,16.0,2011,2011-07-10,12:00:00,silverstone,glock,virgin,25,19,21,4.0,20.666666666666668,17.0,3.6666666666666665
849,22.0,17.0,2011,2011-07-10,12:00:00,silverstone,ambrosio,virgin,25,4,21,5.0,22.333333333333332,16.666666666666668,5.666666666666667
849,23.0,18.0,2011,2011-07-10,12:00:00,silverstone,liuzzi,hrt,25,39,8,5.0,20.0,11.666666666666666,8.333333333333334
849,24.0,19.0,2011,2011-07-10,12:00:00,silverstone,ricciardo,hrt,25,58,8,5.0,,,
850,2.0,1.0,2011,2011-07-24,12:00:00,nurburgring,hamilton,mclaren,18,23,13,1.0,7.333333333333333,4.666666666666667,2.6666666666666665
850,4.0,2.0,2011,2011-07-24,12:00:00,nurburgring,alonso,ferrari,18,3,5,2.0,3.6666666666666665,1.6666666666666667,2.0
850,1.0,3.0,2011,2011-07-24,12:00:00,nurburgring,webber,red_bull,18,74,17,-2.0,2.3333333333333335,3.0,-0.6666666666666666
850,3.0,4.0,2011,2011-07-24,12:00:00,nurburgring,vettel,red_bull,18,73,17,-1.0,1.3333333333333333,1.6666666666666667,-0.3333333333333333
850,5.0,5.0,2011,2011-07-24,12:00:00,nurburgring,massa,ferrari,18,42,5,0.0,4.0,5.333333333333333,-1.3333333333333333
850,8.0,6.0,2011,2011-07-24,12:00:00,nurburgring,sutil,force_india,18,68,6,2.0,11.666666666666666,9.0,2.6666666666666665
850,6.0,7.0,2011,2011-07-24,12:00:00,nurburgring,rosberg,mercedes,18,60,14,-1.0,7.333333333333333,8.0,-0.6666666666666666
850,10.0,8.0,2011,2011-07-24,12:00:00,nurburgring,michael_schumacher,mercedes,18,46,14,2.0,9.666666666666666,10.0,-0.3333333333333333
850,17.0,9.0,2011,2011-07-24,12:00:00,nurburgring,kobayashi,sauber,18,32,19,8.0,13.0,9.333333333333334,3.6666666666666665
850,9.0,10.0,2011,2011-07-24,12:00:00,nurburgring,petrov,renault,18,52,18,-1.0,11.666666666666666,10.666666666666666,1.0
850,15.0,11.0,2011,2011-07-24,12:00:00,nurburgring,perez,sauber,18,51,19,4.0,13.333333333333334,9.0,4.333333333333333
850,16.0,12.0,2011,2011-07-24,12:00:00,nurburgring,alguersuari,toro_rosso,18,2,20,4.0,20.0,8.666666666666666,11.333333333333334
850,12.0,13.0,2011,2011-07-24,12:00:00,nurburgring,resta,force_india,18,57,6,-1.0,9.666666666666666,15.666666666666666,-6.0
850,13.0,14.0,2011,2011-07-24,12:00:00,nurburgring,maldonado,williams,18,41,22,-1.0,10.0,16.666666666666668,-6.666666666666667
850,24.0,15.0,2011,2011-07-24,12:00:00,nurburgring,buemi,toro_rosso,18,10,20,9.0,16.0,11.0,5.0
850,18.0,16.0,2011,2011-07-24,12:00:00,nurburgring,kovalainen,lotus_racing,18,33,10,2.0,18.0,17.333333333333332,0.6666666666666666
850,19.0,17.0,2011,2011-07-24,12:00:00,nurburgring,glock,virgin,18,19,21,2.0,20.333333333333332,17.0,3.3333333333333335
850,21.0,18.0,2011,2011-07-24,12:00:00,nurburgring,ambrosio,virgin,18,4,21,3.0,22.0,15.666666666666666,6.333333333333333
850,22.0,19.0,2011,2011-07-24,12:00:00,nurburgring,ricciardo,hrt,18,58,8,3.0,,,
850,20.0,20.0,2011,2011-07-24,12:00:00,nurburgring,chandhok,lotus_racing,18,12,10,0.0,23.333333333333332,18.333333333333332,5.0
851,3.0,1.0,2011,2011-07-31,12:00:00,hungaroring,button,mclaren,7,11,13,2.0,5.0,3.3333333333333335,1.6666666666666667
851,1.0,2.0,2011,2011-07-31,12:00:00,hungaroring,vettel,red_bull,7,73,17,-1.0,2.0,2.3333333333333335,-0.3333333333333333
851,5.0,3.0,2011,2011-07-31,12:00:00,hungaroring,alonso,ferrari,7,3,5,2.0,3.6666666666666665,1.6666666666666667,2.0
851,2.0,4.0,2011,2011-07-31,12:00:00,hungaroring,hamilton,mclaren,7,23,13,-2.0,5.0,3.0,2.0
851,6.0,5.0,2011,2011-07-31,12:00:00,hungaroring,webber,red_bull,7,74,17,1.0,1.3333333333333333,3.0,-1.6666666666666667
851,4.0,6.0,2011,2011-07-31,12:00:00,hungaroring,massa,ferrari,7,42,5,-2.0,4.666666666666667,5.0,-0.3333333333333333
851,11.0,7.0,2011,2011-07-31,12:00:00,hungaroring,resta,force_india,7,57,6,4.0,10.0,14.0,-4.0
851,23.0,8.0,2011,2011-07-31,12:00:00,hungaroring,buemi,toro_rosso,7,10,20,15.0,18.666666666666668,12.666666666666666,6.0
851,7.0,9.0,2011,2011-07-31,12:00:00,hungaroring,rosberg,mercedes,7,60,14,-2.0,7.333333333333333,6.666666666666667,0.6666666666666666
851,16.0,10.0,2011,2011-07-31,12:00:00,hungaroring,alguersuari,toro_rosso,7,2,20,6.0,17.333333333333332,10.0,7.333333333333333
851,13.0,11.0,2011,2011-07-31,12:00:00,hungaroring,kobayashi,sauber,7,32,19,2.0,14.666666666666666,10.666666666666666,4.0
851,12.0,12.0,2011,2011-07-31,12:00:00,hungaroring,petrov,renault,7,52,18,0.0,11.333333333333334,12.333333333333334,-1.0
851,15.0,13.0,2011,2011-07-31,12:00:00,hungaroring,barrichello,williams,7,5,22,2.0,14.666666666666666,11.333333333333334,3.3333333333333335
851,8.0,14.0,2011,2011-07-31,12:00:00,hungaroring,sutil,force_india,7,68,6,-6.0,9.666666666666666,8.666666666666666,1.0
851,10.0,15.0,2011,2011-07-31,12:00:00,hungaroring,perez,sauber,7,51,19,-5.0,14.333333333333334,9.666666666666666,4.666666666666667
851,17.0,16.0,2011,2011-07-31,12:00:00,hungaroring,maldonado,williams,7,41,22,1.0,11.666666666666666,15.333333333333334,-3.6666666666666665
851,20.0,17.0,2011,2011-07-31,12:00:00,hungaroring,glock,virgin,7,19,21,3.0,20.0,16.333333333333332,3.6666666666666665
851,22.0,18.0,2011,2011-07-31,12:00:00,hungaroring,ricciardo,hrt,7,58,8,4.0,,,
851,24.0,19.0,2011,2011-07-31,12:00:00,hungaroring,ambrosio,virgin,7,4,21,5.0,22.0,16.666666666666668,5.333333333333333
851,21.0,20.0,2011,2011-07-31,12:00:00,hungaroring,liuzzi,hrt,7,39,8,1.0,22.0,15.666666666666666,6.333333333333333
852,1.0,1.0,2011,2011-08-28,12:00:00,spa,vettel,red_bull,27,73,17,0.0,2.0,2.6666666666666665,-0.6666666666666666
852,3.0,2.0,2011,2011-08-28,12:00:00,spa,webber,red_bull,27,74,17,1.0,2.6666666666666665,3.6666666666666665,-1.0
852,13.0,3.0,2011,2011-08-28,12:00:00,spa,button,mclaren,27,11,13,10.0,5.333333333333333,2.6666666666666665,2.6666666666666665
852,8.0,4.0,2011,2011-08-28,12:00:00,spa,alonso,ferrari,27,3,5,4.0,4.0,2.0,2.0
852,24.0,5.0,2011,2011-08-28,12:00:00,spa,michael_schumacher,mercedes,27,46,14,19.0,10.333333333333334,11.333333333333334,-1.0
852,5.0,6.0,2011,2011-08-28,12:00:00,spa,rosberg,mercedes,27,60,14,-1.0,7.333333333333333,7.333333333333333,0.0
852,15.0,7.0,2011,2011-08-28,12:00:00,spa,sutil,force_india,27,68,6,8.0,9.0,10.333333333333334,-1.3333333333333333
852,4.0,8.0,2011,2011-08-28,12:00:00,spa,massa,ferrari,27,42,5,-4.0,4.333333333333333,5.333333333333333,-1.0
852,10.0,9.0,2011,2011-08-28,12:00:00,spa,petrov,renault,27,52,18,1.0,11.666666666666666,11.333333333333334,0.3333333333333333
852,21.0,10.0,2011,2011-08-28,12:00:00,spa,maldonado,williams,27,41,22,11.0,12.333333333333334,14.666666666666666,-2.3333333333333335
852,17.0,11.0,2011,2011-08-28,12:00:00,spa,resta,force_india,27,57,6,6.0,9.666666666666666,11.666666666666666,-2.0
852,12.0,12.0,2011,2011-08-28,12:00:00,spa,kobayashi,sauber,27,32,19,0.0,14.666666666666666,12.0,2.6666666666666665
852,7.0,13.0,2011,2011-08-28,12:00:00,spa,bruno_senna,renault,27,9,18,-6.0,23.333333333333332,16.0,7.333333333333333
852,18.0,14.0,2011,2011-08-28,12:00:00,spa,trulli,lotus_racing,27,69,10,4.0,18.666666666666668,16.666666666666668,2.0
852,16.0,15.0,2011,2011-08-28,12:00:00,spa,kovalainen,lotus_racing,27,33,10,1.0,18.0,16.333333333333332,1.6666666666666667
852,14.0,16.0,2011,2011-08-28,12:00:00,spa,barrichello,williams,27,5,22,-2.0,14.333333333333334,12.666666666666666,1.6666666666666667
852,20.0,17.0,2011,2011-08-28,12:00:00,spa,ambrosio,virgin,27,4,21,3.0,22.333333333333332,18.0,4.333333333333333
852,19.0,18.0,2011,2011-08-28,12:00:00,spa,glock,virgin,27,19,21,1.0,19.666666666666668,16.666666666666668,3.0
852,22.0,19.0,2011,2011-08-28,12:00:00,spa,liuzzi,hrt,27,39,8,3.0,21.333333333333332,17.0,4.333333333333333
853,1.0,1.0,2011,2011-09-11,12:00:00,monza,vettel,red_bull,16,73,17,0.0,1.6666666666666667,2.3333333333333335,-0.6666666666666666
853,3.0,2.0,2011,2011-09-11,12:00:00,monza,button,mclaren,16,11,13,1.0,7.333333333333333,3.3333333333333335,4.0
853,4.0,3.0,2011,2011-09-11,12:00:00,monza,alonso,ferrari,16,3,5,1.0,5.666666666666667,3.0,2.6666666666666665
853,2.0,4.0,2011,2011-09-11,12:00:00,monza,hamilton,mclaren,16,23,13,-2.0,4.666666666666667,3.0,1.6666666666666667
853,8.0,5.0,2011,2011-09-11,12:00:00,monza,michael_schumacher,mercedes,16,46,14,3.0,15.666666666666666,7.333333333333333,8.333333333333334
853,6.0,6.0,2011,2011-09-11,12:00:00,monza,massa,ferrari,16,42,5,0.0,4.333333333333333,6.333333333333333,-2.0
853,18.0,7.0,2011,2011-09-11,12:00:00,monza,alguersuari,toro_rosso,16,2,20,11.0,16.666666666666668,10.666666666666666,6.0
853,11.0,8.0,2011,2011-09-11,12:00:00,monza,resta,force_india,16,57,6,3.0,13.333333333333334,10.333333333333334,3.0
853,10.0,9.0,2011,2011-09-11,12:00:00,monza,bruno_senna,renault,16,9,18,1.0,18.0,15.333333333333334,2.6666666666666665
853,16.0,10.0,2011,2011-09-11,12:00:00,monza,buemi,toro_rosso,16,10,20,6.0,21.333333333333332,12.0,9.333333333333334
853,14.0,11.0,2011,2011-09-11,12:00:00,monza,maldonado,williams,16,41,22,3.0,17.0,13.333333333333334,3.6666666666666665
853,13.0,12.0,2011,2011-09-11,12:00:00,monza,barrichello,williams,16,5,22,1.0,14.666666666666666,14.0,0.6666666666666666
853,20.0,13.0,2011,2011-09-11,12:00:00,monza,kovalainen,lotus_racing,16,33,10,7.0,17.666666666666668,16.666666666666668,1.0
853,19.0,14.0,2011,2011-09-11,12:00:00,monza,trulli,lotus_racing,16,69,10,5.0,18.666666666666668,17.0,1.6666666666666667
853,21.0,15.0,2011,2011-09-11,12:00:00,monza,glock,virgin,16,19,21,6.0,19.333333333333332,17.333333333333332,2.0
854,1.0,1.0,2011,2011-09-25,12:00:00,marina_bay,vettel,red_bull,13,73,17,0.0,1.0,1.3333333333333333,-0.3333333333333333
854,3.0,2.0,2011,2011-09-25,12:00:00,marina_bay,button,mclaren,13,11,13,1.0,6.333333333333333,2.0,4.333333333333333
854,2.0,3.0,2011,2011-09-25,12:00:00,marina_bay,webber,red_bull,13,74,17,-1.0,3.3333333333333335,3.3333333333333335,0.0
854,5.0,4.0,2011,2011-09-25,12:00:00,marina_bay,alonso,ferrari,13,3,5,1.0,5.666666666666667,3.3333333333333335,2.3333333333333335
854,4.0,5.0,2011,2011-09-25,12:00:00,marina_bay,hamilton,mclaren,13,23,13,-1.0,2.0,3.0,-1.0
854,10.0,6.0,2011,2011-09-25,12:00:00,marina_bay,resta,force_india,13,57,6,4.0,13.0,8.666666666666666,4.333333333333333
854,7.0,7.0,2011,2011-09-25,12:00:00,marina_bay,rosberg,mercedes,13,60,14,0.0,6.0,7.333333333333333,-1.3333333333333333
854,9.0,8.0,2011,2011-09-25,12:00:00,marina_bay,sutil,force_india,13,68,6,1.0,10.333333333333334,9.0,1.3333333333333333
854,6.0,9.0,2011,2011-09-25,12:00:00,marina_bay,massa,ferrari,13,42,5,-3.0,4.666666666666667,6.666666666666667,-2.0
854,11.0,10.0,2011,2011-09-25,12:00:00,marina_bay,perez,sauber,13,51,19,1.0,12.333333333333334,11.0,1.3333333333333333
854,13.0,11.0,2011,2011-09-25,12:00:00,marina_bay,maldonado,williams,13,41,22,2.0,17.333333333333332,12.333333333333334,5.0
854,14.0,12.0,2011,2011-09-25,12:00:00,marina_bay,buemi,toro_rosso,13,10,20,2.0,21.0,11.0,10.0
854,12.0,13.0,2011,2011-09-25,12:00:00,marina_bay,barrichello,williams,13,5,22,-1.0,14.0,13.666666666666666,0.3333333333333333
854,17.0,14.0,2011,2011-09-25,12:00:00,marina_bay,kobayashi,sauber,13,32,19,3.0,14.0,10.666666666666666,3.3333333333333335
854,15.0,15.0,2011,2011-09-25,12:00:00,marina_bay,bruno_senna,renault,13,9,18,0.0,13.333333333333334,13.666666666666666,-0.3333333333333333
854,19.0,16.0,2011,2011-09-25,12:00:00,marina_bay,kovalainen,lotus_racing,13,33,10,3.0,18.0,14.666666666666666,3.3333333333333335
854,18.0,17.0,2011,2011-09-25,12:00:00,marina_bay,petrov,renault,13,52,18,1.0,10.333333333333334,10.333333333333334,0.0
854,22.0,18.0,2011,2011-09-25,12:00:00,marina_bay,ambrosio,virgin,13,4,21,4.0,21.666666666666668,18.0,3.6666666666666665
854,23.0,19.0,2011,2011-09-25,12:00:00,marina_bay,ricciardo,hrt,13,58,8,4.0,22.666666666666668,18.666666666666668,4.0
854,24.0,20.0,2011,2011-09-25,12:00:00,marina_bay,liuzzi,hrt,13,39,8,4.0,22.0,19.0,3.0
855,2.0,1.0,2011,2011-10-09,06:00:00,suzuka,button,mclaren,28,11,13,1.0,6.333333333333333,2.3333333333333335,4.0
855,5.0,2.0,2011,2011-10-09,06:00:00,suzuka,alonso,ferrari,28,3,5,3.0,5.666666666666667,3.6666666666666665,2.0
855,1.0,3.0,2011,2011-10-09,06:00:00,suzuka,vettel,red_bull,28,73,17,-2.0,1.0,1.0,0.0
855,6.0,4.0,2011,2011-10-09,06:00:00,suzuka,webber,red_bull,28,74,17,2.0,3.6666666666666665,3.3333333333333335,0.3333333333333333
855,3.0,5.0,2011,2011-10-09,06:00:00,suzuka,hamilton,mclaren,28,23,13,-2.0,2.6666666666666665,4.333333333333333,-1.6666666666666667
855,8.0,6.0,2011,2011-10-09,06:00:00,suzuka,michael_schumacher,mercedes,28,46,14,2.0,14.0,6.0,8.0
855,4.0,7.0,2011,2011-10-09,06:00:00,suzuka,massa,ferrari,28,42,5,-3.0,5.333333333333333,7.666666666666667,-2.3333333333333335
855,17.0,8.0,2011,2011-10-09,06:00:00,suzuka,perez,sauber,28,51,19,9.0,12.0,12.0,0.0
855,10.0,9.0,2011,2011-10-09,06:00:00,suzuka,petrov,renault,28,52,18,1.0,13.333333333333334,12.666666666666666,0.6666666666666666
855,23.0,10.0,2011,2011-10-09,06:00:00,suzuka,rosberg,mercedes,28,60,14,13.0,6.333333333333333,7.333333333333333,-1.0
855,11.0,11.0,2011,2011-10-09,06:00:00,suzuka,sutil,force_india,28,68,6,0.0,10.666666666666666,9.666666666666666,1.0
855,12.0,12.0,2011,2011-10-09,06:00:00,suzuka,resta,force_india,28,57,6,0.0,12.666666666666666,8.333333333333334,4.333333333333333
855,7.0,13.0,2011,2011-10-09,06:00:00,suzuka,kobayashi,sauber,28,32,19,-6.0,14.0,12.333333333333334,1.6666666666666667
855,14.0,14.0,2011,2011-10-09,06:00:00,suzuka,maldonado,williams,28,41,22,0.0,16.0,10.666666666666666,5.333333333333333
855,16.0,15.0,2011,2011-10-09,06:00:00,suzuka,alguersuari,toro_rosso,28,2,20,1.0,16.666666666666668,9.666666666666666,7.0
855,9.0,16.0,2011,2011-10-09,06:00:00,suzuka,bruno_senna,renault,28,9,18,-7.0,10.666666666666666,12.333333333333334,-1.6666666666666667
855,13.0,17.0,2011,2011-10-09,06:00:00,suzuka,barrichello,williams,28,5,22,-4.0,13.0,13.666666666666666,-0.6666666666666666
855,18.0,18.0,2011,2011-10-09,06:00:00,suzuka,kovalainen,lotus_racing,28,33,10,0.0,18.333333333333332,14.666666666666666,3.6666666666666665
855,19.0,19.0,2011,2011-10-09,06:00:00,suzuka,trulli,lotus_racing,28,69,10,0.0,19.0,16.0,3.0
855,21.0,20.0,2011,2011-10-09,06:00:00,suzuka,glock,virgin,28,19,21,1.0,20.0,16.666666666666668,3.3333333333333335
856,2.0,1.0,2011,2011-10-16,06:00:00,yeongam,vettel,red_bull,33,73,17,1.0,1.0,1.6666666666666667,-0.6666666666666666
856,1.0,2.0,2011,2011-10-16,06:00:00,yeongam,hamilton,mclaren,33,23,13,-1.0,3.0,4.666666666666667,-1.6666666666666667
856,4.0,3.0,2011,2011-10-16,06:00:00,yeongam,webber,red_bull,33,74,17,1.0,3.6666666666666665,3.0,0.6666666666666666
856,3.0,4.0,2011,2011-10-16,06:00:00,yeongam,button,mclaren,33,11,13,-1.0,2.6666666666666665,1.6666666666666667,1.0
856,6.0,5.0,2011,2011-10-16,06:00:00,yeongam,alonso,ferrari,33,3,5,1.0,4.666666666666667,3.0,1.6666666666666667
856,5.0,6.0,2011,2011-10-16,06:00:00,yeongam,massa,ferrari,33,42,5,-1.0,5.333333333333333,7.333333333333333,-2.0
856,11.0,7.0,2011,2011-10-16,06:00:00,yeongam,alguersuari,toro_rosso,33,2,20,4.0,16.666666666666668,10.666666666666666,6.0
856,7.0,8.0,2011,2011-10-16,06:00:00,yeongam,rosberg,mercedes,33,60,14,-1.0,11.666666666666666,7.666666666666667,4.0
856,13.0,9.0,2011,2011-10-16,06:00:00,yeongam,buemi,toro_rosso,33,10,20,4.0,17.666666666666668,10.0,7.666666666666667
856,9.0,10.0,2011,2011-10-16,06:00:00,yeongam,resta,force_india,33,57,6,-1.0,11.0,8.666666666666666,2.3333333333333335
856,10.0,11.0,2011,2011-10-16,06:00:00,yeongam,sutil,force_india,33,68,6,-1.0,11.666666666666666,8.666666666666666,3.0
856,18.0,12.0,2011,2011-10-16,06:00:00,yeongam,barrichello,williams,33,5,22,6.0,12.666666666666666,14.0,-1.3333333333333333
856,15.0,13.0,2011,2011-10-16,06:00:00,yeongam,bruno_senna,renault,33,9,18,2.0,11.333333333333334,13.333333333333334,-2.0
856,19.0,14.0,2011,2011-10-16,06:00:00,yeongam,kovalainen,lotus_racing,33,33,10,5.0,19.0,15.666666666666666,3.3333333333333335
856,14.0,15.0,2011,2011-10-16,06:00:00,yeongam,kobayashi,sauber,33,32,19,-1.0,12.0,13.0,-1.0
856,17.0,16.0,2011,2011-10-16,06:00:00,yeongam,perez,sauber,33,51,19,1.0,12.666666666666666,11.0,1.6666666666666667
856,20.0,17.0,2011,2011-10-16,06:00:00,yeongam,trulli,lotus_racing,33,69,10,3.0,18.666666666666668,15.666666666666666,3.0
856,21.0,18.0,2011,2011-10-16,06:00:00,yeongam,glock,virgin,33,19,21,3.0,20.333333333333332,17.666666666666668,2.6666666666666665
856,24.0,19.0,2011,2011-10-16,06:00:00,yeongam,ricciardo,hrt,33,58,8,5.0,22.333333333333332,18.666666666666668,3.6666666666666665
856,22.0,20.0,2011,2011-10-16,06:00:00,yeongam,ambrosio,virgin,33,4,21,2.0,22.0,18.0,4.0
857,1.0,1.0,2011,2011-10-30,09:30:00,buddh,vettel,red_bull,4,73,17,0.0,1.3333333333333333,1.6666666666666667,-0.3333333333333333
857,4.0,2.0,2011,2011-10-30,09:30:00,buddh,button,mclaren,4,11,13,2.0,2.6666666666666665,2.3333333333333335,0.3333333333333333
857,3.0,3.0,2011,2011-10-30,09:30:00,buddh,alonso,ferrari,4,3,5,0.0,5.333333333333333,3.6666666666666665,1.6666666666666667
857,2.0,4.0,2011,2011-10-30,09:30:00,buddh,webber,red_bull,4,74,17,-2.0,4.0,3.3333333333333335,0.6666666666666666
857,11.0,5.0,2011,2011-10-30,09:30:00,buddh,michael_schumacher,mercedes,4,46,14,6.0,13.333333333333334,5.333333333333333,8.0
857,7.0,6.0,2011,2011-10-30,09:30:00,buddh,rosberg,mercedes,4,60,14,1.0,12.333333333333334,8.333333333333334,4.0
857,5.0,7.0,2011,2011-10-30,09:30:00,buddh,hamilton,mclaren,4,23,13,-2.0,2.6666666666666665,4.0,-1.3333333333333333
857,10.0,8.0,2011,2011-10-30,09:30:00,buddh,alguersuari,toro_rosso,4,2,20,2.0,15.0,9.666666666666666,5.333333333333333
857,8.0,9.0,2011,2011-10-30,09:30:00,buddh,sutil,force_india,4,68,6,-1.0,10.0,10.0,0.0
857,20.0,10.0,2011,2011-10-30,09:30:00,buddh,perez,sauber,4,51,19,10.0,15.0,11.333333333333334,3.6666666666666665
857,16.0,11.0,2011,2011-10-30,09:30:00,buddh,petrov,renault,4,52,18,5.0,12.666666666666666,11.666666666666666,1.0
857,14.0,12.0,2011,2011-10-30,09:30:00,buddh,bruno_senna,renault,4,9,18,2.0,13.0,14.666666666666666,-1.6666666666666667
857,12.0,13.0,2011,2011-10-30,09:30:00,buddh,resta,force_india,4,57,6,-1.0,10.333333333333334,9.333333333333334,1.0
857,18.0,14.0,2011,2011-10-30,09:30:00,buddh,kovalainen,lotus_racing,4,33,10,4.0,18.666666666666668,16.0,2.6666666666666665
857,15.0,15.0,2011,2011-10-30,09:30:00,buddh,barrichello,williams,4,5,22,0.0,14.333333333333334,14.0,0.3333333333333333
857,21.0,16.0,2011,2011-10-30,09:30:00,buddh,ambrosio,virgin,4,4,21,5.0,21.333333333333332,18.333333333333332,3.0
857,24.0,17.0,2011,2011-10-30,09:30:00,buddh,karthikeyan,hrt,4,29,8,7.0,,,
857,23.0,18.0,2011,2011-10-30,09:30:00,buddh,ricciardo,hrt,4,58,8,5.0,23.0,18.666666666666668,4.333333333333333
857,19.0,19.0,2011,2011-10-30,09:30:00,buddh,trulli,lotus_racing,4,69,10,0.0,19.333333333333332,16.666666666666668,2.6666666666666665
858,2.0,1.0,2011,2011-11-13,13:00:00,yas_marina,hamilton,mclaren,32,23,13,1.0,3.0,4.666666666666667,-1.6666666666666667
858,5.0,2.0,2011,2011-11-13,13:00:00,yas_marina,alonso,ferrari,32,3,5,3.0,4.666666666666667,3.3333333333333335,1.3333333333333333
858,3.0,3.0,2011,2011-11-13,13:00:00,yas_marina,button,mclaren,32,11,13,0.0,3.0,2.3333333333333335,0.6666666666666666
858,4.0,4.0,2011,2011-11-13,13:00:00,yas_marina,webber,red_bull,32,74,17,0.0,4.0,3.6666666666666665,0.3333333333333333
858,6.0,5.0,2011,2011-11-13,13:00:00,yas_marina,massa,ferrari,32,42,5,1.0,5.0,7.333333333333333,-2.3333333333333335
858,7.0,6.0,2011,2011-11-13,13:00:00,yas_marina,rosberg,mercedes,32,60,14,1.0,12.333333333333334,8.0,4.333333333333333
858,8.0,7.0,2011,2011-11-13,13:00:00,yas_marina,michael_schumacher,mercedes,32,46,14,1.0,9.0,5.333333333333333,3.6666666666666665
858,9.0,8.0,2011,2011-11-13,13:00:00,yas_marina,sutil,force_india,32,68,6,1.0,9.666666666666666,10.333333333333334,-0.6666666666666666
858,10.0,9.0,2011,2011-11-13,13:00:00,yas_marina,resta,force_india,32,57,6,1.0,11.0,11.666666666666666,-0.6666666666666666
858,16.0,10.0,2011,2011-11-13,13:00:00,yas_marina,kobayashi,sauber,32,32,19,6.0,12.666666666666666,14.0,-1.3333333333333333
858,11.0,11.0,2011,2011-11-13,13:00:00,yas_marina,perez,sauber,32,51,19,0.0,18.0,11.333333333333334,6.666666666666667
858,24.0,12.0,2011,2011-11-13,13:00:00,yas_marina,barrichello,williams,32,5,22,12.0,15.333333333333334,14.666666666666666,0.6666666666666666
858,12.0,13.0,2011,2011-11-13,13:00:00,yas_marina,petrov,renault,32,52,18,-1.0,14.666666666666666,12.333333333333334,2.3333333333333335
858,23.0,14.0,2011,2011-11-13,13:00:00,yas_marina,maldonado,williams,32,41,22,9.0,13.666666666666666,12.0,1.6666666666666667
858,15.0,15.0,2011,2011-11-13,13:00:00,yas_marina,alguersuari,toro_rosso,32,2,20,0.0,12.333333333333334,10.0,2.3333333333333335
858,14.0,16.0,2011,2011-11-13,13:00:00,yas_marina,bruno_senna,renault,32,9,18,-2.0,12.666666666666666,13.666666666666666,-1.0
858,17.0,17.0,2011,2011-11-13,13:00:00,yas_marina,kovalainen,lotus_racing,32,33,10,0.0,18.333333333333332,15.333333333333334,3.0
858,18.0,18.0,2011,2011-11-13,13:00:00,yas_marina,trulli,lotus_racing,32,69,10,0.0,19.333333333333332,18.333333333333332,1.0
858,19.0,19.0,2011,2011-11-13,13:00:00,yas_marina,glock,virgin,32,19,21,0.0,21.0,17.666666666666668,3.3333333333333335
858,22.0,20.0,2011,2011-11-13,13:00:00,yas_marina,liuzzi,hrt,32,39,8,2.0,22.333333333333332,19.666666666666668,2.6666666666666665
859,2.0,1.0,2011,2011-11-27,16:00:00,interlagos,webber,red_bull,9,74,17,1.0,3.3333333333333335,3.6666666666666665,-0.3333333333333333
859,1.0,2.0,2011,2011-11-27,16:00:00,interlagos,vettel,red_bull,9,73,17,-1.0,1.3333333333333333,1.6666666666666667,-0.3333333333333333
859,3.0,3.0,2011,2011-11-27,16:00:00,interlagos,button,mclaren,9,11,13,0.0,3.3333333333333335,3.0,0.3333333333333333
859,5.0,4.0,2011,2011-11-27,16:00:00,interlagos,alonso,ferrari,9,3,5,1.0,4.666666666666667,3.3333333333333335,1.3333333333333333
859,7.0,5.0,2011,2011-11-27,16:00:00,interlagos,massa,ferrari,9,42,5,2.0,5.0,6.0,-1.0
859,8.0,6.0,2011,2011-11-27,16:00:00,interlagos,sutil,force_india,9,68,6,2.0,9.0,9.333333333333334,-0.3333333333333333
859,6.0,7.0,2011,2011-11-27,16:00:00,interlagos,rosberg,mercedes,9,60,14,-1.0,7.0,6.666666666666667,0.3333333333333333
859,11.0,8.0,2011,2011-11-27,16:00:00,interlagos,resta,force_india,9,57,6,3.0,10.333333333333334,10.666666666666666,-0.3333333333333333
859,16.0,9.0,2011,2011-11-27,16:00:00,interlagos,kobayashi,sauber,9,32,19,7.0,12.333333333333334,12.666666666666666,-0.3333333333333333
859,15.0,10.0,2011,2011-11-27,16:00:00,interlagos,petrov,renault,9,52,18,5.0,12.666666666666666,11.0,1.6666666666666667
859,13.0,11.0,2011,2011-11-27,16:00:00,interlagos,alguersuari,toro_rosso,9,2,20,2.0,12.0,10.0,2.0
859,14.0,12.0,2011,2011-11-27,16:00:00,interlagos,buemi,toro_rosso,9,10,20,2.0,14.333333333333334,10.333333333333334,4.0
859,17.0,13.0,2011,2011-11-27,16:00:00,interlagos,perez,sauber,9,51,19,4.0,16.0,12.333333333333334,3.6666666666666665
859,12.0,14.0,2011,2011-11-27,16:00:00,interlagos,barrichello,williams,9,5,22,-2.0,19.0,13.0,6.0
859,10.0,15.0,2011,2011-11-27,16:00:00,interlagos,michael_schumacher,mercedes,9,46,14,-5.0,9.0,6.0,3.0
859,19.0,16.0,2011,2011-11-27,16:00:00,interlagos,kovalainen,lotus_racing,9,33,10,3.0,18.0,15.0,3.0
859,9.0,17.0,2011,2011-11-27,16:00:00,interlagos,bruno_senna,renault,9,9,18,-8.0,14.333333333333334,13.666666666666666,0.6666666666666666
859,20.0,18.0,2011,2011-11-27,16:00:00,interlagos,trulli,lotus_racing,9,69,10,2.0,19.0,18.0,1.0
859,23.0,19.0,2011,2011-11-27,16:00:00,interlagos,ambrosio,virgin,9,4,21,4.0,21.666666666666668,18.0,3.6666666666666665
859,22.0,20.0,2011,2011-11-27,16:00:00,interlagos,ricciardo,hrt,9,58,8,2.0,23.333333333333332,18.666666666666668,4.666666666666667
860,2.0,1.0,2012,2012-03-18,06:00:00,albert_park,button,mclaren,0,11,13,1.0,3.3333333333333335,2.6666666666666665,0.6666666666666666
860,6.0,2.0,2012,2012-03-18,06:00:00,albert_park,vettel,red_bull,0,73,17,4.0,1.3333333333333333,1.3333333333333333,0.0
860,1.0,3.0,2012,2012-03-18,06:00:00,albert_park,hamilton,mclaren,0,23,13,-2.0,2.6666666666666665,3.3333333333333335,-0.6666666666666666
860,5.0,4.0,2012,2012-03-18,06:00:00,albert_park,webber,red_bull,0,74,17,1.0,2.6666666666666665,3.0,-0.3333333333333333
860,12.0,5.0,2012,2012-03-18,06:00:00,albert_park,alonso,ferrari,0,3,5,7.0,4.333333333333333,3.0,1.3333333333333333
860,13.0,6.0,2012,2012-03-18,06:00:00,albert_park,kobayashi,sauber,0,32,19,7.0,15.333333333333334,11.333333333333334,4.0
860,17.0,7.0,2012,2012-03-18,06:00:00,albert_park,raikkonen,lotus_f1,0,56,9,10.0,,,
860,22.0,8.0,2012,2012-03-18,06:00:00,albert_park,perez,sauber,0,51,19,14.0,16.0,11.333333333333334,4.666666666666667
860,10.0,9.0,2012,2012-03-18,06:00:00,albert_park,ricciardo,toro_rosso,0,58,20,1.0,23.0,19.0,4.0
860,15.0,10.0,2012,2012-03-18,06:00:00,albert_park,resta,force_india,0,57,6,5.0,11.0,10.0,1.0
860,11.0,11.0,2012,2012-03-18,06:00:00,albert_park,vergne,toro_rosso,0,72,20,0.0,,,
860,7.0,12.0,2012,2012-03-18,06:00:00,albert_park,rosberg,mercedes,0,60,14,-5.0,6.666666666666667,6.333333333333333,0.3333333333333333
860,8.0,13.0,2012,2012-03-18,06:00:00,albert_park,maldonado,williams,0,41,22,-5.0,16.666666666666668,13.0,3.6666666666666665
860,20.0,14.0,2012,2012-03-18,06:00:00,albert_park,glock,marussia,0,19,12,6.0,20.333333333333332,19.0,1.3333333333333333
860,21.0,15.0,2012,2012-03-18,06:00:00,albert_park,pic,marussia,0,54,12,6.0,,,
860,14.0,16.0,2012,2012-03-18,06:00:00,albert_park,bruno_senna,williams,0,9,22,-2.0,12.333333333333334,15.0,-2.6666666666666665
861,8.0,1.0,2012,2012-03-25,08:00:00,sepang,alonso,ferrari,23,3,5,7.0,7.333333333333333,3.6666666666666665,3.6666666666666665
861,9.0,2.0,2012,2012-03-25,08:00:00,sepang,perez,sauber,23,51,19,7.0,16.666666666666668,10.666666666666666,6.0
861,1.0,3.0,2012,2012-03-25,08:00:00,sepang,hamilton,mclaren,23,23,13,-2.0,2.6666666666666665,3.6666666666666665,-1.0
861,4.0,4.0,2012,2012-03-25,08:00:00,sepang,webber,red_bull,23,74,17,0.0,3.6666666666666665,3.0,0.6666666666666666
861,10.0,5.0,2012,2012-03-25,08:00:00,sepang,raikkonen,lotus_f1,23,56,9,5.0,,,
861,13.0,6.0,2012,2012-03-25,08:00:00,sepang,bruno_senna,williams,23,9,22,7.0,12.333333333333334,16.333333333333332,-4.0
861,14.0,7.0,2012,2012-03-25,08:00:00,sepang,resta,force_india,23,57,6,7.0,12.0,9.0,3.0
861,18.0,8.0,2012,2012-03-25,08:00:00,sepang,vergne,toro_rosso,23,72,20,10.0,,,
861,16.0,9.0,2012,2012-03-25,08:00:00,sepang,hulkenberg,force_india,23,26,6,7.0,9.0,11.333333333333334,-2.3333333333333335
861,3.0,10.0,2012,2012-03-25,08:00:00,sepang,michael_schumacher,mercedes,23,46,14,-7.0,9.666666666666666,9.0,0.6666666666666666
861,5.0,11.0,2012,2012-03-25,08:00:00,sepang,vettel,red_bull,23,73,17,-6.0,2.6666666666666665,1.6666666666666667,1.0
861,15.0,12.0,2012,2012-03-25,08:00:00,sepang,ricciardo,toro_rosso,23,58,20,3.0,18.333333333333332,15.666666666666666,2.6666666666666665
861,7.0,13.0,2012,2012-03-25,08:00:00,sepang,rosberg,mercedes,23,60,14,-6.0,6.666666666666667,8.333333333333334,-1.6666666666666667
861,2.0,14.0,2012,2012-03-25,08:00:00,sepang,button,mclaren,23,11,13,-12.0,2.6666666666666665,2.3333333333333335,0.3333333333333333
861,12.0,15.0,2012,2012-03-25,08:00:00,sepang,massa,ferrari,23,42,5,-3.0,6.0,5.333333333333333,0.6666666666666666
861,19.0,16.0,2012,2012-03-25,08:00:00,sepang,petrov,caterham,23,52,4,3.0,14.333333333333334,11.333333333333334,3.0
861,20.0,17.0,2012,2012-03-25,08:00:00,sepang,glock,marussia,23,19,12,3.0,20.0,17.0,3.0
861,24.0,18.0,2012,2012-03-25,08:00:00,sepang,kovalainen,caterham,23,33,4,6.0,18.0,15.666666666666666,2.3333333333333335
861,11.0,19.0,2012,2012-03-25,08:00:00,sepang,maldonado,williams,23,41,22,-8.0,15.0,13.666666666666666,1.3333333333333333
861,21.0,20.0,2012,2012-03-25,08:00:00,sepang,pic,marussia,23,54,12,1.0,,,
862,1.0,1.0,2012,2012-04-15,07:00:00,shanghai,rosberg,mercedes,24,60,14,0.0,6.666666666666667,10.666666666666666,-4.0
862,5.0,2.0,2012,2012-04-15,07:00:00,shanghai,button,mclaren,24,11,13,3.0,2.3333333333333335,6.0,-3.6666666666666665
862,7.0,3.0,2012,2012-04-15,07:00:00,shanghai,hamilton,mclaren,24,23,13,4.0,1.3333333333333333,2.3333333333333335,-1.0
862,6.0,4.0,2012,2012-04-15,07:00:00,shanghai,webber,red_bull,24,74,17,2.0,3.6666666666666665,3.0,0.6666666666666666
862,11.0,5.0,2012,2012-04-15,07:00:00,shanghai,vettel,red_bull,24,73,17,6.0,4.0,5.0,-1.0
862,10.0,6.0,2012,2012-04-15,07:00:00,shanghai,grosjean,lotus_f1,24,21,9,4.0,,,
862,14.0,7.0,2012,2012-04-15,07:00:00,shanghai,bruno_senna,williams,24,9,22,7.0,12.0,13.0,-1.0
862,13.0,8.0,2012,2012-04-15,07:00:00,shanghai,maldonado,williams,24,41,22,5.0,14.0,15.333333333333334,-1.3333333333333333
862,9.0,9.0,2012,2012-04-15,07:00:00,shanghai,alonso,ferrari,24,3,5,0.0,8.333333333333334,3.3333333333333335,5.0
862,3.0,10.0,2012,2012-04-15,07:00:00,shanghai,kobayashi,sauber,24,32,19,-7.0,15.0,8.333333333333334,6.666666666666667
862,8.0,11.0,2012,2012-04-15,07:00:00,shanghai,perez,sauber,24,51,19,-3.0,16.0,7.666666666666667,8.333333333333334
862,15.0,12.0,2012,2012-04-15,07:00:00,shanghai,resta,force_india,24,57,6,3.0,13.333333333333334,8.333333333333334,5.0
862,12.0,13.0,2012,2012-04-15,07:00:00,shanghai,massa,ferrari,24,42,5,-1.0,8.333333333333334,8.333333333333334,0.0
862,4.0,14.0,2012,2012-04-15,07:00:00,shanghai,raikkonen,lotus_f1,24,56,9,-10.0,,,
862,16.0,15.0,2012,2012-04-15,07:00:00,shanghai,hulkenberg,force_india,24,26,6,1.0,10.666666666666666,11.0,-0.3333333333333333
862,24.0,16.0,2012,2012-04-15,07:00:00,shanghai,vergne,toro_rosso,24,72,20,8.0,,,
862,17.0,17.0,2012,2012-04-15,07:00:00,shanghai,ricciardo,toro_rosso,24,58,20,0.0,15.666666666666666,13.666666666666666,2.0
862,19.0,18.0,2012,2012-04-15,07:00:00,shanghai,petrov,caterham,24,52,4,1.0,15.333333333333334,13.0,2.3333333333333335
862,20.0,19.0,2012,2012-04-15,07:00:00,shanghai,glock,marussia,24,19,12,1.0,19.666666666666668,16.666666666666668,3.0
862,21.0,20.0,2012,2012-04-15,07:00:00,shanghai,pic,marussia,24,54,12,1.0,,,
863,1.0,1.0,2012,2012-04-22,12:00:00,bahrain,vettel,red_bull,2,73,17,0.0,7.333333333333333,6.0,1.3333333333333333
863,11.0,2.0,2012,2012-04-22,12:00:00,bahrain,raikkonen,lotus_f1,2,56,9,9.0,10.333333333333334,8.666666666666666,1.6666666666666667
863,7.0,3.0,2012,2012-04-22,12:00:00,bahrain,grosjean,lotus_f1,2,21,9,4.0,,,
863,3.0,4.0,2012,2012-04-22,12:00:00,bahrain,webber,red_bull,2,74,17,-1.0,5.0,4.0,1.0
863,5.0,5.0,2012,2012-04-22,12:00:00,bahrain,rosberg,mercedes,2,60,14,0.0,5.0,8.666666666666666,-3.6666666666666665
863,10.0,6.0,2012,2012-04-22,12:00:00,bahrain,resta,force_india,2,57,6,4.0,14.666666666666666,9.666666666666666,5.0
863,9.0,7.0,2012,2012-04-22,12:00:00,bahrain,alonso,ferrari,2,3,5,2.0,9.666666666666666,5.0,4.666666666666667
863,2.0,8.0,2012,2012-04-22,12:00:00,bahrain,hamilton,mclaren,2,23,13,-6.0,3.0,3.0,0.0
863,14.0,9.0,2012,2012-04-22,12:00:00,bahrain,massa,ferrari,2,42,5,5.0,10.333333333333334,11.0,-0.6666666666666666
863,22.0,10.0,2012,2012-04-22,12:00:00,bahrain,michael_schumacher,mercedes,2,46,14,12.0,7.0,10.666666666666666,-3.6666666666666665
863,8.0,11.0,2012,2012-04-22,12:00:00,bahrain,perez,sauber,2,51,19,-3.0,13.0,7.0,6.0
863,13.0,12.0,2012,2012-04-22,12:00:00,bahrain,hulkenberg,force_india,2,26,6,1.0,15.666666666666666,13.333333333333334,2.3333333333333335
863,12.0,13.0,2012,2012-04-22,12:00:00,bahrain,kobayashi,sauber,2,32,19,-1.0,10.666666666666666,8.333333333333334,2.3333333333333335
863,17.0,14.0,2012,2012-04-22,12:00:00,bahrain,vergne,toro_rosso,2,72,20,3.0,17.666666666666668,11.666666666666666,6.0
863,6.0,15.0,2012,2012-04-22,12:00:00,bahrain,ricciardo,toro_rosso,2,58,20,-9.0,14.0,12.666666666666666,1.3333333333333333
863,18.0,16.0,2012,2012-04-22,12:00:00,bahrain,petrov,caterham,2,52,4,2.0,17.666666666666668,14.666666666666666,3.0
863,16.0,17.0,2012,2012-04-22,12:00:00,bahrain,kovalainen,caterham,2,33,4,-1.0,20.0,17.0,3.0
863,4.0,18.0,2012,2012-04-22,12:00:00,bahrain,button,mclaren,2,11,13,-14.0,3.0,5.666666666666667,-2.6666666666666665
863,23.0,19.0,2012,2012-04-22,12:00:00,bahrain,glock,marussia,2,19,12,4.0,20.0,16.666666666666668,3.3333333333333335
863,20.0,20.0,2012,2012-04-22,12:00:00,bahrain,rosa,hrt,2,59,8,0.0,19.0,12.333333333333334,6.666666666666667
864,1.0,1.0,2012,2012-05-13,12:00:00,catalunya,maldonado,williams,5,41,22,0.0,10.666666666666666,13.333333333333334,-2.6666666666666665
864,2.0,2.0,2012,2012-05-13,12:00:00,catalunya,alonso,ferrari,5,3,5,0.0,8.666666666666666,5.666666666666667,3.0
864,4.0,3.0,2012,2012-05-13,12:00:00,catalunya,raikkonen,lotus_f1,5,56,9,1.0,8.333333333333334,7.0,1.3333333333333333
864,3.0,4.0,2012,2012-05-13,12:00:00,catalunya,grosjean,lotus_f1,5,21,9,-1.0,,,
864,9.0,5.0,2012,2012-05-13,12:00:00,catalunya,kobayashi,sauber,5,32,19,4.0,9.333333333333334,9.666666666666666,-0.3333333333333333
864,7.0,6.0,2012,2012-05-13,12:00:00,catalunya,vettel,red_bull,5,73,17,1.0,5.666666666666667,5.666666666666667,0.0
864,6.0,7.0,2012,2012-05-13,12:00:00,catalunya,rosberg,mercedes,5,60,14,-1.0,4.333333333333333,6.333333333333333,-2.0
864,24.0,8.0,2012,2012-05-13,12:00:00,catalunya,hamilton,mclaren,5,23,13,16.0,3.3333333333333335,4.666666666666667,-1.3333333333333333
864,10.0,9.0,2012,2012-05-13,12:00:00,catalunya,button,mclaren,5,11,13,1.0,3.6666666666666665,11.333333333333334,-7.666666666666667
864,13.0,10.0,2012,2012-05-13,12:00:00,catalunya,hulkenberg,force_india,5,26,6,3.0,15.0,12.0,3.0
864,11.0,11.0,2012,2012-05-13,12:00:00,catalunya,webber,red_bull,5,74,17,0.0,4.333333333333333,4.0,0.3333333333333333
864,14.0,12.0,2012,2012-05-13,12:00:00,catalunya,vergne,toro_rosso,5,72,20,2.0,19.666666666666668,12.666666666666666,7.0
864,15.0,13.0,2012,2012-05-13,12:00:00,catalunya,ricciardo,toro_rosso,5,58,20,2.0,12.666666666666666,14.666666666666666,-2.0
864,12.0,14.0,2012,2012-05-13,12:00:00,catalunya,resta,force_india,5,57,6,-2.0,13.0,8.333333333333334,4.666666666666667
864,16.0,15.0,2012,2012-05-13,12:00:00,catalunya,massa,ferrari,5,42,5,1.0,12.666666666666666,12.333333333333334,0.3333333333333333
864,19.0,16.0,2012,2012-05-13,12:00:00,catalunya,kovalainen,caterham,5,33,4,3.0,19.666666666666668,17.0,2.6666666666666665
864,18.0,17.0,2012,2012-05-13,12:00:00,catalunya,petrov,caterham,5,52,4,1.0,18.666666666666668,16.666666666666668,2.0
864,21.0,18.0,2012,2012-05-13,12:00:00,catalunya,glock,marussia,5,19,12,3.0,21.0,18.333333333333332,2.6666666666666665
864,22.0,19.0,2012,2012-05-13,12:00:00,catalunya,rosa,hrt,5,59,8,3.0,17.666666666666668,15.333333333333334,2.3333333333333335
865,1.0,1.0,2012,2012-05-27,12:00:00,monaco,webber,red_bull,15,74,17,0.0,6.666666666666667,6.333333333333333,0.3333333333333333
865,2.0,2.0,2012,2012-05-27,12:00:00,monaco,rosberg,mercedes,15,60,14,0.0,4.0,4.333333333333333,-0.3333333333333333
865,5.0,3.0,2012,2012-05-27,12:00:00,monaco,alonso,ferrari,15,3,5,2.0,6.666666666666667,6.0,0.6666666666666666
865,9.0,4.0,2012,2012-05-27,12:00:00,monaco,vettel,red_bull,15,73,17,5.0,6.333333333333333,4.0,2.3333333333333335
865,3.0,5.0,2012,2012-05-27,12:00:00,monaco,hamilton,mclaren,15,23,13,-2.0,11.0,6.333333333333333,4.666666666666667
865,7.0,6.0,2012,2012-05-27,12:00:00,monaco,massa,ferrari,15,42,5,1.0,14.0,12.333333333333334,1.6666666666666667
865,14.0,7.0,2012,2012-05-27,12:00:00,monaco,resta,force_india,15,57,6,7.0,12.333333333333334,10.666666666666666,1.6666666666666667
865,10.0,8.0,2012,2012-05-27,12:00:00,monaco,hulkenberg,force_india,15,26,6,2.0,14.0,12.333333333333334,1.6666666666666667
865,8.0,9.0,2012,2012-05-27,12:00:00,monaco,raikkonen,lotus_f1,15,56,9,-1.0,6.333333333333333,6.333333333333333,0.0
865,13.0,10.0,2012,2012-05-27,12:00:00,monaco,bruno_senna,williams,15,9,22,3.0,13.666666666666666,9.666666666666666,4.0
865,23.0,11.0,2012,2012-05-27,12:00:00,monaco,perez,sauber,15,51,19,12.0,8.333333333333334,8.0,0.3333333333333333
865,16.0,12.0,2012,2012-05-27,12:00:00,monaco,vergne,toro_rosso,15,72,20,4.0,18.333333333333332,14.0,4.333333333333333
865,17.0,13.0,2012,2012-05-27,12:00:00,monaco,kovalainen,caterham,15,33,4,4.0,19.666666666666668,17.0,2.6666666666666665
865,19.0,14.0,2012,2012-05-27,12:00:00,monaco,glock,marussia,15,19,12,5.0,21.333333333333332,18.666666666666668,2.6666666666666665
865,22.0,15.0,2012,2012-05-27,12:00:00,monaco,karthikeyan,hrt,15,29,8,7.0,22.666666666666668,16.0,6.666666666666667
865,12.0,16.0,2012,2012-05-27,12:00:00,monaco,button,mclaren,15,11,13,-4.0,6.333333333333333,9.666666666666666,-3.3333333333333335
866,2.0,1.0,2012,2012-06-10,18:00:00,villeneuve,hamilton,mclaren,31,23,13,1.0,9.666666666666666,7.0,2.6666666666666665
866,7.0,2.0,2012,2012-06-10,18:00:00,villeneuve,grosjean,lotus_f1,31,21,9,5.0,6.666666666666667,4.333333333333333,2.3333333333333335
866,15.0,3.0,2012,2012-06-10,18:00:00,villeneuve,perez,sauber,31,51,19,12.0,13.0,11.0,2.0
866,1.0,4.0,2012,2012-06-10,18:00:00,villeneuve,vettel,red_bull,31,73,17,-3.0,5.666666666666667,3.6666666666666665,2.0
866,3.0,5.0,2012,2012-06-10,18:00:00,villeneuve,alonso,ferrari,31,3,5,-2.0,5.333333333333333,4.0,1.3333333333333333
866,5.0,6.0,2012,2012-06-10,18:00:00,villeneuve,rosberg,mercedes,31,60,14,-1.0,4.333333333333333,4.666666666666667,-0.3333333333333333
866,4.0,7.0,2012,2012-06-10,18:00:00,villeneuve,webber,red_bull,31,74,17,-3.0,5.0,5.333333333333333,-0.3333333333333333
866,12.0,8.0,2012,2012-06-10,18:00:00,villeneuve,raikkonen,lotus_f1,31,56,9,4.0,7.666666666666667,4.666666666666667,3.0
866,11.0,9.0,2012,2012-06-10,18:00:00,villeneuve,kobayashi,sauber,31,32,19,2.0,8.0,9.333333333333334,-1.3333333333333333
866,6.0,10.0,2012,2012-06-10,18:00:00,villeneuve,massa,ferrari,31,42,5,-4.0,12.333333333333334,10.0,2.3333333333333335
866,8.0,11.0,2012,2012-06-10,18:00:00,villeneuve,resta,force_india,31,57,6,-3.0,12.0,9.0,3.0
866,13.0,12.0,2012,2012-06-10,18:00:00,villeneuve,hulkenberg,force_india,31,26,6,1.0,12.0,10.0,2.0
866,22.0,13.0,2012,2012-06-10,18:00:00,villeneuve,maldonado,williams,31,41,22,9.0,8.333333333333334,9.333333333333334,-1.0
866,14.0,14.0,2012,2012-06-10,18:00:00,villeneuve,ricciardo,toro_rosso,31,58,20,0.0,12.666666666666666,15.0,-2.3333333333333335
866,19.0,15.0,2012,2012-06-10,18:00:00,villeneuve,vergne,toro_rosso,31,72,20,4.0,15.666666666666666,12.666666666666666,3.0
866,10.0,16.0,2012,2012-06-10,18:00:00,villeneuve,button,mclaren,31,11,13,-6.0,8.666666666666666,14.333333333333334,-5.666666666666667
866,16.0,17.0,2012,2012-06-10,18:00:00,villeneuve,bruno_senna,williams,31,9,22,-1.0,13.333333333333334,7.666666666666667,5.666666666666667
866,17.0,18.0,2012,2012-06-10,18:00:00,villeneuve,kovalainen,caterham,31,33,4,-1.0,17.333333333333332,15.333333333333334,2.0
866,18.0,19.0,2012,2012-06-10,18:00:00,villeneuve,petrov,caterham,31,52,4,-1.0,18.333333333333332,17.0,1.3333333333333333
866,23.0,20.0,2012,2012-06-10,18:00:00,villeneuve,pic,marussia,31,54,12,3.0,21.0,18.333333333333332,2.6666666666666665
867,11.0,1.0,2012,2012-06-24,12:00:00,valencia,alonso,ferrari,29,3,5,10.0,3.3333333333333335,3.3333333333333335,0.0
867,5.0,2.0,2012,2012-06-24,12:00:00,valencia,raikkonen,lotus_f1,29,56,9,3.0,8.0,6.666666666666667,1.3333333333333333
867,12.0,3.0,2012,2012-06-24,12:00:00,valencia,michael_schumacher,mercedes,29,46,14,9.0,11.666666666666666,11.666666666666666,0.0
867,19.0,4.0,2012,2012-06-24,12:00:00,valencia,webber,red_bull,29,74,17,15.0,5.333333333333333,6.333333333333333,-1.0
867,8.0,5.0,2012,2012-06-24,12:00:00,valencia,hulkenberg,force_india,29,26,6,3.0,12.0,10.0,2.0
867,6.0,6.0,2012,2012-06-24,12:00:00,valencia,rosberg,mercedes,29,60,14,0.0,4.333333333333333,5.0,-0.6666666666666666
867,10.0,7.0,2012,2012-06-24,12:00:00,valencia,resta,force_india,29,57,6,3.0,11.333333333333334,10.666666666666666,0.6666666666666666
867,9.0,8.0,2012,2012-06-24,12:00:00,valencia,button,mclaren,29,11,13,1.0,10.666666666666666,13.666666666666666,-3.0
867,15.0,9.0,2012,2012-06-24,12:00:00,valencia,perez,sauber,29,51,19,6.0,15.333333333333334,8.333333333333334,7.0
867,14.0,10.0,2012,2012-06-24,12:00:00,valencia,bruno_senna,williams,29,9,22,4.0,14.333333333333334,11.333333333333334,3.0
867,17.0,11.0,2012,2012-06-24,12:00:00,valencia,ricciardo,toro_rosso,29,58,20,6.0,11.666666666666666,14.0,-2.3333333333333335
867,3.0,12.0,2012,2012-06-24,12:00:00,valencia,maldonado,williams,29,41,22,-9.0,12.0,7.333333333333333,4.666666666666667
867,20.0,13.0,2012,2012-06-24,12:00:00,valencia,petrov,caterham,29,52,4,7.0,18.0,17.333333333333332,0.6666666666666666
867,16.0,14.0,2012,2012-06-24,12:00:00,valencia,kovalainen,caterham,29,33,4,2.0,17.666666666666668,15.666666666666666,2.0
867,23.0,15.0,2012,2012-06-24,12:00:00,valencia,pic,marussia,29,54,12,8.0,21.666666666666668,20.0,1.6666666666666667
867,13.0,16.0,2012,2012-06-24,12:00:00,valencia,massa,ferrari,29,42,5,-3.0,9.666666666666666,10.333333333333334,-0.6666666666666666
867,21.0,17.0,2012,2012-06-24,12:00:00,valencia,rosa,hrt,29,59,8,4.0,19.666666666666668,17.0,2.6666666666666665
867,22.0,18.0,2012,2012-06-24,12:00:00,valencia,karthikeyan,hrt,29,29,8,4.0,22.666666666666668,15.333333333333334,7.333333333333333
867,2.0,19.0,2012,2012-06-24,12:00:00,valencia,hamilton,mclaren,29,23,13,-17.0,9.666666666666666,4.666666666666667,5.0
868,2.0,1.0,2012,2012-07-08,12:00:00,silverstone,webber,red_bull,25,74,17,1.0,8.0,4.0,4.0
868,1.0,2.0,2012,2012-07-08,12:00:00,silverstone,alonso,ferrari,25,3,5,-1.0,6.333333333333333,3.0,3.3333333333333335
868,4.0,3.0,2012,2012-07-08,12:00:00,silverstone,vettel,red_bull,25,73,17,1.0,5.666666666666667,4.666666666666667,1.0
868,5.0,4.0,2012,2012-07-08,12:00:00,silverstone,massa,ferrari,25,42,5,1.0,8.666666666666666,10.666666666666666,-2.0
868,6.0,5.0,2012,2012-07-08,12:00:00,silverstone,raikkonen,lotus_f1,25,56,9,1.0,8.333333333333334,6.333333333333333,2.0
868,9.0,6.0,2012,2012-07-08,12:00:00,silverstone,grosjean,lotus_f1,25,21,9,3.0,5.666666666666667,3.0,2.6666666666666665
868,3.0,7.0,2012,2012-07-08,12:00:00,silverstone,michael_schumacher,mercedes,25,46,14,-4.0,12.333333333333334,7.666666666666667,4.666666666666667
868,8.0,8.0,2012,2012-07-08,12:00:00,silverstone,hamilton,mclaren,25,23,13,0.0,2.3333333333333335,8.333333333333334,-6.0
868,13.0,9.0,2012,2012-07-08,12:00:00,silverstone,bruno_senna,williams,25,9,22,4.0,14.333333333333334,12.333333333333334,2.0
868,16.0,10.0,2012,2012-07-08,12:00:00,silverstone,button,mclaren,25,11,13,6.0,10.333333333333334,13.333333333333334,-3.0
868,17.0,11.0,2012,2012-07-08,12:00:00,silverstone,kobayashi,sauber,25,32,19,6.0,10.666666666666666,9.0,1.6666666666666667
868,14.0,12.0,2012,2012-07-08,12:00:00,silverstone,hulkenberg,force_india,25,26,6,2.0,10.333333333333334,8.333333333333334,2.0
868,12.0,13.0,2012,2012-07-08,12:00:00,silverstone,ricciardo,toro_rosso,25,58,20,-1.0,15.333333333333334,12.666666666666666,2.6666666666666665
868,23.0,14.0,2012,2012-07-08,12:00:00,silverstone,vergne,toro_rosso,25,72,20,9.0,16.333333333333332,13.0,3.3333333333333335
868,11.0,15.0,2012,2012-07-08,12:00:00,silverstone,rosberg,mercedes,25,60,14,-4.0,4.333333333333333,4.666666666666667,-0.3333333333333333
868,7.0,16.0,2012,2012-07-08,12:00:00,silverstone,maldonado,williams,25,41,22,-9.0,8.666666666666666,8.666666666666666,0.0
868,19.0,17.0,2012,2012-07-08,12:00:00,silverstone,kovalainen,caterham,25,33,4,2.0,16.666666666666668,15.0,1.6666666666666667
868,20.0,18.0,2012,2012-07-08,12:00:00,silverstone,glock,marussia,25,19,12,2.0,21.0,17.0,4.0
868,24.0,19.0,2012,2012-07-08,12:00:00,silverstone,pic,marussia,25,54,12,5.0,22.333333333333332,18.333333333333332,4.0
868,21.0,20.0,2012,2012-07-08,12:00:00,silverstone,rosa,hrt,25,59,8,1.0,21.0,18.666666666666668,2.3333333333333335
869,1.0,1.0,2012,2012-07-22,12:00:00,hockenheimring,alonso,ferrari,6,3,5,0.0,5.0,2.6666666666666665,2.3333333333333335
869,6.0,2.0,2012,2012-07-22,12:00:00,hockenheimring,button,mclaren,6,11,13,4.0,11.666666666666666,11.333333333333334,0.3333333333333333
869,10.0,3.0,2012,2012-07-22,12:00:00,hockenheimring,raikkonen,lotus_f1,6,56,9,7.0,7.666666666666667,5.0,2.6666666666666665
869,12.0,4.0,2012,2012-07-22,12:00:00,hockenheimring,kobayashi,sauber,6,32,19,8.0,12.333333333333334,8.333333333333334,4.0
869,2.0,5.0,2012,2012-07-22,12:00:00,hockenheimring,vettel,red_bull,6,73,17,-3.0,4.666666666666667,3.6666666666666665,1.0
869,17.0,6.0,2012,2012-07-22,12:00:00,hockenheimring,perez,sauber,6,51,19,11.0,17.666666666666668,7.666666666666667,10.0
869,3.0,7.0,2012,2012-07-22,12:00:00,hockenheimring,michael_schumacher,mercedes,6,46,14,-4.0,12.333333333333334,6.666666666666667,5.666666666666667
869,8.0,8.0,2012,2012-07-22,12:00:00,hockenheimring,webber,red_bull,6,74,17,0.0,8.333333333333334,4.0,4.333333333333333
869,4.0,9.0,2012,2012-07-22,12:00:00,hockenheimring,hulkenberg,force_india,6,26,6,-5.0,11.666666666666666,9.666666666666666,2.0
869,21.0,10.0,2012,2012-07-22,12:00:00,hockenheimring,rosberg,mercedes,6,60,14,11.0,7.333333333333333,9.0,-1.6666666666666667
869,9.0,11.0,2012,2012-07-22,12:00:00,hockenheimring,resta,force_india,6,57,6,-2.0,10.666666666666666,8.333333333333334,2.3333333333333335
869,13.0,12.0,2012,2012-07-22,12:00:00,hockenheimring,massa,ferrari,6,42,5,1.0,8.0,10.0,-2.0
869,11.0,13.0,2012,2012-07-22,12:00:00,hockenheimring,ricciardo,toro_rosso,6,58,20,-2.0,14.333333333333334,12.666666666666666,1.6666666666666667
869,15.0,14.0,2012,2012-07-22,12:00:00,hockenheimring,vergne,toro_rosso,6,72,20,1.0,19.333333333333332,13.666666666666666,5.666666666666667
869,5.0,15.0,2012,2012-07-22,12:00:00,hockenheimring,maldonado,williams,6,41,22,-10.0,10.666666666666666,13.666666666666666,-3.0
869,18.0,16.0,2012,2012-07-22,12:00:00,hockenheimring,petrov,caterham,6,52,4,2.0,18.666666666666668,16.333333333333332,2.3333333333333335
869,14.0,17.0,2012,2012-07-22,12:00:00,hockenheimring,bruno_senna,williams,6,9,22,-3.0,14.333333333333334,12.0,2.3333333333333335
869,19.0,18.0,2012,2012-07-22,12:00:00,hockenheimring,grosjean,lotus_f1,6,21,9,1.0,6.333333333333333,4.0,2.3333333333333335
869,16.0,19.0,2012,2012-07-22,12:00:00,hockenheimring,kovalainen,caterham,6,33,4,-3.0,17.333333333333332,16.333333333333332,1.0
869,20.0,20.0,2012,2012-07-22,12:00:00,hockenheimring,pic,marussia,6,54,12,0.0,23.333333333333332,18.0,5.333333333333333
870,1.0,1.0,2012,2012-07-29,12:00:00,hungaroring,hamilton,mclaren,7,23,13,0.0,4.0,9.333333333333334,-5.333333333333333
870,5.0,2.0,2012,2012-07-29,12:00:00,hungaroring,raikkonen,lotus_f1,7,56,9,3.0,7.0,3.3333333333333335,3.6666666666666665
870,2.0,3.0,2012,2012-07-29,12:00:00,hungaroring,grosjean,lotus_f1,7,21,9,-1.0,11.666666666666666,8.666666666666666,3.0
870,3.0,4.0,2012,2012-07-29,12:00:00,hungaroring,vettel,red_bull,7,73,17,-1.0,2.3333333333333335,4.0,-1.6666666666666667
870,6.0,5.0,2012,2012-07-29,12:00:00,hungaroring,alonso,ferrari,7,3,5,1.0,4.333333333333333,1.3333333333333333,3.0
870,4.0,6.0,2012,2012-07-29,12:00:00,hungaroring,button,mclaren,7,11,13,-2.0,10.333333333333334,6.666666666666667,3.6666666666666665
870,9.0,7.0,2012,2012-07-29,12:00:00,hungaroring,bruno_senna,williams,7,9,22,2.0,13.666666666666666,12.0,1.6666666666666667
870,11.0,8.0,2012,2012-07-29,12:00:00,hungaroring,webber,red_bull,7,74,17,3.0,9.666666666666666,4.333333333333333,5.333333333333333
870,7.0,9.0,2012,2012-07-29,12:00:00,hungaroring,massa,ferrari,7,42,5,-2.0,10.333333333333334,10.666666666666666,-0.3333333333333333
870,13.0,10.0,2012,2012-07-29,12:00:00,hungaroring,rosberg,mercedes,7,60,14,3.0,12.666666666666666,10.333333333333334,2.3333333333333335
870,10.0,11.0,2012,2012-07-29,12:00:00,hungaroring,hulkenberg,force_india,7,26,6,-1.0,8.666666666666666,8.666666666666666,0.0
870,12.0,12.0,2012,2012-07-29,12:00:00,hungaroring,resta,force_india,7,57,6,0.0,9.0,9.666666666666666,-0.6666666666666666
870,8.0,13.0,2012,2012-07-29,12:00:00,hungaroring,maldonado,williams,7,41,22,-5.0,5.0,14.333333333333334,-9.333333333333334
870,14.0,14.0,2012,2012-07-29,12:00:00,hungaroring,perez,sauber,7,51,19,0.0,15.666666666666666,6.0,9.666666666666666
870,18.0,15.0,2012,2012-07-29,12:00:00,hungaroring,ricciardo,toro_rosso,7,58,20,3.0,13.333333333333334,12.333333333333334,1.0
870,16.0,16.0,2012,2012-07-29,12:00:00,hungaroring,vergne,toro_rosso,7,72,20,0.0,19.0,14.333333333333334,4.666666666666667
870,19.0,17.0,2012,2012-07-29,12:00:00,hungaroring,kovalainen,caterham,7,33,4,2.0,17.0,16.666666666666668,0.3333333333333333
870,15.0,18.0,2012,2012-07-29,12:00:00,hungaroring,kobayashi,sauber,7,32,19,-3.0,13.333333333333334,8.0,5.333333333333333
870,20.0,19.0,2012,2012-07-29,12:00:00,hungaroring,petrov,caterham,7,52,4,1.0,18.666666666666668,16.0,2.6666666666666665
870,21.0,20.0,2012,2012-07-29,12:00:00,hungaroring,pic,marussia,7,54,12,1.0,22.333333333333332,18.0,4.333333333333333
871,1.0,1.0,2012,2012-09-02,12:00:00,spa,button,mclaren,27,11,13,0.0,8.666666666666666,6.0,2.6666666666666665
871,10.0,2.0,2012,2012-09-02,12:00:00,spa,vettel,red_bull,27,73,17,8.0,3.0,4.0,-1.0
871,3.0,3.0,2012,2012-09-02,12:00:00,spa,raikkonen,lotus_f1,27,56,9,0.0,7.0,3.3333333333333335,3.6666666666666665
871,11.0,4.0,2012,2012-09-02,12:00:00,spa,hulkenberg,force_india,27,26,6,7.0,9.333333333333334,10.666666666666666,-1.3333333333333333
871,14.0,5.0,2012,2012-09-02,12:00:00,spa,massa,ferrari,27,42,5,9.0,8.333333333333334,8.333333333333334,0.0
871,12.0,6.0,2012,2012-09-02,12:00:00,spa,webber,red_bull,27,74,17,6.0,7.0,5.666666666666667,1.3333333333333333
871,13.0,7.0,2012,2012-09-02,12:00:00,spa,michael_schumacher,mercedes,27,46,14,6.0,6.0,5.666666666666667,0.3333333333333333
871,15.0,8.0,2012,2012-09-02,12:00:00,spa,vergne,toro_rosso,27,72,20,7.0,18.0,14.666666666666666,3.3333333333333335
871,16.0,9.0,2012,2012-09-02,12:00:00,spa,ricciardo,toro_rosso,27,58,20,7.0,13.666666666666666,13.666666666666666,0.0
871,9.0,10.0,2012,2012-09-02,12:00:00,spa,resta,force_india,27,57,6,-1.0,10.333333333333334,10.0,0.3333333333333333
871,23.0,11.0,2012,2012-09-02,12:00:00,spa,rosberg,mercedes,27,60,14,12.0,15.0,11.666666666666666,3.3333333333333335
871,17.0,12.0,2012,2012-09-02,12:00:00,spa,bruno_senna,williams,27,9,22,5.0,12.0,11.0,1.0
871,2.0,13.0,2012,2012-09-02,12:00:00,spa,kobayashi,sauber,27,32,19,-11.0,14.666666666666666,11.0,3.6666666666666665
871,19.0,14.0,2012,2012-09-02,12:00:00,spa,petrov,caterham,27,52,4,5.0,19.333333333333332,16.0,3.3333333333333335
871,20.0,15.0,2012,2012-09-02,12:00:00,spa,glock,marussia,27,19,12,5.0,20.0,16.666666666666668,3.3333333333333335
871,22.0,16.0,2012,2012-09-02,12:00:00,spa,pic,marussia,27,54,12,6.0,21.666666666666668,19.666666666666668,2.0
871,18.0,17.0,2012,2012-09-02,12:00:00,spa,kovalainen,caterham,27,33,4,1.0,18.0,17.666666666666668,0.3333333333333333
871,21.0,18.0,2012,2012-09-02,12:00:00,spa,rosa,hrt,27,59,8,3.0,21.333333333333332,18.666666666666668,2.6666666666666665
872,1.0,1.0,2012,2012-09-09,12:00:00,monza,hamilton,mclaren,16,23,13,0.0,3.6666666666666665,9.333333333333334,-5.666666666666667
872,12.0,2.0,2012,2012-09-09,12:00:00,monza,perez,sauber,16,51,19,10.0,15.333333333333334,9.666666666666666,5.666666666666667
872,10.0,3.0,2012,2012-09-09,12:00:00,monza,alonso,ferrari,16,3,5,7.0,2.6666666666666665,2.6666666666666665,0.0
872,3.0,4.0,2012,2012-09-09,12:00:00,monza,massa,ferrari,16,42,5,-1.0,11.333333333333334,8.666666666666666,2.6666666666666665
872,7.0,5.0,2012,2012-09-09,12:00:00,monza,raikkonen,lotus_f1,16,56,9,2.0,6.0,2.6666666666666665,3.3333333333333335
872,4.0,6.0,2012,2012-09-09,12:00:00,monza,michael_schumacher,mercedes,16,46,14,-2.0,6.333333333333333,7.0,-0.6666666666666666
872,6.0,7.0,2012,2012-09-09,12:00:00,monza,rosberg,mercedes,16,60,14,-1.0,19.0,10.333333333333334,8.666666666666666
872,9.0,8.0,2012,2012-09-09,12:00:00,monza,resta,force_india,16,57,6,1.0,10.0,11.0,-1.0
872,8.0,9.0,2012,2012-09-09,12:00:00,monza,kobayashi,sauber,16,32,19,-1.0,9.666666666666666,11.666666666666666,-2.0
872,13.0,10.0,2012,2012-09-09,12:00:00,monza,bruno_senna,williams,16,9,22,3.0,13.333333333333334,12.0,1.3333333333333333
872,22.0,11.0,2012,2012-09-09,12:00:00,monza,maldonado,williams,16,41,22,11.0,6.666666666666667,14.666666666666666,-8.0
872,14.0,12.0,2012,2012-09-09,12:00:00,monza,ricciardo,toro_rosso,16,58,20,2.0,15.0,12.333333333333334,2.6666666666666665
872,15.0,13.0,2012,2012-09-09,12:00:00,monza,ambrosio,lotus_f1,16,4,9,2.0,22.0,18.333333333333332,3.6666666666666665
872,17.0,14.0,2012,2012-09-09,12:00:00,monza,kovalainen,caterham,16,33,4,3.0,17.666666666666668,17.666666666666668,0.0
872,18.0,15.0,2012,2012-09-09,12:00:00,monza,petrov,caterham,16,52,4,3.0,19.0,16.333333333333332,2.6666666666666665
872,20.0,16.0,2012,2012-09-09,12:00:00,monza,pic,marussia,16,54,12,4.0,21.0,18.666666666666668,2.3333333333333335
872,19.0,17.0,2012,2012-09-09,12:00:00,monza,glock,marussia,16,19,12,2.0,19.666666666666668,15.666666666666666,4.0
872,23.0,18.0,2012,2012-09-09,12:00:00,monza,rosa,hrt,16,59,8,5.0,21.0,18.333333333333332,2.6666666666666665
872,21.0,19.0,2012,2012-09-09,12:00:00,monza,karthikeyan,hrt,16,29,8,2.0,22.666666666666668,16.666666666666668,6.0
872,11.0,20.0,2012,2012-09-09,12:00:00,monza,webber,red_bull,16,74,17,-9.0,10.333333333333334,7.333333333333333,3.0
873,3.0,1.0,2012,2012-09-23,12:00:00,marina_bay,vettel,red_bull,13,73,17,2.0,5.0,3.6666666666666665,1.3333333333333333
873,4.0,2.0,2012,2012-09-23,12:00:00,marina_bay,button,mclaren,13,11,13,2.0,3.6666666666666665,3.0,0.6666666666666666
873,5.0,3.0,2012,2012-09-23,12:00:00,marina_bay,alonso,ferrari,13,3,5,2.0,5.666666666666667,3.0,2.6666666666666665
873,6.0,4.0,2012,2012-09-23,12:00:00,marina_bay,resta,force_india,13,57,6,2.0,10.0,10.0,0.0
873,10.0,5.0,2012,2012-09-23,12:00:00,marina_bay,rosberg,mercedes,13,60,14,5.0,14.0,9.333333333333334,4.666666666666667
873,12.0,6.0,2012,2012-09-23,12:00:00,marina_bay,raikkonen,lotus_f1,13,56,9,6.0,5.0,3.3333333333333335,1.6666666666666667
873,8.0,7.0,2012,2012-09-23,12:00:00,marina_bay,grosjean,lotus_f1,13,21,9,1.0,10.0,9.0,1.0
873,13.0,8.0,2012,2012-09-23,12:00:00,marina_bay,massa,ferrari,13,42,5,5.0,8.0,6.0,2.0
873,15.0,9.0,2012,2012-09-23,12:00:00,marina_bay,ricciardo,toro_rosso,13,58,20,6.0,16.0,12.0,4.0
873,14.0,10.0,2012,2012-09-23,12:00:00,marina_bay,perez,sauber,13,51,19,4.0,14.333333333333334,7.333333333333333,7.0
873,7.0,11.0,2012,2012-09-23,12:00:00,marina_bay,webber,red_bull,13,74,17,-4.0,11.333333333333334,11.333333333333334,0.0
873,20.0,12.0,2012,2012-09-23,12:00:00,marina_bay,glock,marussia,13,19,12,8.0,19.666666666666668,16.666666666666668,3.0
873,17.0,13.0,2012,2012-09-23,12:00:00,marina_bay,kobayashi,sauber,13,32,19,4.0,8.333333333333334,13.333333333333334,-5.0
873,11.0,14.0,2012,2012-09-23,12:00:00,marina_bay,hulkenberg,force_india,13,26,6,-3.0,8.333333333333334,8.0,0.3333333333333333
873,19.0,15.0,2012,2012-09-23,12:00:00,marina_bay,kovalainen,caterham,13,33,4,4.0,18.0,16.0,2.0
873,21.0,16.0,2012,2012-09-23,12:00:00,marina_bay,pic,marussia,13,54,12,5.0,21.0,17.333333333333332,3.6666666666666665
873,24.0,17.0,2012,2012-09-23,12:00:00,marina_bay,rosa,hrt,13,59,8,7.0,21.666666666666668,18.666666666666668,3.0
873,22.0,18.0,2012,2012-09-23,12:00:00,marina_bay,bruno_senna,williams,13,9,22,4.0,13.0,9.666666666666666,3.3333333333333335
873,18.0,19.0,2012,2012-09-23,12:00:00,marina_bay,petrov,caterham,13,52,4,-1.0,19.0,16.0,3.0
874,1.0,1.0,2012,2012-10-07,06:00:00,suzuka,vettel,red_bull,28,73,17,0.0,5.333333333333333,2.3333333333333335,3.0
874,10.0,2.0,2012,2012-10-07,06:00:00,suzuka,massa,ferrari,28,42,5,8.0,10.0,5.666666666666667,4.333333333333333
874,3.0,3.0,2012,2012-10-07,06:00:00,suzuka,kobayashi,sauber,28,32,19,0.0,9.0,11.666666666666666,-2.6666666666666665
874,8.0,4.0,2012,2012-10-07,06:00:00,suzuka,button,mclaren,28,11,13,4.0,3.0,3.0,0.0
874,9.0,5.0,2012,2012-10-07,06:00:00,suzuka,hamilton,mclaren,28,23,13,4.0,3.3333333333333335,3.3333333333333335,0.0
874,7.0,6.0,2012,2012-10-07,06:00:00,suzuka,raikkonen,lotus_f1,28,56,9,1.0,7.333333333333333,4.666666666666667,2.6666666666666665
874,15.0,7.0,2012,2012-10-07,06:00:00,suzuka,hulkenberg,force_india,28,26,6,8.0,10.666666666666666,9.666666666666666,1.0
874,12.0,8.0,2012,2012-10-07,06:00:00,suzuka,maldonado,williams,28,41,22,4.0,11.666666666666666,13.0,-1.3333333333333333
874,2.0,9.0,2012,2012-10-07,06:00:00,suzuka,webber,red_bull,28,74,17,-7.0,10.0,12.333333333333334,-2.3333333333333335
874,14.0,10.0,2012,2012-10-07,06:00:00,suzuka,ricciardo,toro_rosso,28,58,20,4.0,15.0,10.0,5.0
874,23.0,11.0,2012,2012-10-07,06:00:00,suzuka,michael_schumacher,mercedes,28,46,14,12.0,6.666666666666667,6.666666666666667,0.0
874,11.0,12.0,2012,2012-10-07,06:00:00,suzuka,resta,force_india,28,57,6,-1.0,8.0,7.333333333333333,0.6666666666666666
874,19.0,13.0,2012,2012-10-07,06:00:00,suzuka,vergne,toro_rosso,28,72,20,6.0,15.333333333333334,12.666666666666666,2.6666666666666665
874,16.0,14.0,2012,2012-10-07,06:00:00,suzuka,bruno_senna,williams,28,9,22,2.0,17.333333333333332,13.333333333333334,4.0
874,17.0,15.0,2012,2012-10-07,06:00:00,suzuka,kovalainen,caterham,28,33,4,2.0,18.0,15.333333333333334,2.6666666666666665
874,18.0,16.0,2012,2012-10-07,06:00:00,suzuka,glock,marussia,28,19,12,2.0,19.666666666666668,14.666666666666666,5.0
874,22.0,17.0,2012,2012-10-07,06:00:00,suzuka,petrov,caterham,28,52,4,5.0,18.333333333333332,16.0,2.3333333333333335
874,20.0,18.0,2012,2012-10-07,06:00:00,suzuka,rosa,hrt,28,59,8,2.0,22.666666666666668,17.666666666666668,5.0
874,4.0,19.0,2012,2012-10-07,06:00:00,suzuka,grosjean,lotus_f1,28,21,9,-15.0,9.666666666666666,9.333333333333334,0.3333333333333333
875,2.0,1.0,2012,2012-10-14,06:00:00,yeongam,vettel,red_bull,33,73,17,1.0,4.666666666666667,1.3333333333333333,3.3333333333333335
875,1.0,2.0,2012,2012-10-14,06:00:00,yeongam,webber,red_bull,33,74,17,-1.0,6.666666666666667,13.333333333333334,-6.666666666666667
875,4.0,3.0,2012,2012-10-14,06:00:00,yeongam,alonso,ferrari,33,3,5,1.0,7.0,3.6666666666666665,3.3333333333333335
875,6.0,4.0,2012,2012-10-14,06:00:00,yeongam,massa,ferrari,33,42,5,2.0,8.666666666666666,4.666666666666667,4.0
875,5.0,5.0,2012,2012-10-14,06:00:00,yeongam,raikkonen,lotus_f1,33,56,9,0.0,8.666666666666666,5.666666666666667,3.0
875,8.0,6.0,2012,2012-10-14,06:00:00,yeongam,hulkenberg,force_india,33,26,6,2.0,12.333333333333334,8.333333333333334,4.0
875,7.0,7.0,2012,2012-10-14,06:00:00,yeongam,grosjean,lotus_f1,33,21,9,0.0,4.666666666666667,9.666666666666666,-5.0
875,16.0,8.0,2012,2012-10-14,06:00:00,yeongam,vergne,toro_rosso,33,72,20,8.0,16.666666666666668,12.333333333333334,4.333333333333333
875,21.0,9.0,2012,2012-10-14,06:00:00,yeongam,ricciardo,toro_rosso,33,58,20,12.0,14.333333333333334,10.333333333333334,4.0
875,3.0,10.0,2012,2012-10-14,06:00:00,yeongam,hamilton,mclaren,33,23,13,-7.0,3.6666666666666665,2.3333333333333335,1.3333333333333333
875,12.0,11.0,2012,2012-10-14,06:00:00,yeongam,perez,sauber,33,51,19,1.0,13.333333333333334,8.666666666666666,4.666666666666667
875,14.0,12.0,2012,2012-10-14,06:00:00,yeongam,resta,force_india,33,57,6,2.0,8.666666666666666,8.0,0.6666666666666666
875,10.0,13.0,2012,2012-10-14,06:00:00,yeongam,michael_schumacher,mercedes,33,46,14,-3.0,13.333333333333334,8.0,5.333333333333333
875,15.0,14.0,2012,2012-10-14,06:00:00,yeongam,maldonado,williams,33,41,22,1.0,14.0,10.666666666666666,3.3333333333333335
875,17.0,15.0,2012,2012-10-14,06:00:00,yeongam,bruno_senna,williams,33,9,22,2.0,17.0,14.0,3.0
875,18.0,16.0,2012,2012-10-14,06:00:00,yeongam,petrov,caterham,33,52,4,2.0,19.333333333333332,17.0,2.3333333333333335
875,19.0,17.0,2012,2012-10-14,06:00:00,yeongam,kovalainen,caterham,33,33,4,2.0,17.666666666666668,14.666666666666666,3.0
875,20.0,18.0,2012,2012-10-14,06:00:00,yeongam,glock,marussia,33,19,12,2.0,19.0,15.0,4.0
875,24.0,19.0,2012,2012-10-14,06:00:00,yeongam,pic,marussia,33,54,12,5.0,21.0,16.0,5.0
875,23.0,20.0,2012,2012-10-14,06:00:00,yeongam,karthikeyan,hrt,33,29,8,3.0,21.666666666666668,17.333333333333332,4.333333333333333
876,1.0,1.0,2012,2012-10-28,09:30:00,buddh,vettel,red_bull,4,73,17,0.0,2.0,1.0,1.0
876,5.0,2.0,2012,2012-10-28,09:30:00,buddh,alonso,ferrari,4,3,5,3.0,6.333333333333333,3.0,3.3333333333333335
876,2.0,3.0,2012,2012-10-28,09:30:00,buddh,webber,red_bull,4,74,17,-1.0,3.3333333333333335,7.333333333333333,-4.0
876,3.0,4.0,2012,2012-10-28,09:30:00,buddh,hamilton,mclaren,4,23,13,-1.0,4.333333333333333,5.333333333333333,-1.0
876,4.0,5.0,2012,2012-10-28,09:30:00,buddh,button,mclaren,4,11,13,-1.0,4.333333333333333,2.3333333333333335,2.0
876,6.0,6.0,2012,2012-10-28,09:30:00,buddh,massa,ferrari,4,42,5,0.0,9.666666666666666,4.666666666666667,5.0
876,7.0,7.0,2012,2012-10-28,09:30:00,buddh,raikkonen,lotus_f1,4,56,9,0.0,8.0,5.666666666666667,2.3333333333333335
876,12.0,8.0,2012,2012-10-28,09:30:00,buddh,hulkenberg,force_india,4,26,6,4.0,11.333333333333334,9.0,2.3333333333333335
876,11.0,9.0,2012,2012-10-28,09:30:00,buddh,grosjean,lotus_f1,4,21,9,2.0,6.333333333333333,11.0,-4.666666666666667
876,13.0,10.0,2012,2012-10-28,09:30:00,buddh,bruno_senna,williams,4,9,22,3.0,18.333333333333332,15.666666666666666,2.6666666666666665
876,10.0,11.0,2012,2012-10-28,09:30:00,buddh,rosberg,mercedes,4,60,14,-1.0,13.0,7.666666666666667,5.333333333333333
876,16.0,12.0,2012,2012-10-28,09:30:00,buddh,resta,force_india,4,57,6,4.0,10.333333333333334,9.333333333333334,1.0
876,15.0,13.0,2012,2012-10-28,09:30:00,buddh,ricciardo,toro_rosso,4,58,20,2.0,16.666666666666668,9.333333333333334,7.333333333333333
876,17.0,14.0,2012,2012-10-28,09:30:00,buddh,kobayashi,sauber,4,32,19,3.0,9.333333333333334,8.333333333333334,1.0
876,18.0,15.0,2012,2012-10-28,09:30:00,buddh,vergne,toro_rosso,4,72,20,3.0,16.666666666666668,9.666666666666666,7.0
876,9.0,16.0,2012,2012-10-28,09:30:00,buddh,maldonado,williams,4,41,22,-7.0,16.333333333333332,11.0,5.333333333333333
876,19.0,17.0,2012,2012-10-28,09:30:00,buddh,petrov,caterham,4,52,4,2.0,19.333333333333332,17.333333333333332,2.0
876,20.0,18.0,2012,2012-10-28,09:30:00,buddh,kovalainen,caterham,4,33,4,2.0,18.333333333333332,15.666666666666666,2.6666666666666665
876,24.0,19.0,2012,2012-10-28,09:30:00,buddh,pic,marussia,4,54,12,5.0,21.666666666666668,17.0,4.666666666666667
876,21.0,20.0,2012,2012-10-28,09:30:00,buddh,glock,marussia,4,19,12,1.0,19.333333333333332,15.333333333333334,4.0
877,4.0,1.0,2012,2012-11-04,13:00:00,yas_marina,raikkonen,lotus_f1,32,56,9,3.0,6.333333333333333,6.0,0.3333333333333333
877,6.0,2.0,2012,2012-11-04,13:00:00,yas_marina,alonso,ferrari,32,3,5,4.0,4.666666666666667,2.6666666666666665,2.0
877,24.0,3.0,2012,2012-11-04,13:00:00,yas_marina,vettel,red_bull,32,73,17,21.0,1.3333333333333333,1.0,0.3333333333333333
877,5.0,4.0,2012,2012-11-04,13:00:00,yas_marina,button,mclaren,32,11,13,1.0,5.333333333333333,3.6666666666666665,1.6666666666666667
877,3.0,5.0,2012,2012-11-04,13:00:00,yas_marina,maldonado,williams,32,41,22,-2.0,12.0,12.666666666666666,-0.6666666666666666
877,15.0,6.0,2012,2012-11-04,13:00:00,yas_marina,kobayashi,sauber,32,32,19,9.0,12.333333333333334,10.0,2.3333333333333335
877,8.0,7.0,2012,2012-11-04,13:00:00,yas_marina,massa,ferrari,32,42,5,1.0,7.333333333333333,4.0,3.3333333333333335
877,14.0,8.0,2012,2012-11-04,13:00:00,yas_marina,bruno_senna,williams,32,9,22,6.0,15.333333333333334,13.0,2.3333333333333335
877,12.0,9.0,2012,2012-11-04,13:00:00,yas_marina,resta,force_india,32,57,6,3.0,13.666666666666666,12.0,1.6666666666666667
877,16.0,10.0,2012,2012-11-04,13:00:00,yas_marina,ricciardo,toro_rosso,32,58,20,6.0,16.666666666666668,10.666666666666666,6.0
877,13.0,11.0,2012,2012-11-04,13:00:00,yas_marina,michael_schumacher,mercedes,32,46,14,2.0,12.333333333333334,10.0,2.3333333333333335
877,17.0,12.0,2012,2012-11-04,13:00:00,yas_marina,vergne,toro_rosso,32,72,20,5.0,17.666666666666668,12.0,5.666666666666667
877,18.0,13.0,2012,2012-11-04,13:00:00,yas_marina,kovalainen,caterham,32,33,4,5.0,18.666666666666668,16.666666666666668,2.0
877,21.0,14.0,2012,2012-11-04,13:00:00,yas_marina,glock,marussia,32,19,12,7.0,19.666666666666668,18.0,1.6666666666666667
877,11.0,15.0,2012,2012-11-04,13:00:00,yas_marina,perez,sauber,32,51,19,-4.0,12.666666666666666,7.666666666666667,5.0
877,20.0,16.0,2012,2012-11-04,13:00:00,yas_marina,petrov,caterham,32,52,4,4.0,19.666666666666668,16.666666666666668,3.0
877,22.0,17.0,2012,2012-11-04,13:00:00,yas_marina,rosa,hrt,32,59,8,5.0,22.333333333333332,17.666666666666668,4.666666666666667
878,2.0,1.0,2012,2012-11-18,19:00:00,americas,hamilton,mclaren,1,23,13,1.0,5.0,6.333333333333333,-1.3333333333333333
878,1.0,2.0,2012,2012-11-18,19:00:00,americas,vettel,red_bull,1,73,17,-1.0,9.0,1.6666666666666667,7.333333333333333
878,7.0,3.0,2012,2012-11-18,19:00:00,americas,alonso,ferrari,1,3,5,4.0,5.0,2.3333333333333335,2.6666666666666665
878,11.0,4.0,2012,2012-11-18,19:00:00,americas,massa,ferrari,1,42,5,7.0,6.666666666666667,5.666666666666667,1.0
878,12.0,5.0,2012,2012-11-18,19:00:00,americas,button,mclaren,1,11,13,7.0,5.666666666666667,4.333333333333333,1.3333333333333333
878,4.0,6.0,2012,2012-11-18,19:00:00,americas,raikkonen,lotus_f1,1,56,9,-2.0,5.333333333333333,4.333333333333333,1.0
878,8.0,7.0,2012,2012-11-18,19:00:00,americas,grosjean,lotus_f1,1,21,9,1.0,7.333333333333333,11.666666666666666,-4.333333333333333
878,6.0,8.0,2012,2012-11-18,19:00:00,americas,hulkenberg,force_india,1,26,6,-2.0,11.666666666666666,7.0,4.666666666666667
878,9.0,9.0,2012,2012-11-18,19:00:00,americas,maldonado,williams,1,41,22,0.0,9.0,11.666666666666666,-2.6666666666666665
878,10.0,10.0,2012,2012-11-18,19:00:00,americas,bruno_senna,williams,1,9,22,0.0,14.666666666666666,11.0,3.6666666666666665
878,15.0,11.0,2012,2012-11-18,19:00:00,americas,perez,sauber,1,51,19,4.0,12.333333333333334,12.0,0.3333333333333333
878,18.0,12.0,2012,2012-11-18,19:00:00,americas,ricciardo,toro_rosso,1,58,20,6.0,17.333333333333332,10.666666666666666,6.666666666666667
878,17.0,13.0,2012,2012-11-18,19:00:00,americas,rosberg,mercedes,1,60,14,4.0,8.666666666666666,7.666666666666667,1.0
878,16.0,14.0,2012,2012-11-18,19:00:00,americas,kobayashi,sauber,1,32,19,2.0,11.666666666666666,7.666666666666667,4.0
878,13.0,15.0,2012,2012-11-18,19:00:00,americas,resta,force_india,1,57,6,-2.0,14.0,11.0,3.0
878,5.0,16.0,2012,2012-11-18,19:00:00,americas,michael_schumacher,mercedes,1,46,14,-11.0,15.333333333333334,11.666666666666666,3.6666666666666665
878,21.0,17.0,2012,2012-11-18,19:00:00,americas,petrov,caterham,1,52,4,4.0,19.0,16.333333333333332,2.6666666666666665
878,22.0,18.0,2012,2012-11-18,19:00:00,americas,kovalainen,caterham,1,33,4,4.0,19.0,16.0,3.0
878,19.0,19.0,2012,2012-11-18,19:00:00,americas,glock,marussia,1,19,12,0.0,20.666666666666668,17.333333333333332,3.3333333333333335
878,20.0,20.0,2012,2012-11-18,19:00:00,americas,pic,marussia,1,54,12,0.0,23.0,18.0,5.0
879,2.0,1.0,2012,2012-11-25,16:00:00,interlagos,button,mclaren,9,11,13,1.0,7.0,4.666666666666667,2.3333333333333335
879,7.0,2.0,2012,2012-11-25,16:00:00,interlagos,alonso,ferrari,9,3,5,5.0,6.0,2.3333333333333335,3.6666666666666665
879,5.0,3.0,2012,2012-11-25,16:00:00,interlagos,massa,ferrari,9,42,5,2.0,8.333333333333334,5.666666666666667,2.6666666666666665
879,3.0,4.0,2012,2012-11-25,16:00:00,interlagos,webber,red_bull,9,74,17,-1.0,1.6666666666666667,4.666666666666667,-3.0
879,6.0,5.0,2012,2012-11-25,16:00:00,interlagos,hulkenberg,force_india,9,26,6,1.0,8.666666666666666,7.333333333333333,1.3333333333333333
879,4.0,6.0,2012,2012-11-25,16:00:00,interlagos,vettel,red_bull,9,73,17,-2.0,8.666666666666666,2.0,6.666666666666667
879,13.0,7.0,2012,2012-11-25,16:00:00,interlagos,michael_schumacher,mercedes,9,46,14,6.0,9.333333333333334,13.333333333333334,-4.0
879,17.0,8.0,2012,2012-11-25,16:00:00,interlagos,vergne,toro_rosso,9,72,20,9.0,17.0,11.666666666666666,5.333333333333333
879,14.0,9.0,2012,2012-11-25,16:00:00,interlagos,kobayashi,sauber,9,32,19,5.0,16.0,11.333333333333334,4.666666666666667
879,8.0,10.0,2012,2012-11-25,16:00:00,interlagos,raikkonen,lotus_f1,9,56,9,-2.0,5.0,4.666666666666667,0.3333333333333333
879,19.0,11.0,2012,2012-11-25,16:00:00,interlagos,petrov,caterham,9,52,4,8.0,20.0,16.666666666666668,3.3333333333333335
879,22.0,12.0,2012,2012-11-25,16:00:00,interlagos,pic,marussia,9,54,12,10.0,22.666666666666668,19.333333333333332,3.3333333333333335
879,15.0,13.0,2012,2012-11-25,16:00:00,interlagos,ricciardo,toro_rosso,9,58,20,2.0,16.333333333333332,11.666666666666666,4.666666666666667
879,20.0,14.0,2012,2012-11-25,16:00:00,interlagos,kovalainen,caterham,9,33,4,6.0,20.0,16.333333333333332,3.6666666666666665
879,9.0,15.0,2012,2012-11-25,16:00:00,interlagos,rosberg,mercedes,9,60,14,-6.0,12.333333333333334,9.666666666666666,2.6666666666666665
879,21.0,16.0,2012,2012-11-25,16:00:00,interlagos,glock,marussia,9,19,12,5.0,20.333333333333332,17.666666666666668,2.6666666666666665
879,24.0,17.0,2012,2012-11-25,16:00:00,interlagos,rosa,hrt,9,59,8,7.0,22.0,17.333333333333332,4.666666666666667
879,23.0,18.0,2012,2012-11-25,16:00:00,interlagos,karthikeyan,hrt,9,29,8,5.0,22.0,19.0,3.0
879,10.0,19.0,2012,2012-11-25,16:00:00,interlagos,resta,force_india,9,57,6,-9.0,13.666666666666666,12.0,1.6666666666666667
880,7.0,1.0,2013,2013-03-17,06:00:00,albert_park,raikkonen,lotus_f1,0,56,9,6.0,5.333333333333333,5.666666666666667,-0.3333333333333333
880,5.0,2.0,2013,2013-03-17,06:00:00,albert_park,alonso,ferrari,0,3,5,3.0,6.666666666666667,2.3333333333333335,4.333333333333333
880,1.0,3.0,2013,2013-03-17,06:00:00,albert_park,vettel,red_bull,0,73,17,-2.0,9.666666666666666,3.6666666666666665,6.0
880,4.0,4.0,2013,2013-03-17,06:00:00,albert_park,massa,ferrari,0,42,5,0.0,8.0,4.666666666666667,3.3333333333333335
880,3.0,5.0,2013,2013-03-17,06:00:00,albert_park,hamilton,mercedes,0,23,14,-2.0,2.6666666666666665,5.0,-2.3333333333333335
880,2.0,6.0,2013,2013-03-17,06:00:00,albert_park,webber,red_bull,0,74,17,-4.0,2.0,3.0,-1.0
880,12.0,7.0,2013,2013-03-17,06:00:00,albert_park,sutil,force_india,0,68,6,5.0,8.333333333333334,7.666666666666667,0.6666666666666666
880,9.0,8.0,2013,2013-03-17,06:00:00,albert_park,resta,force_india,0,57,6,1.0,11.666666666666666,14.333333333333334,-2.6666666666666665
880,10.0,9.0,2013,2013-03-17,06:00:00,albert_park,button,mclaren,0,11,13,1.0,6.333333333333333,3.3333333333333335,3.0
880,8.0,10.0,2013,2013-03-17,06:00:00,albert_park,grosjean,lotus_f1,0,21,9,-2.0,8.666666666666666,7.666666666666667,1.0
880,15.0,11.0,2013,2013-03-17,06:00:00,albert_park,perez,mclaren,0,51,13,4.0,12.666666666666666,12.333333333333334,0.3333333333333333
880,13.0,12.0,2013,2013-03-17,06:00:00,albert_park,vergne,toro_rosso,0,72,20,1.0,17.333333333333332,11.666666666666666,5.666666666666667
880,18.0,13.0,2013,2013-03-17,06:00:00,albert_park,gutierrez,sauber,0,22,19,5.0,,,
880,16.0,14.0,2013,2013-03-17,06:00:00,albert_park,bottas,williams,0,7,22,2.0,,,
880,19.0,15.0,2013,2013-03-17,06:00:00,albert_park,jules_bianchi,marussia,0,28,12,4.0,,,
880,22.0,16.0,2013,2013-03-17,06:00:00,albert_park,pic,caterham,0,54,4,6.0,22.0,17.0,5.0
880,20.0,17.0,2013,2013-03-17,06:00:00,albert_park,chilton,marussia,0,13,12,3.0,,,
880,21.0,18.0,2013,2013-03-17,06:00:00,albert_park,garde,caterham,0,16,4,3.0,,,
881,1.0,1.0,2013,2013-03-24,08:00:00,sepang,vettel,red_bull,23,73,17,0.0,2.0,3.6666666666666665,-1.6666666666666667
881,5.0,2.0,2013,2013-03-24,08:00:00,sepang,webber,red_bull,23,74,17,3.0,2.3333333333333335,4.333333333333333,-2.0
881,4.0,3.0,2013,2013-03-24,08:00:00,sepang,hamilton,mercedes,23,23,14,1.0,2.6666666666666665,3.3333333333333335,-0.6666666666666666
881,6.0,4.0,2013,2013-03-24,08:00:00,sepang,rosberg,mercedes,23,60,14,2.0,12.0,13.0,-1.0
881,2.0,5.0,2013,2013-03-24,08:00:00,sepang,massa,ferrari,23,42,5,-3.0,6.666666666666667,3.6666666666666665,3.0
881,11.0,6.0,2013,2013-03-24,08:00:00,sepang,grosjean,lotus_f1,23,21,9,5.0,9.0,8.666666666666666,0.3333333333333333
881,10.0,7.0,2013,2013-03-24,08:00:00,sepang,raikkonen,lotus_f1,23,56,9,3.0,6.333333333333333,5.666666666666667,0.6666666666666666
881,12.0,8.0,2013,2013-03-24,08:00:00,sepang,hulkenberg,sauber,23,26,19,4.0,8.0,7.0,1.0
881,9.0,9.0,2013,2013-03-24,08:00:00,sepang,perez,mclaren,23,51,13,0.0,13.666666666666666,12.333333333333334,1.3333333333333333
881,17.0,10.0,2013,2013-03-24,08:00:00,sepang,vergne,toro_rosso,23,72,20,7.0,15.666666666666666,10.666666666666666,5.0
881,18.0,11.0,2013,2013-03-24,08:00:00,sepang,bottas,williams,23,7,22,7.0,,,
881,14.0,12.0,2013,2013-03-24,08:00:00,sepang,gutierrez,sauber,23,22,19,2.0,,,
881,19.0,13.0,2013,2013-03-24,08:00:00,sepang,jules_bianchi,marussia,23,28,12,6.0,,,
881,20.0,14.0,2013,2013-03-24,08:00:00,sepang,pic,caterham,23,54,4,6.0,21.333333333333332,16.0,5.333333333333333
881,22.0,15.0,2013,2013-03-24,08:00:00,sepang,garde,caterham,23,16,4,7.0,,,
881,21.0,16.0,2013,2013-03-24,08:00:00,sepang,chilton,marussia,23,13,12,5.0,,,
881,7.0,17.0,2013,2013-03-24,08:00:00,sepang,button,mclaren,23,11,13,-10.0,8.0,5.0,3.0
881,13.0,18.0,2013,2013-03-24,08:00:00,sepang,ricciardo,toro_rosso,23,58,20,-5.0,16.333333333333332,11.666666666666666,4.666666666666667
882,3.0,1.0,2013,2013-04-14,07:00:00,shanghai,alonso,ferrari,24,3,5,2.0,6.333333333333333,2.3333333333333335,4.0
882,2.0,2.0,2013,2013-04-14,07:00:00,shanghai,raikkonen,lotus_f1,24,56,9,0.0,8.333333333333334,6.0,2.3333333333333335
882,1.0,3.0,2013,2013-04-14,07:00:00,shanghai,hamilton,mercedes,24,23,14,-2.0,3.0,3.0,0.0
882,9.0,4.0,2013,2013-04-14,07:00:00,shanghai,vettel,red_bull,24,73,17,5.0,2.0,3.3333333333333335,-1.3333333333333333
882,8.0,5.0,2013,2013-04-14,07:00:00,shanghai,button,mclaren,24,11,13,3.0,6.333333333333333,9.0,-2.6666666666666665
882,5.0,6.0,2013,2013-04-14,07:00:00,shanghai,massa,ferrari,24,42,5,-1.0,3.6666666666666665,4.0,-0.3333333333333333
882,7.0,7.0,2013,2013-04-14,07:00:00,shanghai,ricciardo,toro_rosso,24,58,20,0.0,15.333333333333334,14.333333333333334,1.0
882,11.0,8.0,2013,2013-04-14,07:00:00,shanghai,resta,force_india,24,57,6,3.0,10.666666666666666,14.0,-3.3333333333333335
882,6.0,9.0,2013,2013-04-14,07:00:00,shanghai,grosjean,lotus_f1,24,21,9,-3.0,9.0,7.666666666666667,1.3333333333333333
882,10.0,10.0,2013,2013-04-14,07:00:00,shanghai,hulkenberg,sauber,24,26,19,0.0,8.0,7.0,1.0
882,12.0,11.0,2013,2013-04-14,07:00:00,shanghai,perez,mclaren,24,51,13,1.0,13.0,10.333333333333334,2.6666666666666665
882,15.0,12.0,2013,2013-04-14,07:00:00,shanghai,vergne,toro_rosso,24,72,20,3.0,15.666666666666666,10.0,5.666666666666667
882,16.0,13.0,2013,2013-04-14,07:00:00,shanghai,bottas,williams,24,7,22,3.0,,,
882,14.0,14.0,2013,2013-04-14,07:00:00,shanghai,maldonado,williams,24,41,22,0.0,7.0,10.0,-3.0
882,18.0,15.0,2013,2013-04-14,07:00:00,shanghai,jules_bianchi,marussia,24,28,12,3.0,,,
882,20.0,16.0,2013,2013-04-14,07:00:00,shanghai,pic,caterham,24,54,4,4.0,21.333333333333332,14.0,7.333333333333333
882,19.0,17.0,2013,2013-04-14,07:00:00,shanghai,chilton,marussia,24,13,12,2.0,,,
882,21.0,18.0,2013,2013-04-14,07:00:00,shanghai,garde,caterham,24,16,4,3.0,,,
883,2.0,1.0,2013,2013-04-21,12:00:00,bahrain,vettel,red_bull,2,73,17,1.0,3.6666666666666665,2.6666666666666665,1.0
883,8.0,2.0,2013,2013-04-21,12:00:00,bahrain,raikkonen,lotus_f1,2,56,9,6.0,6.333333333333333,3.3333333333333335,3.0
883,11.0,3.0,2013,2013-04-21,12:00:00,bahrain,grosjean,lotus_f1,2,21,9,8.0,8.333333333333334,8.333333333333334,0.0
883,5.0,4.0,2013,2013-04-21,12:00:00,bahrain,resta,force_india,2,57,6,1.0,10.0,11.666666666666666,-1.6666666666666667
883,9.0,5.0,2013,2013-04-21,12:00:00,bahrain,hamilton,mercedes,2,23,14,4.0,2.6666666666666665,3.6666666666666665,-1.0
883,12.0,6.0,2013,2013-04-21,12:00:00,bahrain,perez,mclaren,2,51,13,6.0,12.0,10.333333333333334,1.6666666666666667
883,7.0,7.0,2013,2013-04-21,12:00:00,bahrain,webber,red_bull,2,74,17,0.0,3.3333333333333335,4.0,-0.6666666666666666
883,3.0,8.0,2013,2013-04-21,12:00:00,bahrain,alonso,ferrari,2,3,5,-5.0,5.0,1.6666666666666667,3.3333333333333335
883,1.0,9.0,2013,2013-04-21,12:00:00,bahrain,rosberg,mercedes,2,60,14,-8.0,10.666666666666666,10.666666666666666,0.0
883,10.0,10.0,2013,2013-04-21,12:00:00,bahrain,button,mclaren,2,11,13,0.0,8.333333333333334,10.333333333333334,-2.0
883,17.0,11.0,2013,2013-04-21,12:00:00,bahrain,maldonado,williams,2,41,22,6.0,8.666666666666666,9.333333333333334,-0.6666666666666666
883,14.0,12.0,2013,2013-04-21,12:00:00,bahrain,hulkenberg,sauber,2,26,19,2.0,9.333333333333334,7.666666666666667,1.6666666666666667
883,6.0,13.0,2013,2013-04-21,12:00:00,bahrain,sutil,force_india,2,68,6,-7.0,9.666666666666666,7.0,2.6666666666666665
883,15.0,14.0,2013,2013-04-21,12:00:00,bahrain,bottas,williams,2,7,22,1.0,16.666666666666668,12.666666666666666,4.0
883,4.0,15.0,2013,2013-04-21,12:00:00,bahrain,massa,ferrari,2,42,5,-11.0,3.6666666666666665,5.0,-1.3333333333333333
883,13.0,16.0,2013,2013-04-21,12:00:00,bahrain,ricciardo,toro_rosso,2,58,20,-3.0,11.666666666666666,12.666666666666666,-1.0
883,18.0,17.0,2013,2013-04-21,12:00:00,bahrain,pic,caterham,2,54,4,1.0,20.666666666666668,15.333333333333334,5.333333333333333
883,22.0,18.0,2013,2013-04-21,12:00:00,bahrain,gutierrez,sauber,2,22,19,4.0,,,
883,19.0,19.0,2013,2013-04-21,12:00:00,bahrain,jules_bianchi,marussia,2,28,12,0.0,18.666666666666668,14.333333333333334,4.333333333333333
883,21.0,20.0,2013,2013-04-21,12:00:00,bahrain,chilton,marussia,2,13,12,1.0,20.0,16.666666666666668,3.3333333333333335
884,5.0,1.0,2013,2013-05-12,12:00:00,catalunya,alonso,ferrari,5,3,5,4.0,3.6666666666666665,3.6666666666666665,0.0
884,4.0,2.0,2013,2013-05-12,12:00:00,catalunya,raikkonen,lotus_f1,5,56,9,2.0,6.666666666666667,3.6666666666666665,3.0
884,9.0,3.0,2013,2013-05-12,12:00:00,catalunya,massa,ferrari,5,42,5,6.0,3.6666666666666665,8.666666666666666,-5.0
884,3.0,4.0,2013,2013-05-12,12:00:00,catalunya,vettel,red_bull,5,73,17,-1.0,4.0,2.0,2.0
884,7.0,5.0,2013,2013-05-12,12:00:00,catalunya,webber,red_bull,5,74,17,2.0,4.666666666666667,5.0,-0.3333333333333333
884,1.0,6.0,2013,2013-05-12,12:00:00,catalunya,rosberg,mercedes,5,60,14,-5.0,5.333333333333333,9.333333333333334,-4.0
884,10.0,7.0,2013,2013-05-12,12:00:00,catalunya,resta,force_india,5,57,6,3.0,8.333333333333334,6.666666666666667,1.6666666666666667
884,14.0,8.0,2013,2013-05-12,12:00:00,catalunya,button,mclaren,5,11,13,6.0,8.333333333333334,10.666666666666666,-2.3333333333333335
884,8.0,9.0,2013,2013-05-12,12:00:00,catalunya,perez,mclaren,5,51,13,-1.0,11.0,8.666666666666666,2.3333333333333335
884,11.0,10.0,2013,2013-05-12,12:00:00,catalunya,ricciardo,toro_rosso,5,58,20,1.0,11.0,13.666666666666666,-2.6666666666666665
884,19.0,11.0,2013,2013-05-12,12:00:00,catalunya,gutierrez,sauber,5,22,19,8.0,18.0,14.333333333333334,3.6666666666666665
884,2.0,12.0,2013,2013-05-12,12:00:00,catalunya,hamilton,mercedes,5,23,14,-10.0,4.666666666666667,3.6666666666666665,1.0
884,13.0,13.0,2013,2013-05-12,12:00:00,catalunya,sutil,force_india,5,68,6,0.0,8.666666666666666,8.666666666666666,0.0
884,17.0,14.0,2013,2013-05-12,12:00:00,catalunya,maldonado,williams,5,41,22,3.0,13.333333333333334,11.333333333333334,2.0
884,15.0,15.0,2013,2013-05-12,12:00:00,catalunya,hulkenberg,sauber,5,26,19,0.0,12.0,10.0,2.0
884,16.0,16.0,2013,2013-05-12,12:00:00,catalunya,bottas,williams,5,7,22,0.0,16.333333333333332,12.666666666666666,3.6666666666666665
884,22.0,17.0,2013,2013-05-12,12:00:00,catalunya,pic,caterham,5,54,4,5.0,19.333333333333332,15.666666666666666,3.6666666666666665
884,20.0,18.0,2013,2013-05-12,12:00:00,catalunya,jules_bianchi,marussia,5,28,12,2.0,18.666666666666668,15.666666666666666,3.0
884,21.0,19.0,2013,2013-05-12,12:00:00,catalunya,chilton,marussia,5,13,12,2.0,20.333333333333332,17.666666666666668,2.6666666666666665
884,12.0,20.0,2013,2013-05-12,12:00:00,catalunya,vergne,toro_rosso,5,72,20,-8.0,15.0,11.333333333333334,3.6666666666666665
885,1.0,1.0,2013,2013-05-26,12:00:00,monaco,rosberg,mercedes,15,60,14,0.0,2.6666666666666665,6.333333333333333,-3.6666666666666665
885,3.0,2.0,2013,2013-05-26,12:00:00,monaco,vettel,red_bull,15,73,17,1.0,4.666666666666667,3.0,1.6666666666666667
885,4.0,3.0,2013,2013-05-26,12:00:00,monaco,webber,red_bull,15,74,17,1.0,6.333333333333333,4.666666666666667,1.6666666666666667
885,2.0,4.0,2013,2013-05-26,12:00:00,monaco,hamilton,mercedes,15,23,14,-2.0,4.0,6.666666666666667,-2.6666666666666665
885,8.0,5.0,2013,2013-05-26,12:00:00,monaco,sutil,force_india,15,68,6,3.0,10.333333333333334,11.0,-0.6666666666666666
885,9.0,6.0,2013,2013-05-26,12:00:00,monaco,button,mclaren,15,11,13,3.0,10.666666666666666,7.666666666666667,3.0
885,6.0,7.0,2013,2013-05-26,12:00:00,monaco,alonso,ferrari,15,3,5,-1.0,3.6666666666666665,3.3333333333333335,0.3333333333333333
885,10.0,8.0,2013,2013-05-26,12:00:00,monaco,vergne,toro_rosso,15,72,20,2.0,14.666666666666666,14.0,0.6666666666666666
885,17.0,9.0,2013,2013-05-26,12:00:00,monaco,resta,force_india,15,57,6,8.0,8.666666666666666,6.333333333333333,2.3333333333333335
885,5.0,10.0,2013,2013-05-26,12:00:00,monaco,raikkonen,lotus_f1,15,56,9,-5.0,4.666666666666667,2.0,2.6666666666666665
885,11.0,11.0,2013,2013-05-26,12:00:00,monaco,hulkenberg,sauber,15,26,19,0.0,13.0,12.333333333333334,0.6666666666666666
885,14.0,12.0,2013,2013-05-26,12:00:00,monaco,bottas,williams,15,7,22,2.0,15.666666666666666,14.333333333333334,1.3333333333333333
885,19.0,13.0,2013,2013-05-26,12:00:00,monaco,gutierrez,sauber,15,22,19,6.0,18.333333333333332,13.666666666666666,4.666666666666667
885,22.0,14.0,2013,2013-05-26,12:00:00,monaco,chilton,marussia,15,13,12,8.0,20.333333333333332,18.666666666666668,1.6666666666666667
885,15.0,15.0,2013,2013-05-26,12:00:00,monaco,garde,caterham,15,16,4,0.0,21.333333333333332,17.0,4.333333333333333
885,7.0,16.0,2013,2013-05-26,12:00:00,monaco,perez,mclaren,15,51,13,-9.0,10.666666666666666,8.666666666666666,2.0
886,1.0,1.0,2013,2013-06-09,18:00:00,villeneuve,vettel,red_bull,31,73,17,0.0,2.6666666666666665,2.3333333333333335,0.3333333333333333
886,6.0,2.0,2013,2013-06-09,18:00:00,villeneuve,alonso,ferrari,31,3,5,4.0,4.666666666666667,5.333333333333333,-0.6666666666666666
886,2.0,3.0,2013,2013-06-09,18:00:00,villeneuve,hamilton,mercedes,31,23,14,-1.0,4.333333333333333,7.0,-2.6666666666666665
886,5.0,4.0,2013,2013-06-09,18:00:00,villeneuve,webber,red_bull,31,74,17,1.0,6.0,5.0,1.0
886,4.0,5.0,2013,2013-06-09,18:00:00,villeneuve,rosberg,mercedes,31,60,14,-1.0,1.0,5.333333333333333,-4.333333333333333
886,7.0,6.0,2013,2013-06-09,18:00:00,villeneuve,vergne,toro_rosso,31,72,20,1.0,12.333333333333334,13.333333333333334,-1.0
886,17.0,7.0,2013,2013-06-09,18:00:00,villeneuve,resta,force_india,31,57,6,10.0,10.666666666666666,6.666666666666667,4.0
886,16.0,8.0,2013,2013-06-09,18:00:00,villeneuve,massa,ferrari,31,42,5,8.0,6.0,8.0,-2.0
886,10.0,9.0,2013,2013-06-09,18:00:00,villeneuve,raikkonen,lotus_f1,31,56,9,1.0,5.666666666666667,4.666666666666667,1.0
886,8.0,10.0,2013,2013-06-09,18:00:00,villeneuve,sutil,force_india,31,68,6,-2.0,9.0,10.333333333333334,-1.3333333333333333
886,12.0,11.0,2013,2013-06-09,18:00:00,villeneuve,perez,mclaren,31,51,13,1.0,9.0,10.333333333333334,-1.3333333333333333
886,14.0,12.0,2013,2013-06-09,18:00:00,villeneuve,button,mclaren,31,11,13,2.0,11.0,8.0,3.0
886,22.0,13.0,2013,2013-06-09,18:00:00,villeneuve,grosjean,lotus_f1,31,21,9,9.0,9.333333333333334,6.0,3.3333333333333335
886,3.0,14.0,2013,2013-06-09,18:00:00,villeneuve,bottas,williams,31,7,22,-11.0,15.0,14.0,1.0
886,11.0,15.0,2013,2013-06-09,18:00:00,villeneuve,ricciardo,toro_rosso,31,58,20,-4.0,10.333333333333334,11.0,-0.6666666666666666
886,13.0,16.0,2013,2013-06-09,18:00:00,villeneuve,maldonado,williams,31,41,22,-3.0,16.0,13.0,3.0
886,19.0,17.0,2013,2013-06-09,18:00:00,villeneuve,jules_bianchi,marussia,31,28,12,2.0,19.0,17.333333333333332,1.6666666666666667
886,18.0,18.0,2013,2013-06-09,18:00:00,villeneuve,pic,caterham,31,54,4,0.0,20.0,16.666666666666668,3.3333333333333335
886,20.0,19.0,2013,2013-06-09,18:00:00,villeneuve,chilton,marussia,31,13,12,1.0,21.333333333333332,17.666666666666668,3.6666666666666665
886,15.0,20.0,2013,2013-06-09,18:00:00,villeneuve,gutierrez,sauber,31,22,19,-5.0,20.0,14.0,6.0
887,2.0,1.0,2013,2013-06-30,12:00:00,silverstone,rosberg,mercedes,25,60,14,1.0,2.0,4.0,-2.0
887,4.0,2.0,2013,2013-06-30,12:00:00,silverstone,webber,red_bull,25,74,17,2.0,5.333333333333333,4.0,1.3333333333333333
887,9.0,3.0,2013,2013-06-30,12:00:00,silverstone,alonso,ferrari,25,3,5,6.0,5.666666666666667,3.3333333333333335,2.3333333333333335
887,1.0,4.0,2013,2013-06-30,12:00:00,silverstone,hamilton,mercedes,25,23,14,-3.0,2.0,6.333333333333333,-4.333333333333333
887,8.0,5.0,2013,2013-06-30,12:00:00,silverstone,raikkonen,lotus_f1,25,56,9,3.0,6.333333333333333,7.0,-0.6666666666666666
887,11.0,6.0,2013,2013-06-30,12:00:00,silverstone,massa,ferrari,25,42,5,5.0,9.666666666666666,8.666666666666666,1.0
887,6.0,7.0,2013,2013-06-30,12:00:00,silverstone,sutil,force_india,25,68,6,-1.0,9.666666666666666,9.333333333333334,0.3333333333333333
887,5.0,8.0,2013,2013-06-30,12:00:00,silverstone,ricciardo,toro_rosso,25,58,20,-3.0,11.666666666666666,13.666666666666666,-2.0
887,21.0,9.0,2013,2013-06-30,12:00:00,silverstone,resta,force_india,25,57,6,12.0,14.666666666666666,7.666666666666667,7.0
887,14.0,10.0,2013,2013-06-30,12:00:00,silverstone,hulkenberg,sauber,25,26,19,4.0,13.333333333333334,12.666666666666666,0.6666666666666666
887,15.0,11.0,2013,2013-06-30,12:00:00,silverstone,maldonado,williams,25,41,22,4.0,15.666666666666666,13.666666666666666,2.0
887,16.0,12.0,2013,2013-06-30,12:00:00,silverstone,bottas,williams,25,7,22,4.0,11.0,14.0,-3.0
887,10.0,13.0,2013,2013-06-30,12:00:00,silverstone,button,mclaren,25,11,13,-3.0,12.333333333333334,8.666666666666666,3.6666666666666665
887,17.0,14.0,2013,2013-06-30,12:00:00,silverstone,gutierrez,sauber,25,22,19,3.0,17.666666666666668,14.666666666666666,3.0
887,18.0,15.0,2013,2013-06-30,12:00:00,silverstone,pic,caterham,25,54,4,3.0,19.333333333333332,17.333333333333332,2.0
887,19.0,16.0,2013,2013-06-30,12:00:00,silverstone,jules_bianchi,marussia,25,28,12,3.0,19.333333333333332,18.0,1.3333333333333333
887,20.0,17.0,2013,2013-06-30,12:00:00,silverstone,chilton,marussia,25,13,12,3.0,21.0,17.333333333333332,3.6666666666666665
887,22.0,18.0,2013,2013-06-30,12:00:00,silverstone,garde,caterham,25,16,4,4.0,19.333333333333332,16.0,3.3333333333333335
887,7.0,19.0,2013,2013-06-30,12:00:00,silverstone,grosjean,lotus_f1,25,21,9,-12.0,13.0,8.333333333333334,4.666666666666667
887,13.0,20.0,2013,2013-06-30,12:00:00,silverstone,perez,mclaren,25,51,13,-7.0,9.0,12.0,-3.0
888,2.0,1.0,2013,2013-07-07,12:00:00,nurburgring,vettel,red_bull,18,73,17,1.0,2.3333333333333335,2.3333333333333335,0.0
888,4.0,2.0,2013,2013-07-07,12:00:00,nurburgring,raikkonen,lotus_f1,18,56,9,2.0,7.666666666666667,8.0,-0.3333333333333333
888,5.0,3.0,2013,2013-07-07,12:00:00,nurburgring,grosjean,lotus_f1,18,21,9,2.0,13.333333333333334,11.666666666666666,1.6666666666666667
888,8.0,4.0,2013,2013-07-07,12:00:00,nurburgring,alonso,ferrari,18,3,5,4.0,7.0,4.0,3.0
888,1.0,5.0,2013,2013-07-07,12:00:00,nurburgring,hamilton,mercedes,18,23,14,-4.0,1.6666666666666667,3.6666666666666665,-2.0
888,9.0,6.0,2013,2013-07-07,12:00:00,nurburgring,button,mclaren,18,11,13,3.0,11.0,10.333333333333334,0.6666666666666666
888,3.0,7.0,2013,2013-07-07,12:00:00,nurburgring,webber,red_bull,18,74,17,-4.0,4.333333333333333,3.0,1.3333333333333333
888,13.0,8.0,2013,2013-07-07,12:00:00,nurburgring,perez,mclaren,18,51,13,5.0,10.666666666666666,15.666666666666666,-5.0
888,11.0,9.0,2013,2013-07-07,12:00:00,nurburgring,rosberg,mercedes,18,60,14,2.0,2.3333333333333335,2.3333333333333335,0.0
888,10.0,10.0,2013,2013-07-07,12:00:00,nurburgring,hulkenberg,sauber,18,26,19,0.0,13.333333333333334,12.0,1.3333333333333333
888,12.0,11.0,2013,2013-07-07,12:00:00,nurburgring,resta,force_india,18,57,6,1.0,18.333333333333332,8.333333333333334,10.0
888,6.0,12.0,2013,2013-07-07,12:00:00,nurburgring,ricciardo,toro_rosso,18,58,20,-6.0,9.0,11.0,-2.0
888,15.0,13.0,2013,2013-07-07,12:00:00,nurburgring,sutil,force_india,18,68,6,2.0,7.333333333333333,7.333333333333333,0.0
888,14.0,14.0,2013,2013-07-07,12:00:00,nurburgring,gutierrez,sauber,18,22,19,0.0,17.0,15.666666666666666,1.3333333333333333
888,18.0,15.0,2013,2013-07-07,12:00:00,nurburgring,maldonado,williams,18,41,22,3.0,15.0,13.666666666666666,1.3333333333333333
888,17.0,16.0,2013,2013-07-07,12:00:00,nurburgring,bottas,williams,18,7,22,1.0,11.0,12.666666666666666,-1.6666666666666667
888,22.0,17.0,2013,2013-07-07,12:00:00,nurburgring,pic,caterham,18,54,4,5.0,19.333333333333332,16.666666666666668,2.6666666666666665
888,20.0,18.0,2013,2013-07-07,12:00:00,nurburgring,garde,caterham,18,16,4,2.0,19.333333333333332,17.0,2.3333333333333335
888,21.0,19.0,2013,2013-07-07,12:00:00,nurburgring,chilton,marussia,18,13,12,2.0,20.666666666666668,16.666666666666668,4.0
890,1.0,1.0,2013,2013-07-28,12:00:00,hungaroring,hamilton,mercedes,7,23,14,0.0,1.3333333333333333,4.0,-2.6666666666666665
890,6.0,2.0,2013,2013-07-28,12:00:00,hungaroring,raikkonen,lotus_f1,7,56,9,4.0,7.333333333333333,5.333333333333333,2.0
890,2.0,3.0,2013,2013-07-28,12:00:00,hungaroring,vettel,red_bull,7,73,17,-1.0,2.0,1.3333333333333333,0.6666666666666666
890,10.0,4.0,2013,2013-07-28,12:00:00,hungaroring,webber,red_bull,7,74,17,6.0,4.0,4.333333333333333,-0.3333333333333333
890,5.0,5.0,2013,2013-07-28,12:00:00,hungaroring,alonso,ferrari,7,3,5,0.0,7.666666666666667,3.0,4.666666666666667
890,3.0,6.0,2013,2013-07-28,12:00:00,hungaroring,grosjean,lotus_f1,7,21,9,-3.0,11.333333333333334,11.666666666666666,-0.3333333333333333
890,13.0,7.0,2013,2013-07-28,12:00:00,hungaroring,button,mclaren,7,11,13,6.0,11.0,10.333333333333334,0.6666666666666666
890,7.0,8.0,2013,2013-07-28,12:00:00,hungaroring,massa,ferrari,7,42,5,-1.0,12.0,5.666666666666667,6.333333333333333
890,9.0,9.0,2013,2013-07-28,12:00:00,hungaroring,perez,mclaren,7,51,13,0.0,12.666666666666666,13.0,-0.3333333333333333
890,15.0,10.0,2013,2013-07-28,12:00:00,hungaroring,maldonado,williams,7,41,22,5.0,15.333333333333334,14.0,1.3333333333333333
890,12.0,11.0,2013,2013-07-28,12:00:00,hungaroring,hulkenberg,sauber,7,26,19,1.0,11.666666666666666,10.333333333333334,1.3333333333333333
890,14.0,12.0,2013,2013-07-28,12:00:00,hungaroring,vergne,toro_rosso,7,72,20,2.0,9.666666666666666,11.333333333333334,-1.6666666666666667
890,8.0,13.0,2013,2013-07-28,12:00:00,hungaroring,ricciardo,toro_rosso,7,58,20,-5.0,7.333333333333333,11.666666666666666,-4.333333333333333
890,20.0,14.0,2013,2013-07-28,12:00:00,hungaroring,garde,caterham,7,16,4,6.0,19.0,17.0,2.0
890,19.0,15.0,2013,2013-07-28,12:00:00,hungaroring,pic,caterham,7,54,4,4.0,19.333333333333332,16.666666666666668,2.6666666666666665
890,21.0,16.0,2013,2013-07-28,12:00:00,hungaroring,jules_bianchi,marussia,7,28,12,5.0,19.333333333333332,17.0,2.3333333333333335
890,22.0,17.0,2013,2013-07-28,12:00:00,hungaroring,chilton,marussia,7,13,12,5.0,20.333333333333332,18.333333333333332,2.0
890,18.0,18.0,2013,2013-07-28,12:00:00,hungaroring,resta,force_india,7,57,6,0.0,16.666666666666668,9.0,7.666666666666667
890,4.0,19.0,2013,2013-07-28,12:00:00,hungaroring,rosberg,mercedes,7,60,14,-15.0,5.666666666666667,5.0,0.6666666666666666
891,2.0,1.0,2013,2013-08-25,12:00:00,spa,vettel,red_bull,27,73,17,1.0,1.6666666666666667,1.6666666666666667,0.0
891,9.0,2.0,2013,2013-08-25,12:00:00,spa,alonso,ferrari,27,3,5,7.0,7.333333333333333,4.0,3.3333333333333335
891,1.0,3.0,2013,2013-08-25,12:00:00,spa,hamilton,mercedes,27,23,14,-2.0,1.0,3.3333333333333335,-2.3333333333333335
891,4.0,4.0,2013,2013-08-25,12:00:00,spa,rosberg,mercedes,27,60,14,0.0,5.666666666666667,9.666666666666666,-4.0
891,3.0,5.0,2013,2013-08-25,12:00:00,spa,webber,red_bull,27,74,17,-2.0,5.666666666666667,4.333333333333333,1.3333333333333333
891,6.0,6.0,2013,2013-08-25,12:00:00,spa,button,mclaren,27,11,13,0.0,10.666666666666666,8.666666666666666,2.0
891,10.0,7.0,2013,2013-08-25,12:00:00,spa,massa,ferrari,27,42,5,3.0,11.333333333333334,7.333333333333333,4.0
891,7.0,8.0,2013,2013-08-25,12:00:00,spa,grosjean,lotus_f1,27,21,9,-1.0,5.0,9.333333333333334,-4.333333333333333
891,12.0,9.0,2013,2013-08-25,12:00:00,spa,sutil,force_india,27,68,6,3.0,9.666666666666666,10.0,-0.3333333333333333
891,19.0,10.0,2013,2013-08-25,12:00:00,spa,ricciardo,toro_rosso,27,58,20,9.0,6.333333333333333,11.0,-4.666666666666667
891,13.0,11.0,2013,2013-08-25,12:00:00,spa,perez,mclaren,27,51,13,2.0,11.666666666666666,12.333333333333334,-0.6666666666666666
891,18.0,12.0,2013,2013-08-25,12:00:00,spa,vergne,toro_rosso,27,72,20,6.0,10.333333333333334,8.666666666666666,1.6666666666666667
891,11.0,13.0,2013,2013-08-25,12:00:00,spa,hulkenberg,sauber,27,26,19,-2.0,12.0,10.333333333333334,1.6666666666666667
891,21.0,14.0,2013,2013-08-25,12:00:00,spa,gutierrez,sauber,27,22,19,7.0,15.333333333333334,16.0,-0.6666666666666666
891,20.0,15.0,2013,2013-08-25,12:00:00,spa,bottas,williams,27,7,22,5.0,12.0,14.0,-2.0
891,14.0,16.0,2013,2013-08-25,12:00:00,spa,garde,caterham,27,16,4,-2.0,20.666666666666668,16.666666666666668,4.0
891,17.0,17.0,2013,2013-08-25,12:00:00,spa,maldonado,williams,27,41,22,0.0,16.0,12.0,4.0
891,15.0,18.0,2013,2013-08-25,12:00:00,spa,jules_bianchi,marussia,27,28,12,-3.0,19.666666666666668,16.333333333333332,3.3333333333333335
891,16.0,19.0,2013,2013-08-25,12:00:00,spa,chilton,marussia,27,13,12,-3.0,21.0,17.666666666666668,3.3333333333333335
892,1.0,1.0,2013,2013-09-08,12:00:00,monza,vettel,red_bull,16,73,17,0.0,2.0,1.6666666666666667,0.3333333333333333
892,5.0,2.0,2013,2013-09-08,12:00:00,monza,alonso,ferrari,16,3,5,3.0,7.333333333333333,3.6666666666666665,3.6666666666666665
892,2.0,3.0,2013,2013-09-08,12:00:00,monza,webber,red_bull,16,74,17,-1.0,5.333333333333333,5.333333333333333,0.0
892,4.0,4.0,2013,2013-09-08,12:00:00,monza,massa,ferrari,16,42,5,0.0,9.333333333333334,7.0,2.3333333333333335
892,3.0,5.0,2013,2013-09-08,12:00:00,monza,hulkenberg,sauber,16,26,19,-2.0,11.0,11.333333333333334,-0.3333333333333333
892,6.0,6.0,2013,2013-09-08,12:00:00,monza,rosberg,mercedes,16,60,14,0.0,6.333333333333333,10.666666666666666,-4.333333333333333
892,7.0,7.0,2013,2013-09-08,12:00:00,monza,ricciardo,toro_rosso,16,58,20,0.0,11.0,11.666666666666666,-0.6666666666666666
892,13.0,8.0,2013,2013-09-08,12:00:00,monza,grosjean,lotus_f1,16,21,9,5.0,5.0,5.666666666666667,-0.6666666666666666
892,12.0,9.0,2013,2013-09-08,12:00:00,monza,hamilton,mercedes,16,23,14,3.0,1.0,3.0,-2.0
892,9.0,10.0,2013,2013-09-08,12:00:00,monza,button,mclaren,16,11,13,-1.0,9.333333333333334,6.333333333333333,3.0
892,11.0,11.0,2013,2013-09-08,12:00:00,monza,raikkonen,lotus_f1,16,56,9,0.0,6.0,3.0,3.0
892,8.0,12.0,2013,2013-09-08,12:00:00,monza,perez,mclaren,16,51,13,-4.0,11.666666666666666,9.333333333333334,2.3333333333333335
892,16.0,13.0,2013,2013-09-08,12:00:00,monza,gutierrez,sauber,16,22,19,3.0,17.333333333333332,14.0,3.3333333333333335
892,14.0,14.0,2013,2013-09-08,12:00:00,monza,maldonado,williams,16,41,22,0.0,16.666666666666668,14.0,2.6666666666666665
892,18.0,15.0,2013,2013-09-08,12:00:00,monza,bottas,williams,16,7,22,3.0,17.666666666666668,14.333333333333334,3.3333333333333335
892,17.0,16.0,2013,2013-09-08,12:00:00,monza,sutil,force_india,16,68,6,1.0,11.0,9.666666666666666,1.3333333333333333
892,20.0,17.0,2013,2013-09-08,12:00:00,monza,pic,caterham,16,54,4,3.0,19.666666666666668,15.666666666666666,4.0
892,19.0,18.0,2013,2013-09-08,12:00:00,monza,garde,caterham,16,16,4,1.0,18.0,16.0,2.0
892,21.0,19.0,2013,2013-09-08,12:00:00,monza,jules_bianchi,marussia,16,28,12,2.0,18.333333333333332,16.666666666666668,1.6666666666666667
892,22.0,20.0,2013,2013-09-08,12:00:00,monza,chilton,marussia,16,13,12,2.0,19.666666666666668,18.333333333333332,1.3333333333333333
893,1.0,1.0,2013,2013-09-22,12:00:00,marina_bay,vettel,red_bull,13,73,17,0.0,1.6666666666666667,1.6666666666666667,0.0
893,7.0,2.0,2013,2013-09-22,12:00:00,marina_bay,alonso,ferrari,13,3,5,5.0,6.333333333333333,3.0,3.3333333333333335
893,13.0,3.0,2013,2013-09-22,12:00:00,marina_bay,raikkonen,lotus_f1,13,56,9,10.0,7.0,5.0,2.0
893,2.0,4.0,2013,2013-09-22,12:00:00,marina_bay,rosberg,mercedes,13,60,14,-2.0,4.666666666666667,9.666666666666666,-5.0
893,5.0,5.0,2013,2013-09-22,12:00:00,marina_bay,hamilton,mercedes,13,23,14,0.0,4.666666666666667,4.333333333333333,0.3333333333333333
893,6.0,6.0,2013,2013-09-22,12:00:00,marina_bay,massa,ferrari,13,42,5,0.0,7.0,6.333333333333333,0.6666666666666666
893,8.0,7.0,2013,2013-09-22,12:00:00,marina_bay,button,mclaren,13,11,13,1.0,9.333333333333334,7.666666666666667,1.6666666666666667
893,14.0,8.0,2013,2013-09-22,12:00:00,marina_bay,perez,mclaren,13,51,13,6.0,10.0,10.666666666666666,-0.6666666666666666
893,11.0,9.0,2013,2013-09-22,12:00:00,marina_bay,hulkenberg,sauber,13,26,19,2.0,8.666666666666666,9.666666666666666,-1.0
893,15.0,10.0,2013,2013-09-22,12:00:00,marina_bay,sutil,force_india,13,68,6,5.0,14.666666666666666,12.666666666666666,2.0
893,18.0,11.0,2013,2013-09-22,12:00:00,marina_bay,maldonado,williams,13,41,22,7.0,15.333333333333334,13.666666666666666,1.6666666666666667
893,10.0,12.0,2013,2013-09-22,12:00:00,marina_bay,gutierrez,sauber,13,22,19,-2.0,17.0,13.666666666666666,3.3333333333333335
893,16.0,13.0,2013,2013-09-22,12:00:00,marina_bay,bottas,williams,13,7,22,3.0,18.333333333333332,15.333333333333334,3.0
893,12.0,14.0,2013,2013-09-22,12:00:00,marina_bay,vergne,toro_rosso,13,72,20,-2.0,13.0,10.0,3.0
893,4.0,15.0,2013,2013-09-22,12:00:00,marina_bay,webber,red_bull,13,74,17,-11.0,5.0,4.0,1.0
893,20.0,16.0,2013,2013-09-22,12:00:00,marina_bay,garde,caterham,13,16,4,4.0,17.666666666666668,16.0,1.6666666666666667
893,22.0,17.0,2013,2013-09-22,12:00:00,marina_bay,chilton,marussia,13,13,12,5.0,20.0,18.666666666666668,1.3333333333333333
893,21.0,18.0,2013,2013-09-22,12:00:00,marina_bay,jules_bianchi,marussia,13,28,12,3.0,19.0,17.666666666666668,1.3333333333333333
893,19.0,19.0,2013,2013-09-22,12:00:00,marina_bay,pic,caterham,13,54,4,0.0,20.333333333333332,16.333333333333332,4.0
893,17.0,20.0,2013,2013-09-22,12:00:00,marina_bay,resta,force_india,13,57,6,-3.0,17.0,12.666666666666666,4.333333333333333
894,1.0,1.0,2013,2013-10-06,06:00:00,yeongam,vettel,red_bull,33,73,17,0.0,1.3333333333333333,1.0,0.3333333333333333
894,9.0,2.0,2013,2013-10-06,06:00:00,yeongam,raikkonen,lotus_f1,33,56,9,7.0,10.0,5.333333333333333,4.666666666666667
894,3.0,3.0,2013,2013-10-06,06:00:00,yeongam,grosjean,lotus_f1,33,21,9,0.0,7.666666666666667,7.333333333333333,0.3333333333333333
894,7.0,4.0,2013,2013-10-06,06:00:00,yeongam,hulkenberg,sauber,33,26,19,3.0,8.333333333333334,9.0,-0.6666666666666666
894,2.0,5.0,2013,2013-10-06,06:00:00,yeongam,hamilton,mercedes,33,23,14,-3.0,6.0,5.666666666666667,0.3333333333333333
894,5.0,6.0,2013,2013-10-06,06:00:00,yeongam,alonso,ferrari,33,3,5,-1.0,7.0,2.0,5.0
894,4.0,7.0,2013,2013-10-06,06:00:00,yeongam,rosberg,mercedes,33,60,14,-3.0,4.0,4.666666666666667,-0.6666666666666666
894,11.0,8.0,2013,2013-10-06,06:00:00,yeongam,button,mclaren,33,11,13,3.0,7.666666666666667,7.666666666666667,0.0
894,6.0,9.0,2013,2013-10-06,06:00:00,yeongam,massa,ferrari,33,42,5,-3.0,6.666666666666667,5.666666666666667,1.0
894,10.0,10.0,2013,2013-10-06,06:00:00,yeongam,perez,mclaren,33,51,13,0.0,11.666666666666666,10.333333333333334,1.3333333333333333
894,8.0,11.0,2013,2013-10-06,06:00:00,yeongam,gutierrez,sauber,33,22,19,-3.0,15.666666666666666,13.0,2.6666666666666665
894,17.0,12.0,2013,2013-10-06,06:00:00,yeongam,bottas,williams,33,7,22,5.0,18.0,14.333333333333334,3.6666666666666665
894,18.0,13.0,2013,2013-10-06,06:00:00,yeongam,maldonado,williams,33,41,22,5.0,16.333333333333332,14.0,2.3333333333333335
894,19.0,14.0,2013,2013-10-06,06:00:00,yeongam,pic,caterham,33,54,4,5.0,19.333333333333332,17.0,2.3333333333333335
894,20.0,15.0,2013,2013-10-06,06:00:00,yeongam,garde,caterham,33,16,4,5.0,17.666666666666668,16.666666666666668,1.0
894,22.0,16.0,2013,2013-10-06,06:00:00,yeongam,jules_bianchi,marussia,33,28,12,6.0,19.0,18.333333333333332,0.6666666666666666
894,21.0,17.0,2013,2013-10-06,06:00:00,yeongam,chilton,marussia,33,13,12,4.0,20.0,18.666666666666668,1.3333333333333333
894,16.0,18.0,2013,2013-10-06,06:00:00,yeongam,vergne,toro_rosso,33,72,20,-2.0,14.666666666666666,12.666666666666666,2.0
894,12.0,19.0,2013,2013-10-06,06:00:00,yeongam,ricciardo,toro_rosso,33,58,20,-7.0,11.333333333333334,10.0,1.3333333333333333
894,14.0,20.0,2013,2013-10-06,06:00:00,yeongam,sutil,force_india,33,68,6,-6.0,14.666666666666666,11.666666666666666,3.0
895,2.0,1.0,2013,2013-10-13,06:00:00,suzuka,vettel,red_bull,28,73,17,1.0,1.0,1.0,0.0
895,1.0,2.0,2013,2013-10-13,06:00:00,suzuka,webber,red_bull,28,74,17,-1.0,3.0,7.666666666666667,-4.666666666666667
895,4.0,3.0,2013,2013-10-13,06:00:00,suzuka,grosjean,lotus_f1,28,21,9,1.0,7.666666666666667,6.333333333333333,1.3333333333333333
895,8.0,4.0,2013,2013-10-13,06:00:00,suzuka,alonso,ferrari,28,3,5,4.0,5.666666666666667,3.3333333333333335,2.3333333333333335
895,9.0,5.0,2013,2013-10-13,06:00:00,suzuka,raikkonen,lotus_f1,28,56,9,4.0,11.0,5.333333333333333,5.666666666666667
895,7.0,6.0,2013,2013-10-13,06:00:00,suzuka,hulkenberg,sauber,28,26,19,1.0,7.0,6.0,1.0
895,14.0,7.0,2013,2013-10-13,06:00:00,suzuka,gutierrez,sauber,28,22,19,7.0,11.333333333333334,12.0,-0.6666666666666666
895,6.0,8.0,2013,2013-10-13,06:00:00,suzuka,rosberg,mercedes,28,60,14,-2.0,4.0,5.666666666666667,-1.6666666666666667
895,10.0,9.0,2013,2013-10-13,06:00:00,suzuka,button,mclaren,28,11,13,1.0,9.333333333333334,8.333333333333334,1.0
895,5.0,10.0,2013,2013-10-13,06:00:00,suzuka,massa,ferrari,28,42,5,-5.0,5.333333333333333,6.333333333333333,-1.0
895,12.0,11.0,2013,2013-10-13,06:00:00,suzuka,resta,force_india,28,57,6,1.0,15.666666666666666,16.333333333333332,-0.6666666666666666
895,17.0,12.0,2013,2013-10-13,06:00:00,suzuka,vergne,toro_rosso,28,72,20,5.0,15.333333333333334,14.666666666666666,0.6666666666666666
895,16.0,13.0,2013,2013-10-13,06:00:00,suzuka,ricciardo,toro_rosso,28,58,20,3.0,12.666666666666666,12.0,0.6666666666666666
895,22.0,14.0,2013,2013-10-13,06:00:00,suzuka,sutil,force_india,28,68,6,8.0,15.333333333333334,15.333333333333334,0.0
895,11.0,15.0,2013,2013-10-13,06:00:00,suzuka,perez,mclaren,28,51,13,-4.0,10.666666666666666,10.0,0.6666666666666666
895,15.0,16.0,2013,2013-10-13,06:00:00,suzuka,maldonado,williams,28,41,22,-1.0,16.666666666666668,12.666666666666666,4.0
895,13.0,17.0,2013,2013-10-13,06:00:00,suzuka,bottas,williams,28,7,22,-4.0,17.0,13.333333333333334,3.6666666666666665
895,20.0,18.0,2013,2013-10-13,06:00:00,suzuka,pic,caterham,28,54,4,2.0,19.333333333333332,16.666666666666668,2.6666666666666665
895,18.0,19.0,2013,2013-10-13,06:00:00,suzuka,chilton,marussia,28,13,12,-1.0,21.666666666666668,18.0,3.6666666666666665
896,1.0,1.0,2013,2013-10-27,09:30:00,buddh,vettel,red_bull,4,73,17,0.0,1.3333333333333333,1.0,0.3333333333333333
896,2.0,2.0,2013,2013-10-27,09:30:00,buddh,rosberg,mercedes,4,60,14,0.0,4.0,6.333333333333333,-2.3333333333333335
896,17.0,3.0,2013,2013-10-27,09:30:00,buddh,grosjean,lotus_f1,4,21,9,14.0,6.666666666666667,4.666666666666667,2.0
896,5.0,4.0,2013,2013-10-27,09:30:00,buddh,massa,ferrari,4,42,5,1.0,5.666666666666667,8.333333333333334,-2.6666666666666665
896,9.0,5.0,2013,2013-10-27,09:30:00,buddh,perez,mclaren,4,51,13,4.0,11.666666666666666,11.0,0.6666666666666666
896,3.0,6.0,2013,2013-10-27,09:30:00,buddh,hamilton,mercedes,4,23,14,-3.0,6.333333333333333,6.333333333333333,0.0
896,6.0,7.0,2013,2013-10-27,09:30:00,buddh,raikkonen,lotus_f1,4,56,9,-1.0,10.333333333333334,3.3333333333333335,7.0
896,12.0,8.0,2013,2013-10-27,09:30:00,buddh,resta,force_india,4,57,6,4.0,15.666666666666666,16.333333333333332,-0.6666666666666666
896,13.0,9.0,2013,2013-10-27,09:30:00,buddh,sutil,force_india,4,68,6,4.0,17.0,14.666666666666666,2.3333333333333335
896,11.0,10.0,2013,2013-10-27,09:30:00,buddh,ricciardo,toro_rosso,4,58,20,1.0,11.666666666666666,13.0,-1.3333333333333333
896,8.0,11.0,2013,2013-10-27,09:30:00,buddh,alonso,ferrari,4,3,5,-3.0,6.666666666666667,4.0,2.6666666666666665
896,18.0,12.0,2013,2013-10-27,09:30:00,buddh,maldonado,williams,4,41,22,6.0,17.0,13.333333333333334,3.6666666666666665
896,14.0,13.0,2013,2013-10-27,09:30:00,buddh,vergne,toro_rosso,4,72,20,1.0,15.0,14.666666666666666,0.3333333333333333
896,10.0,14.0,2013,2013-10-27,09:30:00,buddh,button,mclaren,4,11,13,-4.0,9.666666666666666,8.0,1.6666666666666667
896,16.0,15.0,2013,2013-10-27,09:30:00,buddh,gutierrez,sauber,4,22,19,1.0,10.666666666666666,10.0,0.6666666666666666
896,15.0,16.0,2013,2013-10-27,09:30:00,buddh,bottas,williams,4,7,22,-1.0,15.333333333333334,14.0,1.3333333333333333
896,22.0,17.0,2013,2013-10-27,09:30:00,buddh,chilton,marussia,4,13,12,5.0,20.333333333333332,17.666666666666668,2.6666666666666665
896,19.0,18.0,2013,2013-10-27,09:30:00,buddh,jules_bianchi,marussia,4,28,12,1.0,21.333333333333332,17.666666666666668,3.6666666666666665
896,7.0,19.0,2013,2013-10-27,09:30:00,buddh,hulkenberg,sauber,4,26,19,-12.0,8.333333333333334,6.333333333333333,2.0
897,2.0,1.0,2013,2013-11-03,13:00:00,yas_marina,vettel,red_bull,32,73,17,1.0,1.3333333333333333,1.0,0.3333333333333333
897,1.0,2.0,2013,2013-11-03,13:00:00,yas_marina,webber,red_bull,32,74,17,-1.0,2.3333333333333335,6.666666666666667,-4.333333333333333
897,3.0,3.0,2013,2013-11-03,13:00:00,yas_marina,rosberg,mercedes,32,60,14,0.0,4.0,5.666666666666667,-1.6666666666666667
897,6.0,4.0,2013,2013-11-03,13:00:00,yas_marina,grosjean,lotus_f1,32,21,9,2.0,8.0,3.0,5.0
897,10.0,5.0,2013,2013-11-03,13:00:00,yas_marina,alonso,ferrari,32,3,5,5.0,7.0,7.0,0.0
897,11.0,6.0,2013,2013-11-03,13:00:00,yas_marina,resta,force_india,32,57,6,5.0,13.666666666666666,13.0,0.6666666666666666
897,4.0,7.0,2013,2013-11-03,13:00:00,yas_marina,hamilton,mercedes,32,23,14,-3.0,3.3333333333333335,5.333333333333333,-2.0
897,7.0,8.0,2013,2013-11-03,13:00:00,yas_marina,massa,ferrari,32,42,5,-1.0,5.333333333333333,7.666666666666667,-2.3333333333333335
897,8.0,9.0,2013,2013-11-03,13:00:00,yas_marina,perez,mclaren,32,51,13,-1.0,10.0,10.0,0.0
897,17.0,10.0,2013,2013-11-03,13:00:00,yas_marina,sutil,force_india,32,68,6,7.0,16.333333333333332,14.333333333333334,2.0
897,14.0,11.0,2013,2013-11-03,13:00:00,yas_marina,maldonado,williams,32,41,22,3.0,17.0,13.666666666666666,3.3333333333333335
897,12.0,12.0,2013,2013-11-03,13:00:00,yas_marina,button,mclaren,32,11,13,0.0,10.333333333333334,10.333333333333334,0.0
897,16.0,13.0,2013,2013-11-03,13:00:00,yas_marina,gutierrez,sauber,32,22,19,3.0,12.666666666666666,11.0,1.6666666666666667
897,5.0,14.0,2013,2013-11-03,13:00:00,yas_marina,hulkenberg,sauber,32,26,19,-9.0,7.0,9.666666666666666,-2.6666666666666665
897,15.0,15.0,2013,2013-11-03,13:00:00,yas_marina,bottas,williams,32,7,22,0.0,15.0,15.0,0.0
897,9.0,16.0,2013,2013-11-03,13:00:00,yas_marina,ricciardo,toro_rosso,32,58,20,-7.0,13.0,14.0,-1.0
897,13.0,17.0,2013,2013-11-03,13:00:00,yas_marina,vergne,toro_rosso,32,72,20,-4.0,15.666666666666666,14.333333333333334,1.3333333333333333
897,18.0,18.0,2013,2013-11-03,13:00:00,yas_marina,garde,caterham,32,16,4,0.0,19.666666666666668,16.333333333333332,3.3333333333333335
897,19.0,19.0,2013,2013-11-03,13:00:00,yas_marina,pic,caterham,32,54,4,0.0,19.333333333333332,17.0,2.3333333333333335
897,21.0,20.0,2013,2013-11-03,13:00:00,yas_marina,jules_bianchi,marussia,32,28,12,1.0,20.666666666666668,17.333333333333332,3.3333333333333335
898,1.0,1.0,2013,2013-11-17,19:00:00,americas,vettel,red_bull,1,73,17,0.0,1.6666666666666667,1.0,0.6666666666666666
898,3.0,2.0,2013,2013-11-17,19:00:00,americas,grosjean,lotus_f1,1,21,9,1.0,9.0,3.3333333333333335,5.666666666666667
898,2.0,3.0,2013,2013-11-17,19:00:00,americas,webber,red_bull,1,74,17,-1.0,2.0,6.333333333333333,-4.333333333333333
898,5.0,4.0,2013,2013-11-17,19:00:00,americas,hamilton,mercedes,1,23,14,1.0,3.0,6.0,-3.0
898,6.0,5.0,2013,2013-11-17,19:00:00,americas,alonso,ferrari,1,3,5,1.0,8.666666666666666,6.666666666666667,2.0
898,4.0,6.0,2013,2013-11-17,19:00:00,americas,hulkenberg,sauber,1,26,19,-2.0,6.333333333333333,13.0,-6.666666666666667
898,7.0,7.0,2013,2013-11-17,19:00:00,americas,perez,mclaren,1,51,13,0.0,9.333333333333334,9.666666666666666,-0.3333333333333333
898,9.0,8.0,2013,2013-11-17,19:00:00,americas,bottas,williams,1,7,22,1.0,14.333333333333334,16.0,-1.6666666666666667
898,12.0,9.0,2013,2013-11-17,19:00:00,americas,rosberg,mercedes,1,60,14,3.0,3.6666666666666665,4.333333333333333,-0.6666666666666666
898,15.0,10.0,2013,2013-11-17,19:00:00,americas,button,mclaren,1,11,13,5.0,10.666666666666666,11.666666666666666,-1.0
898,10.0,11.0,2013,2013-11-17,19:00:00,americas,ricciardo,toro_rosso,1,58,20,-1.0,12.0,13.0,-1.0
898,14.0,12.0,2013,2013-11-17,19:00:00,americas,vergne,toro_rosso,1,72,20,2.0,14.666666666666666,14.0,0.6666666666666666
898,13.0,13.0,2013,2013-11-17,19:00:00,americas,massa,ferrari,1,42,5,0.0,5.666666666666667,7.333333333333333,-1.6666666666666667
898,20.0,14.0,2013,2013-11-17,19:00:00,americas,gutierrez,sauber,1,22,19,6.0,15.333333333333334,11.666666666666666,3.6666666666666665
898,8.0,15.0,2013,2013-11-17,19:00:00,americas,kovalainen,lotus_f1,1,33,9,-7.0,20.0,15.0,5.0
898,11.0,16.0,2013,2013-11-17,19:00:00,americas,resta,force_india,1,57,6,-5.0,11.666666666666666,8.333333333333334,3.3333333333333335
898,17.0,17.0,2013,2013-11-17,19:00:00,americas,maldonado,williams,1,41,22,0.0,15.666666666666666,13.0,2.6666666666666665
898,19.0,18.0,2013,2013-11-17,19:00:00,americas,jules_bianchi,marussia,1,28,12,1.0,20.666666666666668,18.0,2.6666666666666665
898,18.0,19.0,2013,2013-11-17,19:00:00,americas,garde,caterham,1,16,4,-1.0,19.333333333333332,16.333333333333332,3.0
898,22.0,20.0,2013,2013-11-17,19:00:00,americas,pic,caterham,1,54,4,2.0,19.333333333333332,17.0,2.3333333333333335
899,1.0,1.0,2013,2013-11-24,16:00:00,interlagos,vettel,red_bull,9,73,17,0.0,1.3333333333333333,1.0,0.3333333333333333
899,4.0,2.0,2013,2013-11-24,16:00:00,interlagos,webber,red_bull,9,74,17,2.0,1.3333333333333333,2.3333333333333335,-1.0
899,3.0,3.0,2013,2013-11-24,16:00:00,interlagos,alonso,ferrari,9,3,5,0.0,8.0,7.0,1.0
899,14.0,4.0,2013,2013-11-24,16:00:00,interlagos,button,mclaren,9,11,13,10.0,12.333333333333334,12.0,0.3333333333333333
899,2.0,5.0,2013,2013-11-24,16:00:00,interlagos,rosberg,mercedes,9,60,14,-3.0,5.666666666666667,4.666666666666667,1.0
899,19.0,6.0,2013,2013-11-24,16:00:00,interlagos,perez,mclaren,9,51,13,13.0,8.0,7.0,1.0
899,9.0,7.0,2013,2013-11-24,16:00:00,interlagos,massa,ferrari,9,42,5,2.0,8.333333333333334,8.333333333333334,0.0
899,10.0,8.0,2013,2013-11-24,16:00:00,interlagos,hulkenberg,sauber,9,26,19,2.0,5.333333333333333,13.0,-7.666666666666667
899,5.0,9.0,2013,2013-11-24,16:00:00,interlagos,hamilton,mercedes,9,23,14,-4.0,4.0,5.666666666666667,-1.6666666666666667
899,7.0,10.0,2013,2013-11-24,16:00:00,interlagos,ricciardo,toro_rosso,9,58,20,-3.0,10.0,12.333333333333334,-2.3333333333333335
899,12.0,11.0,2013,2013-11-24,16:00:00,interlagos,resta,force_india,9,57,6,1.0,11.333333333333334,10.0,1.3333333333333333
899,17.0,12.0,2013,2013-11-24,16:00:00,interlagos,gutierrez,sauber,9,22,19,5.0,17.333333333333332,14.0,3.3333333333333335
899,15.0,13.0,2013,2013-11-24,16:00:00,interlagos,sutil,force_india,9,68,6,2.0,17.333333333333332,11.0,6.333333333333333
899,11.0,14.0,2013,2013-11-24,16:00:00,interlagos,kovalainen,lotus_f1,9,33,9,-3.0,16.666666666666668,15.666666666666666,1.0
899,8.0,15.0,2013,2013-11-24,16:00:00,interlagos,vergne,toro_rosso,9,72,20,-7.0,13.666666666666666,14.0,-0.3333333333333333
899,16.0,16.0,2013,2013-11-24,16:00:00,interlagos,maldonado,williams,9,41,22,0.0,16.333333333333332,13.333333333333334,3.0
899,21.0,17.0,2013,2013-11-24,16:00:00,interlagos,jules_bianchi,marussia,9,28,12,4.0,19.666666666666668,18.666666666666668,1.0
899,20.0,18.0,2013,2013-11-24,16:00:00,interlagos,garde,caterham,9,16,4,2.0,18.666666666666668,17.333333333333332,1.3333333333333333
899,22.0,19.0,2013,2013-11-24,16:00:00,interlagos,chilton,marussia,9,13,12,3.0,20.333333333333332,17.666666666666668,2.6666666666666665
900,3.0,1.0,2014,2014-03-16,06:00:00,albert_park,rosberg,mercedes,0,60,14,2.0,5.666666666666667,5.666666666666667,0.0
900,4.0,2.0,2014,2014-03-16,06:00:00,albert_park,kevin_magnussen,mclaren,0,30,13,2.0,,,
900,10.0,3.0,2014,2014-03-16,06:00:00,albert_park,button,mclaren,0,11,13,7.0,13.666666666666666,8.666666666666666,5.0
900,5.0,4.0,2014,2014-03-16,06:00:00,albert_park,alonso,ferrari,0,3,5,1.0,6.333333333333333,4.333333333333333,2.0
900,15.0,5.0,2014,2014-03-16,06:00:00,albert_park,bottas,williams,0,7,22,10.0,13.0,13.0,0.0
900,7.0,6.0,2014,2014-03-16,06:00:00,albert_park,hulkenberg,force_india,0,26,6,1.0,6.333333333333333,9.333333333333334,-3.0
900,11.0,7.0,2014,2014-03-16,06:00:00,albert_park,raikkonen,ferrari,0,56,5,4.0,8.0,4.666666666666667,3.3333333333333335
900,6.0,8.0,2014,2014-03-16,06:00:00,albert_park,vergne,toro_rosso,0,72,20,-2.0,11.666666666666666,14.666666666666666,-3.0
900,8.0,9.0,2014,2014-03-16,06:00:00,albert_park,kvyat,toro_rosso,0,35,20,-1.0,,,
900,16.0,10.0,2014,2014-03-16,06:00:00,albert_park,perez,force_india,0,51,6,6.0,11.333333333333334,7.333333333333333,4.0
900,13.0,11.0,2014,2014-03-16,06:00:00,albert_park,sutil,sauber,0,68,19,2.0,15.0,10.666666666666666,4.333333333333333
900,20.0,12.0,2014,2014-03-16,06:00:00,albert_park,gutierrez,sauber,0,22,19,8.0,17.666666666666668,13.0,4.666666666666667
900,17.0,13.0,2014,2014-03-16,06:00:00,albert_park,chilton,marussia,0,13,12,4.0,20.666666666666668,18.333333333333332,2.3333333333333335
901,1.0,1.0,2014,2014-03-30,08:00:00,sepang,hamilton,mercedes,23,23,14,0.0,4.666666666666667,6.666666666666667,-2.0
901,3.0,2.0,2014,2014-03-30,08:00:00,sepang,rosberg,mercedes,23,60,14,1.0,5.666666666666667,5.0,0.6666666666666666
901,2.0,3.0,2014,2014-03-30,08:00:00,sepang,vettel,red_bull,23,73,17,-1.0,1.3333333333333333,1.0,0.3333333333333333
901,4.0,4.0,2014,2014-03-30,08:00:00,sepang,alonso,ferrari,23,3,5,0.0,4.666666666666667,4.0,0.6666666666666666
901,7.0,5.0,2014,2014-03-30,08:00:00,sepang,hulkenberg,force_india,23,26,6,2.0,7.0,6.666666666666667,0.3333333333333333
901,10.0,6.0,2014,2014-03-30,08:00:00,sepang,button,mclaren,23,11,13,4.0,13.0,5.666666666666667,7.333333333333333
901,13.0,7.0,2014,2014-03-30,08:00:00,sepang,massa,williams,23,42,22,6.0,9.666666666666666,9.333333333333334,0.3333333333333333
901,18.0,8.0,2014,2014-03-30,08:00:00,sepang,bottas,williams,23,7,22,10.0,13.0,9.333333333333334,3.6666666666666665
901,8.0,9.0,2014,2014-03-30,08:00:00,sepang,kevin_magnussen,mclaren,23,30,13,-1.0,,,
901,11.0,10.0,2014,2014-03-30,08:00:00,sepang,kvyat,toro_rosso,23,35,20,1.0,,,
901,15.0,11.0,2014,2014-03-30,08:00:00,sepang,grosjean,lotus_f1,23,21,9,4.0,8.666666666666666,3.0,5.666666666666667
901,6.0,12.0,2014,2014-03-30,08:00:00,sepang,raikkonen,ferrari,23,56,5,-6.0,8.666666666666666,6.333333333333333,2.3333333333333335
901,20.0,13.0,2014,2014-03-30,08:00:00,sepang,kobayashi,caterham,23,32,4,7.0,15.0,9.666666666666666,5.333333333333333
901,22.0,14.0,2014,2014-03-30,08:00:00,sepang,ericsson,caterham,23,15,4,8.0,,,
901,21.0,15.0,2014,2014-03-30,08:00:00,sepang,chilton,marussia,23,13,12,6.0,20.333333333333332,16.333333333333332,4.0
902,2.0,1.0,2014,2014-04-06,15:00:00,bahrain,hamilton,mercedes,2,23,14,1.0,3.6666666666666665,4.666666666666667,-1.0
902,1.0,2.0,2014,2014-04-06,15:00:00,bahrain,rosberg,mercedes,2,60,14,-1.0,2.6666666666666665,2.6666666666666665,0.0
902,4.0,3.0,2014,2014-04-06,15:00:00,bahrain,perez,force_india,2,51,6,1.0,14.0,7.666666666666667,6.333333333333333
902,13.0,4.0,2014,2014-04-06,15:00:00,bahrain,ricciardo,red_bull,2,58,17,9.0,8.666666666666666,12.333333333333334,-3.6666666666666665
902,11.0,5.0,2014,2014-04-06,15:00:00,bahrain,hulkenberg,force_india,2,26,6,6.0,8.0,6.333333333333333,1.6666666666666667
902,10.0,6.0,2014,2014-04-06,15:00:00,bahrain,vettel,red_bull,2,73,17,4.0,1.3333333333333333,1.6666666666666667,-0.3333333333333333
902,7.0,7.0,2014,2014-04-06,15:00:00,bahrain,massa,williams,2,42,22,0.0,11.666666666666666,9.0,2.6666666666666665
902,3.0,8.0,2014,2014-04-06,15:00:00,bahrain,bottas,williams,2,7,22,-5.0,14.0,7.0,7.0
902,9.0,9.0,2014,2014-04-06,15:00:00,bahrain,alonso,ferrari,2,3,5,0.0,4.0,3.6666666666666665,0.3333333333333333
902,5.0,10.0,2014,2014-04-06,15:00:00,bahrain,raikkonen,ferrari,2,56,5,-5.0,7.666666666666667,8.666666666666666,-1.0
902,12.0,11.0,2014,2014-04-06,15:00:00,bahrain,kvyat,toro_rosso,2,35,20,1.0,,,
902,16.0,12.0,2014,2014-04-06,15:00:00,bahrain,grosjean,lotus_f1,2,21,9,4.0,8.0,5.666666666666667,2.3333333333333335
902,21.0,13.0,2014,2014-04-06,15:00:00,bahrain,chilton,marussia,2,13,12,8.0,20.0,15.666666666666666,4.333333333333333
902,17.0,14.0,2014,2014-04-06,15:00:00,bahrain,maldonado,lotus_f1,2,41,9,3.0,15.666666666666666,14.666666666666666,1.0
902,18.0,15.0,2014,2014-04-06,15:00:00,bahrain,kobayashi,caterham,2,32,4,3.0,16.666666666666668,12.0,4.666666666666667
902,19.0,16.0,2014,2014-04-06,15:00:00,bahrain,jules_bianchi,marussia,2,28,12,3.0,20.333333333333332,18.333333333333332,2.0
902,6.0,17.0,2014,2014-04-06,15:00:00,bahrain,button,mclaren,2,11,13,-11.0,11.333333333333334,4.333333333333333,7.0
903,1.0,1.0,2014,2014-04-20,07:00:00,shanghai,hamilton,mercedes,24,23,14,0.0,2.6666666666666665,3.6666666666666665,-1.0
903,4.0,2.0,2014,2014-04-20,07:00:00,shanghai,rosberg,mercedes,24,60,14,2.0,2.3333333333333335,1.6666666666666667,0.6666666666666666
903,5.0,3.0,2014,2014-04-20,07:00:00,shanghai,alonso,ferrari,24,3,5,2.0,6.0,5.666666666666667,0.3333333333333333
903,2.0,4.0,2014,2014-04-20,07:00:00,shanghai,ricciardo,red_bull,24,58,17,-2.0,10.0,8.333333333333334,1.6666666666666667
903,3.0,5.0,2014,2014-04-20,07:00:00,shanghai,vettel,red_bull,24,73,17,-2.0,4.333333333333333,3.3333333333333335,1.0
903,8.0,6.0,2014,2014-04-20,07:00:00,shanghai,hulkenberg,force_india,24,26,6,2.0,8.333333333333334,5.333333333333333,3.0
903,7.0,7.0,2014,2014-04-20,07:00:00,shanghai,bottas,williams,24,7,22,0.0,12.0,7.0,5.0
903,11.0,8.0,2014,2014-04-20,07:00:00,shanghai,raikkonen,ferrari,24,56,5,3.0,7.333333333333333,9.666666666666666,-2.3333333333333335
903,16.0,9.0,2014,2014-04-20,07:00:00,shanghai,perez,force_india,24,51,6,7.0,13.0,6.333333333333333,6.666666666666667
903,13.0,10.0,2014,2014-04-20,07:00:00,shanghai,kvyat,toro_rosso,24,35,20,3.0,10.333333333333334,10.0,0.3333333333333333
903,12.0,11.0,2014,2014-04-20,07:00:00,shanghai,button,mclaren,24,11,13,1.0,8.666666666666666,8.666666666666666,0.0
903,9.0,12.0,2014,2014-04-20,07:00:00,shanghai,vergne,toro_rosso,24,72,20,-3.0,9.333333333333334,11.666666666666666,-2.3333333333333335
903,15.0,13.0,2014,2014-04-20,07:00:00,shanghai,kevin_magnussen,mclaren,24,30,13,2.0,,,
903,22.0,14.0,2014,2014-04-20,07:00:00,shanghai,maldonado,lotus_f1,24,41,9,8.0,16.666666666666668,15.666666666666666,1.0
903,6.0,15.0,2014,2014-04-20,07:00:00,shanghai,massa,williams,24,42,22,-9.0,9.666666666666666,7.0,2.6666666666666665
903,17.0,16.0,2014,2014-04-20,07:00:00,shanghai,gutierrez,sauber,24,22,19,1.0,19.0,12.666666666666666,6.333333333333333
903,19.0,17.0,2014,2014-04-20,07:00:00,shanghai,jules_bianchi,marussia,24,28,12,2.0,19.666666666666668,17.0,2.6666666666666665
903,18.0,18.0,2014,2014-04-20,07:00:00,shanghai,kobayashi,caterham,24,32,4,0.0,17.333333333333332,12.333333333333334,5.0
903,21.0,19.0,2014,2014-04-20,07:00:00,shanghai,chilton,marussia,24,13,12,2.0,19.666666666666668,13.666666666666666,6.0
903,20.0,20.0,2014,2014-04-20,07:00:00,shanghai,ericsson,caterham,24,15,4,0.0,,,
904,1.0,1.0,2014,2014-05-11,12:00:00,catalunya,hamilton,mercedes,5,23,14,0.0,1.3333333333333333,1.0,0.3333333333333333
904,2.0,2.0,2014,2014-05-11,12:00:00,catalunya,rosberg,mercedes,5,60,14,0.0,2.6666666666666665,2.0,0.6666666666666666
904,3.0,3.0,2014,2014-05-11,12:00:00,catalunya,ricciardo,red_bull,5,58,17,0.0,7.333333333333333,6.0,1.3333333333333333
904,15.0,4.0,2014,2014-05-11,12:00:00,catalunya,vettel,red_bull,5,73,17,11.0,5.0,4.666666666666667,0.3333333333333333
904,4.0,5.0,2014,2014-05-11,12:00:00,catalunya,bottas,williams,5,7,22,-1.0,9.333333333333334,7.666666666666667,1.6666666666666667
904,7.0,6.0,2014,2014-05-11,12:00:00,catalunya,alonso,ferrari,5,3,5,1.0,6.0,5.333333333333333,0.6666666666666666
904,6.0,7.0,2014,2014-05-11,12:00:00,catalunya,raikkonen,ferrari,5,56,5,-1.0,7.333333333333333,10.0,-2.6666666666666665
904,5.0,8.0,2014,2014-05-11,12:00:00,catalunya,grosjean,lotus_f1,5,21,9,-3.0,11.333333333333334,8.333333333333334,3.0
904,11.0,9.0,2014,2014-05-11,12:00:00,catalunya,perez,force_india,5,51,6,2.0,12.0,7.333333333333333,4.666666666666667
904,10.0,10.0,2014,2014-05-11,12:00:00,catalunya,hulkenberg,force_india,5,26,6,0.0,8.666666666666666,5.333333333333333,3.3333333333333335
904,8.0,11.0,2014,2014-05-11,12:00:00,catalunya,button,mclaren,5,11,13,-3.0,9.333333333333334,11.333333333333334,-2.0
904,14.0,12.0,2014,2014-05-11,12:00:00,catalunya,kevin_magnussen,mclaren,5,30,13,2.0,9.0,8.0,1.0
904,9.0,13.0,2014,2014-05-11,12:00:00,catalunya,massa,williams,5,42,22,-4.0,8.666666666666666,9.666666666666666,-1.0
904,12.0,14.0,2014,2014-05-11,12:00:00,catalunya,kvyat,toro_rosso,5,35,20,-2.0,12.0,10.333333333333334,1.6666666666666667
904,22.0,15.0,2014,2014-05-11,12:00:00,catalunya,maldonado,lotus_f1,5,41,9,7.0,18.333333333333332,14.666666666666666,3.6666666666666665
904,13.0,16.0,2014,2014-05-11,12:00:00,catalunya,gutierrez,sauber,5,22,19,-3.0,18.0,13.333333333333334,4.666666666666667
904,16.0,17.0,2014,2014-05-11,12:00:00,catalunya,sutil,sauber,5,68,19,-1.0,15.0,11.333333333333334,3.6666666666666665
904,18.0,18.0,2014,2014-05-11,12:00:00,catalunya,jules_bianchi,marussia,5,28,12,0.0,19.666666666666668,16.666666666666668,3.0
904,17.0,19.0,2014,2014-05-11,12:00:00,catalunya,chilton,marussia,5,13,12,-2.0,21.0,15.666666666666666,5.333333333333333
904,19.0,20.0,2014,2014-05-11,12:00:00,catalunya,ericsson,caterham,5,15,4,-1.0,,,
905,1.0,1.0,2014,2014-05-25,12:00:00,monaco,rosberg,mercedes,15,60,14,0.0,2.3333333333333335,2.0,0.3333333333333333
905,2.0,2.0,2014,2014-05-25,12:00:00,monaco,hamilton,mercedes,15,23,14,0.0,1.3333333333333333,1.0,0.3333333333333333
905,3.0,3.0,2014,2014-05-25,12:00:00,monaco,ricciardo,red_bull,15,58,17,0.0,6.0,3.6666666666666665,2.3333333333333335
905,5.0,4.0,2014,2014-05-25,12:00:00,monaco,alonso,ferrari,15,3,5,1.0,7.0,6.0,1.0
905,11.0,5.0,2014,2014-05-25,12:00:00,monaco,hulkenberg,force_india,15,26,6,6.0,9.666666666666666,7.0,2.6666666666666665
905,12.0,6.0,2014,2014-05-25,12:00:00,monaco,button,mclaren,15,11,13,6.0,8.666666666666666,13.0,-4.333333333333333
905,16.0,7.0,2014,2014-05-25,12:00:00,monaco,massa,williams,15,42,22,9.0,7.333333333333333,11.666666666666666,-4.333333333333333
905,14.0,8.0,2014,2014-05-25,12:00:00,monaco,grosjean,lotus_f1,15,21,9,6.0,12.0,10.333333333333334,1.6666666666666667
905,21.0,9.0,2014,2014-05-25,12:00:00,monaco,jules_bianchi,marussia,15,28,12,12.0,18.666666666666668,17.0,1.6666666666666667
905,8.0,10.0,2014,2014-05-25,12:00:00,monaco,kevin_magnussen,mclaren,15,30,13,-2.0,12.333333333333334,11.333333333333334,1.0
905,22.0,11.0,2014,2014-05-25,12:00:00,monaco,ericsson,caterham,15,15,4,11.0,20.333333333333332,18.0,2.3333333333333335
905,6.0,12.0,2014,2014-05-25,12:00:00,monaco,raikkonen,ferrari,15,56,5,-6.0,7.333333333333333,8.333333333333334,-1.0
905,20.0,13.0,2014,2014-05-25,12:00:00,monaco,kobayashi,caterham,15,32,4,7.0,18.666666666666668,15.333333333333334,3.3333333333333335
905,19.0,14.0,2014,2014-05-25,12:00:00,monaco,chilton,marussia,15,13,12,5.0,19.666666666666668,17.0,2.6666666666666665
906,6.0,1.0,2014,2014-06-08,18:00:00,villeneuve,ricciardo,red_bull,31,58,17,5.0,2.6666666666666665,3.3333333333333335,-0.6666666666666666
906,1.0,2.0,2014,2014-06-08,18:00:00,villeneuve,rosberg,mercedes,31,60,14,-1.0,2.3333333333333335,1.6666666666666667,0.6666666666666666
906,3.0,3.0,2014,2014-06-08,18:00:00,villeneuve,vettel,red_bull,31,73,17,0.0,9.333333333333334,5.0,4.333333333333333
906,9.0,4.0,2014,2014-06-08,18:00:00,villeneuve,button,mclaren,31,11,13,5.0,10.666666666666666,9.333333333333334,1.3333333333333333
906,11.0,5.0,2014,2014-06-08,18:00:00,villeneuve,hulkenberg,force_india,31,26,6,6.0,9.666666666666666,7.0,2.6666666666666665
906,7.0,6.0,2014,2014-06-08,18:00:00,villeneuve,alonso,ferrari,31,3,5,1.0,5.666666666666667,4.333333333333333,1.3333333333333333
906,4.0,7.0,2014,2014-06-08,18:00:00,villeneuve,bottas,williams,31,7,22,-3.0,4.666666666666667,6.666666666666667,-2.0
906,8.0,8.0,2014,2014-06-08,18:00:00,villeneuve,vergne,toro_rosso,31,72,20,0.0,7.666666666666667,11.666666666666666,-4.0
906,12.0,9.0,2014,2014-06-08,18:00:00,villeneuve,kevin_magnussen,mclaren,31,30,13,3.0,12.333333333333334,11.666666666666666,0.6666666666666666
906,10.0,10.0,2014,2014-06-08,18:00:00,villeneuve,raikkonen,ferrari,31,56,5,0.0,7.666666666666667,9.0,-1.3333333333333333
906,13.0,11.0,2014,2014-06-08,18:00:00,villeneuve,perez,force_india,31,51,6,2.0,10.333333333333334,7.0,3.3333333333333335
906,5.0,12.0,2014,2014-06-08,18:00:00,villeneuve,massa,williams,31,42,22,-7.0,10.333333333333334,11.666666666666666,-1.3333333333333333
906,16.0,13.0,2014,2014-06-08,18:00:00,villeneuve,sutil,sauber,31,68,19,3.0,14.666666666666666,13.666666666666666,1.0
906,22.0,14.0,2014,2014-06-08,18:00:00,villeneuve,gutierrez,sauber,31,22,19,8.0,16.666666666666668,14.666666666666666,2.0
907,3.0,1.0,2014,2014-06-22,12:00:00,red_bull_ring,rosberg,mercedes,20,60,14,2.0,1.3333333333333333,1.6666666666666667,-0.3333333333333333
907,9.0,2.0,2014,2014-06-22,12:00:00,red_bull_ring,hamilton,mercedes,20,23,14,7.0,1.3333333333333333,1.3333333333333333,0.0
907,2.0,3.0,2014,2014-06-22,12:00:00,red_bull_ring,bottas,williams,20,7,22,-1.0,5.0,6.333333333333333,-1.3333333333333333
907,1.0,4.0,2014,2014-06-22,12:00:00,red_bull_ring,massa,williams,20,42,22,-3.0,10.0,10.666666666666666,-0.6666666666666666
907,4.0,5.0,2014,2014-06-22,12:00:00,red_bull_ring,alonso,ferrari,20,3,5,-1.0,6.333333333333333,5.333333333333333,1.0
907,15.0,6.0,2014,2014-06-22,12:00:00,red_bull_ring,perez,force_india,20,51,6,9.0,13.333333333333334,9.666666666666666,3.6666666666666665
907,6.0,7.0,2014,2014-06-22,12:00:00,red_bull_ring,kevin_magnussen,mclaren,20,30,13,-1.0,11.333333333333334,10.333333333333334,1.0
907,5.0,8.0,2014,2014-06-22,12:00:00,red_bull_ring,ricciardo,red_bull,20,58,17,-3.0,4.0,2.3333333333333335,1.6666666666666667
907,10.0,9.0,2014,2014-06-22,12:00:00,red_bull_ring,hulkenberg,force_india,20,26,6,1.0,10.666666666666666,6.666666666666667,4.0
907,8.0,10.0,2014,2014-06-22,12:00:00,red_bull_ring,raikkonen,ferrari,20,56,5,-2.0,7.333333333333333,9.666666666666666,-2.3333333333333335
907,11.0,11.0,2014,2014-06-22,12:00:00,red_bull_ring,button,mclaren,20,11,13,0.0,9.666666666666666,7.0,2.6666666666666665
907,13.0,12.0,2014,2014-06-22,12:00:00,red_bull_ring,maldonado,lotus_f1,20,41,9,1.0,20.333333333333332,14.333333333333334,6.0
907,16.0,13.0,2014,2014-06-22,12:00:00,red_bull_ring,sutil,sauber,20,68,19,3.0,15.0,13.666666666666666,1.3333333333333333
907,22.0,14.0,2014,2014-06-22,12:00:00,red_bull_ring,grosjean,lotus_f1,20,21,9,8.0,11.666666666666666,9.333333333333334,2.3333333333333335
907,18.0,15.0,2014,2014-06-22,12:00:00,red_bull_ring,jules_bianchi,marussia,20,28,12,3.0,19.333333333333332,14.666666666666666,4.666666666666667
907,19.0,16.0,2014,2014-06-22,12:00:00,red_bull_ring,kobayashi,caterham,20,32,4,3.0,18.666666666666668,15.333333333333334,3.3333333333333335
907,21.0,17.0,2014,2014-06-22,12:00:00,red_bull_ring,chilton,marussia,20,13,12,4.0,19.0,17.333333333333332,1.6666666666666667
907,20.0,18.0,2014,2014-06-22,12:00:00,red_bull_ring,ericsson,caterham,20,15,4,2.0,20.333333333333332,17.0,3.3333333333333335
907,17.0,19.0,2014,2014-06-22,12:00:00,red_bull_ring,gutierrez,sauber,20,22,19,-2.0,17.333333333333332,15.333333333333334,2.0
908,6.0,1.0,2014,2014-07-06,12:00:00,silverstone,hamilton,mercedes,25,23,14,5.0,4.0,1.6666666666666667,2.3333333333333335
908,14.0,2.0,2014,2014-07-06,12:00:00,silverstone,bottas,williams,25,7,22,12.0,3.3333333333333335,5.0,-1.6666666666666667
908,8.0,3.0,2014,2014-07-06,12:00:00,silverstone,ricciardo,red_bull,25,58,17,5.0,4.666666666666667,4.0,0.6666666666666666
908,3.0,4.0,2014,2014-07-06,12:00:00,silverstone,button,mclaren,25,11,13,-1.0,10.666666666666666,7.0,3.6666666666666665
908,2.0,5.0,2014,2014-07-06,12:00:00,silverstone,vettel,red_bull,25,73,17,-3.0,7.0,4.0,3.0
908,16.0,6.0,2014,2014-07-06,12:00:00,silverstone,alonso,ferrari,25,3,5,10.0,5.333333333333333,5.0,0.3333333333333333
908,5.0,7.0,2014,2014-07-06,12:00:00,silverstone,kevin_magnussen,mclaren,25,30,13,-2.0,8.666666666666666,8.666666666666666,0.0
908,4.0,8.0,2014,2014-07-06,12:00:00,silverstone,hulkenberg,force_india,25,26,6,-4.0,10.666666666666666,6.333333333333333,4.333333333333333
908,9.0,9.0,2014,2014-07-06,12:00:00,silverstone,kvyat,toro_rosso,25,35,20,0.0,12.333333333333334,11.666666666666666,0.6666666666666666
908,10.0,10.0,2014,2014-07-06,12:00:00,silverstone,vergne,toro_rosso,25,72,20,0.0,7.666666666666667,9.333333333333334,-1.6666666666666667
908,7.0,11.0,2014,2014-07-06,12:00:00,silverstone,perez,force_india,25,51,6,-4.0,13.0,8.666666666666666,4.333333333333333
908,11.0,12.0,2014,2014-07-06,12:00:00,silverstone,grosjean,lotus_f1,25,21,9,-1.0,13.666666666666666,10.0,3.6666666666666665
908,13.0,13.0,2014,2014-07-06,12:00:00,silverstone,sutil,sauber,25,68,19,0.0,16.0,14.333333333333334,1.6666666666666667
908,12.0,14.0,2014,2014-07-06,12:00:00,silverstone,jules_bianchi,marussia,25,28,12,-2.0,19.0,14.0,5.0
908,22.0,15.0,2014,2014-07-06,12:00:00,silverstone,kobayashi,caterham,25,32,4,7.0,19.0,15.666666666666666,3.3333333333333335
908,17.0,16.0,2014,2014-07-06,12:00:00,silverstone,chilton,marussia,25,13,12,1.0,19.0,16.666666666666668,2.3333333333333335
908,20.0,17.0,2014,2014-07-06,12:00:00,silverstone,maldonado,lotus_f1,25,41,9,3.0,19.0,13.666666666666666,5.333333333333333
909,1.0,1.0,2014,2014-07-20,12:00:00,hockenheimring,rosberg,mercedes,6,60,14,0.0,1.6666666666666667,1.3333333333333333,0.3333333333333333
909,2.0,2.0,2014,2014-07-20,12:00:00,hockenheimring,bottas,williams,6,7,22,0.0,6.666666666666667,4.0,2.6666666666666665
909,20.0,3.0,2014,2014-07-20,12:00:00,hockenheimring,hamilton,mercedes,6,23,14,17.0,5.666666666666667,1.6666666666666667,4.0
909,6.0,4.0,2014,2014-07-20,12:00:00,hockenheimring,vettel,red_bull,6,73,17,2.0,6.666666666666667,4.0,2.6666666666666665
909,7.0,5.0,2014,2014-07-20,12:00:00,hockenheimring,alonso,ferrari,6,3,5,2.0,9.0,5.666666666666667,3.3333333333333335
909,5.0,6.0,2014,2014-07-20,12:00:00,hockenheimring,ricciardo,red_bull,6,58,17,-1.0,6.333333333333333,4.0,2.3333333333333335
909,9.0,7.0,2014,2014-07-20,12:00:00,hockenheimring,hulkenberg,force_india,6,26,6,2.0,8.333333333333334,7.333333333333333,1.0
909,11.0,8.0,2014,2014-07-20,12:00:00,hockenheimring,button,mclaren,6,11,13,3.0,7.666666666666667,6.333333333333333,1.3333333333333333
909,4.0,9.0,2014,2014-07-20,12:00:00,hockenheimring,kevin_magnussen,mclaren,6,30,13,-5.0,7.666666666666667,7.666666666666667,0.0
909,10.0,10.0,2014,2014-07-20,12:00:00,hockenheimring,perez,force_india,6,51,6,0.0,11.666666666666666,9.333333333333334,2.3333333333333335
909,12.0,11.0,2014,2014-07-20,12:00:00,hockenheimring,raikkonen,ferrari,6,56,5,1.0,8.0,10.666666666666666,-2.6666666666666665
909,18.0,12.0,2014,2014-07-20,12:00:00,hockenheimring,maldonado,lotus_f1,6,41,9,6.0,18.333333333333332,14.666666666666666,3.6666666666666665
909,13.0,13.0,2014,2014-07-20,12:00:00,hockenheimring,vergne,toro_rosso,6,72,20,0.0,9.0,10.0,-1.0
909,16.0,14.0,2014,2014-07-20,12:00:00,hockenheimring,gutierrez,sauber,6,22,19,2.0,17.333333333333332,16.333333333333332,1.0
909,17.0,15.0,2014,2014-07-20,12:00:00,hockenheimring,jules_bianchi,marussia,6,28,12,2.0,17.0,12.666666666666666,4.333333333333333
909,19.0,16.0,2014,2014-07-20,12:00:00,hockenheimring,kobayashi,caterham,6,32,4,3.0,20.333333333333332,14.666666666666666,5.666666666666667
909,21.0,17.0,2014,2014-07-20,12:00:00,hockenheimring,chilton,marussia,6,13,12,4.0,19.0,15.666666666666666,3.3333333333333335
909,22.0,18.0,2014,2014-07-20,12:00:00,hockenheimring,ericsson,caterham,6,15,4,4.0,20.333333333333332,16.333333333333332,4.0
910,4.0,1.0,2014,2014-07-27,12:00:00,hungaroring,ricciardo,red_bull,7,58,17,3.0,6.0,5.666666666666667,0.3333333333333333
910,5.0,2.0,2014,2014-07-27,12:00:00,hungaroring,alonso,ferrari,7,3,5,3.0,9.0,5.333333333333333,3.6666666666666665
910,22.0,3.0,2014,2014-07-27,12:00:00,hungaroring,hamilton,mercedes,7,23,14,19.0,11.666666666666666,2.0,9.666666666666666
910,1.0,4.0,2014,2014-07-27,12:00:00,hungaroring,rosberg,mercedes,7,60,14,-3.0,1.6666666666666667,1.3333333333333333,0.3333333333333333
910,6.0,5.0,2014,2014-07-27,12:00:00,hungaroring,massa,williams,7,42,22,1.0,7.333333333333333,7.666666666666667,-0.3333333333333333
910,16.0,6.0,2014,2014-07-27,12:00:00,hungaroring,raikkonen,ferrari,7,56,5,10.0,10.0,10.333333333333334,-0.3333333333333333
910,2.0,7.0,2014,2014-07-27,12:00:00,hungaroring,vettel,red_bull,7,73,17,-5.0,3.6666666666666665,4.0,-0.3333333333333333
910,3.0,8.0,2014,2014-07-27,12:00:00,hungaroring,bottas,williams,7,7,22,-5.0,6.0,2.3333333333333335,3.6666666666666665
910,8.0,9.0,2014,2014-07-27,12:00:00,hungaroring,vergne,toro_rosso,7,72,20,-1.0,10.333333333333334,10.333333333333334,0.0
910,7.0,10.0,2014,2014-07-27,12:00:00,hungaroring,button,mclaren,7,11,13,-3.0,8.333333333333334,7.666666666666667,0.6666666666666666
910,11.0,11.0,2014,2014-07-27,12:00:00,hungaroring,sutil,sauber,7,68,19,0.0,15.0,13.0,2.0
910,21.0,12.0,2014,2014-07-27,12:00:00,hungaroring,kevin_magnussen,mclaren,7,30,13,9.0,5.0,7.666666666666667,-2.6666666666666665
910,20.0,13.0,2014,2014-07-27,12:00:00,hungaroring,maldonado,lotus_f1,7,41,9,7.0,17.0,13.666666666666666,3.3333333333333335
910,10.0,14.0,2014,2014-07-27,12:00:00,hungaroring,kvyat,toro_rosso,7,35,20,-4.0,11.333333333333334,11.0,0.3333333333333333
910,15.0,15.0,2014,2014-07-27,12:00:00,hungaroring,jules_bianchi,marussia,7,28,12,0.0,15.666666666666666,14.666666666666666,1.0
910,18.0,16.0,2014,2014-07-27,12:00:00,hungaroring,chilton,marussia,7,13,12,2.0,19.666666666666668,16.666666666666668,3.0
911,5.0,1.0,2014,2014-08-24,12:00:00,spa,ricciardo,red_bull,27,58,17,4.0,5.666666666666667,3.3333333333333335,2.3333333333333335
911,1.0,2.0,2014,2014-08-24,12:00:00,spa,rosberg,mercedes,27,60,14,-1.0,1.6666666666666667,2.0,-0.3333333333333333
911,6.0,3.0,2014,2014-08-24,12:00:00,spa,bottas,williams,27,7,22,3.0,6.333333333333333,4.0,2.3333333333333335
911,8.0,4.0,2014,2014-08-24,12:00:00,spa,raikkonen,ferrari,27,56,5,4.0,12.0,9.0,3.0
911,3.0,5.0,2014,2014-08-24,12:00:00,spa,vettel,red_bull,27,73,17,-2.0,3.3333333333333335,5.333333333333333,-2.0
911,10.0,6.0,2014,2014-08-24,12:00:00,spa,button,mclaren,27,11,13,4.0,7.0,7.333333333333333,-0.3333333333333333
911,4.0,7.0,2014,2014-08-24,12:00:00,spa,alonso,ferrari,27,3,5,-3.0,9.333333333333334,4.333333333333333,5.0
911,13.0,8.0,2014,2014-08-24,12:00:00,spa,perez,force_india,27,51,6,5.0,10.666666666666666,9.0,1.6666666666666667
911,11.0,9.0,2014,2014-08-24,12:00:00,spa,kvyat,toro_rosso,27,35,20,2.0,10.333333333333334,12.333333333333334,-2.0
911,18.0,10.0,2014,2014-08-24,12:00:00,spa,hulkenberg,force_india,27,26,6,8.0,7.666666666666667,8.0,-0.3333333333333333
911,12.0,11.0,2014,2014-08-24,12:00:00,spa,vergne,toro_rosso,27,72,20,1.0,10.333333333333334,10.666666666666666,-0.3333333333333333
911,7.0,12.0,2014,2014-08-24,12:00:00,spa,kevin_magnussen,mclaren,27,30,13,-5.0,10.0,9.333333333333334,0.6666666666666666
911,9.0,13.0,2014,2014-08-24,12:00:00,spa,massa,williams,27,42,22,-4.0,4.0,7.0,-3.0
911,14.0,14.0,2014,2014-08-24,12:00:00,spa,sutil,sauber,27,68,19,0.0,13.333333333333334,12.333333333333334,1.0
911,20.0,15.0,2014,2014-08-24,12:00:00,spa,gutierrez,sauber,27,22,19,5.0,18.333333333333332,15.666666666666666,2.6666666666666665
911,19.0,16.0,2014,2014-08-24,12:00:00,spa,chilton,marussia,27,13,12,3.0,18.666666666666668,16.333333333333332,2.3333333333333335
911,22.0,17.0,2014,2014-08-24,12:00:00,spa,ericsson,caterham,27,15,4,5.0,21.333333333333332,15.666666666666666,5.666666666666667
911,16.0,18.0,2014,2014-08-24,12:00:00,spa,jules_bianchi,marussia,27,28,12,-2.0,14.666666666666666,14.666666666666666,0.0
912,1.0,1.0,2014,2014-09-07,12:00:00,monza,hamilton,mercedes,16,23,14,0.0,16.0,2.3333333333333335,13.666666666666666
912,2.0,2.0,2014,2014-09-07,12:00:00,monza,rosberg,mercedes,16,60,14,0.0,1.0,2.3333333333333335,-1.3333333333333333
912,4.0,3.0,2014,2014-09-07,12:00:00,monza,massa,williams,16,42,22,1.0,5.333333333333333,7.333333333333333,-2.0
912,3.0,4.0,2014,2014-09-07,12:00:00,monza,bottas,williams,16,7,22,-1.0,3.6666666666666665,4.333333333333333,-0.6666666666666666
912,9.0,5.0,2014,2014-09-07,12:00:00,monza,ricciardo,red_bull,16,58,17,4.0,4.666666666666667,2.6666666666666665,2.0
912,8.0,6.0,2014,2014-09-07,12:00:00,monza,vettel,red_bull,16,73,17,2.0,3.6666666666666665,5.333333333333333,-1.6666666666666667
912,10.0,7.0,2014,2014-09-07,12:00:00,monza,perez,force_india,16,51,6,3.0,10.0,9.666666666666666,0.3333333333333333
912,6.0,8.0,2014,2014-09-07,12:00:00,monza,button,mclaren,16,11,13,-2.0,9.333333333333334,8.0,1.3333333333333333
912,11.0,9.0,2014,2014-09-07,12:00:00,monza,raikkonen,ferrari,16,56,5,2.0,12.0,7.0,5.0
912,5.0,10.0,2014,2014-09-07,12:00:00,monza,kevin_magnussen,mclaren,16,30,13,-5.0,10.666666666666666,11.0,-0.3333333333333333
912,21.0,11.0,2014,2014-09-07,12:00:00,monza,kvyat,toro_rosso,16,35,20,10.0,10.0,10.666666666666666,-0.6666666666666666
912,13.0,12.0,2014,2014-09-07,12:00:00,monza,hulkenberg,force_india,16,26,6,1.0,10.333333333333334,8.333333333333334,2.0
912,12.0,13.0,2014,2014-09-07,12:00:00,monza,vergne,toro_rosso,16,72,20,-1.0,11.0,11.0,0.0
912,16.0,14.0,2014,2014-09-07,12:00:00,monza,maldonado,lotus_f1,16,41,9,2.0,19.333333333333332,14.0,5.333333333333333
912,14.0,15.0,2014,2014-09-07,12:00:00,monza,sutil,sauber,16,68,19,-1.0,12.666666666666666,12.666666666666666,0.0
912,17.0,16.0,2014,2014-09-07,12:00:00,monza,grosjean,lotus_f1,16,21,9,1.0,15.666666666666666,11.333333333333334,4.333333333333333
912,18.0,17.0,2014,2014-09-07,12:00:00,monza,kobayashi,caterham,16,32,4,1.0,20.0,15.666666666666666,4.333333333333333
912,19.0,18.0,2014,2014-09-07,12:00:00,monza,jules_bianchi,marussia,16,28,12,1.0,16.0,16.0,0.0
912,15.0,19.0,2014,2014-09-07,12:00:00,monza,gutierrez,sauber,16,22,19,-4.0,17.666666666666668,16.0,1.6666666666666667
912,22.0,20.0,2014,2014-09-07,12:00:00,monza,ericsson,caterham,16,15,4,2.0,21.333333333333332,17.666666666666668,3.6666666666666665
913,1.0,1.0,2014,2014-09-21,12:00:00,marina_bay,hamilton,mercedes,13,23,14,0.0,14.333333333333334,2.3333333333333335,12.0
913,4.0,2.0,2014,2014-09-21,12:00:00,marina_bay,vettel,red_bull,13,73,17,2.0,4.333333333333333,6.0,-1.6666666666666667
913,3.0,3.0,2014,2014-09-21,12:00:00,marina_bay,ricciardo,red_bull,13,58,17,0.0,6.0,2.3333333333333335,3.6666666666666665
913,5.0,4.0,2014,2014-09-21,12:00:00,marina_bay,alonso,ferrari,13,3,5,1.0,5.333333333333333,4.666666666666667,0.6666666666666666
913,6.0,5.0,2014,2014-09-21,12:00:00,marina_bay,massa,williams,13,42,22,1.0,6.333333333333333,7.0,-0.6666666666666666
913,12.0,6.0,2014,2014-09-21,12:00:00,marina_bay,vergne,toro_rosso,13,72,20,6.0,10.666666666666666,11.0,-0.3333333333333333
913,15.0,7.0,2014,2014-09-21,12:00:00,marina_bay,perez,force_india,13,51,6,8.0,11.0,8.333333333333334,2.6666666666666665
913,7.0,8.0,2014,2014-09-21,12:00:00,marina_bay,raikkonen,ferrari,13,56,5,-1.0,11.666666666666666,6.333333333333333,5.333333333333333
913,13.0,9.0,2014,2014-09-21,12:00:00,marina_bay,hulkenberg,force_india,13,26,6,4.0,13.333333333333334,9.666666666666666,3.6666666666666665
913,9.0,10.0,2014,2014-09-21,12:00:00,marina_bay,kevin_magnussen,mclaren,13,30,13,-1.0,11.0,11.333333333333334,-0.3333333333333333
913,8.0,11.0,2014,2014-09-21,12:00:00,marina_bay,bottas,williams,13,7,22,-3.0,4.0,5.0,-1.0
913,18.0,12.0,2014,2014-09-21,12:00:00,marina_bay,maldonado,lotus_f1,13,41,9,6.0,18.0,13.0,5.0
913,16.0,13.0,2014,2014-09-21,12:00:00,marina_bay,grosjean,lotus_f1,13,21,9,3.0,16.666666666666668,14.0,2.6666666666666665
913,10.0,14.0,2014,2014-09-21,12:00:00,marina_bay,kvyat,toro_rosso,13,35,20,-4.0,14.0,11.333333333333334,2.6666666666666665
913,22.0,15.0,2014,2014-09-21,12:00:00,marina_bay,ericsson,caterham,13,15,4,7.0,22.0,18.333333333333332,3.6666666666666665
913,19.0,16.0,2014,2014-09-21,12:00:00,marina_bay,jules_bianchi,marussia,13,28,12,3.0,16.666666666666668,17.0,-0.3333333333333333
913,21.0,17.0,2014,2014-09-21,12:00:00,marina_bay,chilton,marussia,13,13,12,4.0,19.333333333333332,16.333333333333332,3.0
914,2.0,1.0,2014,2014-10-05,06:00:00,suzuka,hamilton,mercedes,28,23,14,1.0,8.0,1.6666666666666667,6.333333333333333
914,1.0,2.0,2014,2014-10-05,06:00:00,suzuka,rosberg,mercedes,28,60,14,-1.0,1.3333333333333333,2.6666666666666665,-1.3333333333333333
914,9.0,3.0,2014,2014-10-05,06:00:00,suzuka,vettel,red_bull,28,73,17,6.0,5.0,4.333333333333333,0.6666666666666666
914,6.0,4.0,2014,2014-10-05,06:00:00,suzuka,ricciardo,red_bull,28,58,17,2.0,5.666666666666667,3.0,2.6666666666666665
914,8.0,5.0,2014,2014-10-05,06:00:00,suzuka,button,mclaren,28,11,13,3.0,7.666666666666667,8.0,-0.3333333333333333
914,3.0,6.0,2014,2014-10-05,06:00:00,suzuka,bottas,williams,28,7,22,-3.0,5.666666666666667,6.0,-0.3333333333333333
914,4.0,7.0,2014,2014-10-05,06:00:00,suzuka,massa,williams,28,42,22,-3.0,6.333333333333333,7.0,-0.6666666666666666
914,13.0,8.0,2014,2014-10-05,06:00:00,suzuka,hulkenberg,force_india,28,26,6,5.0,14.666666666666666,10.333333333333334,4.333333333333333
914,20.0,9.0,2014,2014-10-05,06:00:00,suzuka,vergne,toro_rosso,28,72,20,11.0,12.0,10.0,2.0
914,11.0,10.0,2014,2014-10-05,06:00:00,suzuka,perez,force_india,28,51,6,1.0,12.666666666666666,7.333333333333333,5.333333333333333
914,12.0,11.0,2014,2014-10-05,06:00:00,suzuka,kvyat,toro_rosso,28,35,20,1.0,14.0,11.333333333333334,2.6666666666666665
914,10.0,12.0,2014,2014-10-05,06:00:00,suzuka,raikkonen,ferrari,28,56,5,-2.0,8.666666666666666,7.0,1.6666666666666667
914,15.0,13.0,2014,2014-10-05,06:00:00,suzuka,gutierrez,sauber,28,22,19,2.0,17.0,16.0,1.0
914,7.0,14.0,2014,2014-10-05,06:00:00,suzuka,kevin_magnussen,mclaren,28,30,13,-7.0,7.0,10.666666666666666,-3.6666666666666665
914,16.0,15.0,2014,2014-10-05,06:00:00,suzuka,grosjean,lotus_f1,28,21,9,1.0,14.666666666666666,13.666666666666666,1.0
914,22.0,16.0,2014,2014-10-05,06:00:00,suzuka,maldonado,lotus_f1,28,41,9,6.0,18.0,13.0,5.0
914,17.0,17.0,2014,2014-10-05,06:00:00,suzuka,ericsson,caterham,28,15,4,0.0,22.0,17.333333333333332,4.666666666666667
914,21.0,18.0,2014,2014-10-05,06:00:00,suzuka,chilton,marussia,28,13,12,3.0,19.333333333333332,16.333333333333332,3.0
914,19.0,19.0,2014,2014-10-05,06:00:00,suzuka,kobayashi,caterham,28,32,4,0.0,19.666666666666668,16.0,3.6666666666666665
914,18.0,20.0,2014,2014-10-05,06:00:00,suzuka,jules_bianchi,marussia,28,28,12,-2.0,18.0,17.333333333333332,0.6666666666666666
915,1.0,1.0,2014,2014-10-12,11:00:00,sochi,hamilton,mercedes,26,23,14,0.0,1.3333333333333333,1.0,0.3333333333333333
915,2.0,2.0,2014,2014-10-12,11:00:00,sochi,rosberg,mercedes,26,60,14,0.0,1.3333333333333333,2.0,-0.6666666666666666
915,3.0,3.0,2014,2014-10-12,11:00:00,sochi,bottas,williams,26,7,22,0.0,4.666666666666667,7.0,-2.3333333333333335
915,4.0,4.0,2014,2014-10-12,11:00:00,sochi,button,mclaren,26,11,13,0.0,8.0,6.333333333333333,1.6666666666666667
915,11.0,5.0,2014,2014-10-12,11:00:00,sochi,kevin_magnussen,mclaren,26,30,13,6.0,7.0,11.333333333333334,-4.333333333333333
915,7.0,6.0,2014,2014-10-12,11:00:00,sochi,alonso,ferrari,26,3,5,1.0,4.666666666666667,4.333333333333333,0.3333333333333333
915,6.0,7.0,2014,2014-10-12,11:00:00,sochi,ricciardo,red_bull,26,58,17,-1.0,6.0,4.0,2.0
915,10.0,8.0,2014,2014-10-12,11:00:00,sochi,vettel,red_bull,26,73,17,2.0,7.0,3.6666666666666665,3.3333333333333335
915,8.0,9.0,2014,2014-10-12,11:00:00,sochi,raikkonen,ferrari,26,56,5,-1.0,9.333333333333334,9.666666666666666,-0.3333333333333333
915,12.0,10.0,2014,2014-10-12,11:00:00,sochi,perez,force_india,26,51,6,2.0,12.0,8.0,4.0
915,18.0,11.0,2014,2014-10-12,11:00:00,sochi,massa,williams,26,42,22,7.0,4.666666666666667,5.0,-0.3333333333333333
915,17.0,12.0,2014,2014-10-12,11:00:00,sochi,hulkenberg,force_india,26,26,6,5.0,13.0,9.666666666666666,3.3333333333333335
915,9.0,13.0,2014,2014-10-12,11:00:00,sochi,vergne,toro_rosso,26,72,20,-4.0,14.666666666666666,9.333333333333334,5.333333333333333
915,5.0,14.0,2014,2014-10-12,11:00:00,sochi,kvyat,toro_rosso,26,35,20,-9.0,14.333333333333334,12.0,2.3333333333333335
915,13.0,15.0,2014,2014-10-12,11:00:00,sochi,gutierrez,sauber,26,22,19,-2.0,16.666666666666668,15.666666666666666,1.0
915,14.0,16.0,2014,2014-10-12,11:00:00,sochi,sutil,sauber,26,68,19,-2.0,13.0,13.333333333333334,-0.3333333333333333
915,15.0,17.0,2014,2014-10-12,11:00:00,sochi,grosjean,lotus_f1,26,21,9,-2.0,16.333333333333332,14.666666666666666,1.6666666666666667
915,21.0,18.0,2014,2014-10-12,11:00:00,sochi,maldonado,lotus_f1,26,41,9,3.0,18.666666666666668,14.0,4.666666666666667
915,16.0,19.0,2014,2014-10-12,11:00:00,sochi,ericsson,caterham,26,15,4,-3.0,20.333333333333332,17.333333333333332,3.0
916,2.0,1.0,2014,2014-11-02,20:00:00,americas,hamilton,mercedes,1,23,14,1.0,1.3333333333333333,1.0,0.3333333333333333
916,1.0,2.0,2014,2014-11-02,20:00:00,americas,rosberg,mercedes,1,60,14,-1.0,1.6666666666666667,2.0,-0.3333333333333333
916,5.0,3.0,2014,2014-11-02,20:00:00,americas,ricciardo,red_bull,1,58,17,2.0,5.0,4.666666666666667,0.3333333333333333
916,4.0,4.0,2014,2014-11-02,20:00:00,americas,massa,williams,1,42,22,0.0,9.333333333333334,7.666666666666667,1.6666666666666667
916,3.0,5.0,2014,2014-11-02,20:00:00,americas,bottas,williams,1,7,22,-2.0,4.666666666666667,6.666666666666667,-2.0
916,6.0,6.0,2014,2014-11-02,20:00:00,americas,alonso,ferrari,1,3,5,0.0,5.333333333333333,5.666666666666667,-0.3333333333333333
916,18.0,7.0,2014,2014-11-02,20:00:00,americas,vettel,red_bull,1,73,17,11.0,7.666666666666667,4.333333333333333,3.3333333333333335
916,7.0,8.0,2014,2014-11-02,20:00:00,americas,kevin_magnussen,mclaren,1,30,13,-1.0,9.0,9.666666666666666,-0.6666666666666666
916,10.0,9.0,2014,2014-11-02,20:00:00,americas,maldonado,lotus_f1,1,41,9,1.0,20.333333333333332,15.333333333333334,5.0
916,14.0,10.0,2014,2014-11-02,20:00:00,americas,vergne,toro_rosso,1,72,20,4.0,13.666666666666666,9.333333333333334,4.333333333333333
916,16.0,11.0,2014,2014-11-02,20:00:00,americas,grosjean,lotus_f1,1,21,9,5.0,15.666666666666666,15.0,0.6666666666666666
916,12.0,12.0,2014,2014-11-02,20:00:00,americas,button,mclaren,1,11,13,0.0,6.0,5.666666666666667,0.3333333333333333
916,8.0,13.0,2014,2014-11-02,20:00:00,americas,raikkonen,ferrari,1,56,5,-5.0,8.333333333333334,9.666666666666666,-1.3333333333333333
916,15.0,14.0,2014,2014-11-02,20:00:00,americas,gutierrez,sauber,1,22,19,1.0,14.333333333333334,15.666666666666666,-1.3333333333333333
916,17.0,15.0,2014,2014-11-02,20:00:00,americas,kvyat,toro_rosso,1,35,20,2.0,9.0,13.0,-4.0
917,1.0,1.0,2014,2014-11-09,16:00:00,interlagos,rosberg,mercedes,9,60,14,0.0,1.3333333333333333,2.0,-0.6666666666666666
917,2.0,2.0,2014,2014-11-09,16:00:00,interlagos,hamilton,mercedes,9,23,14,0.0,1.6666666666666667,1.0,0.6666666666666666
917,3.0,3.0,2014,2014-11-09,16:00:00,interlagos,massa,williams,9,42,22,0.0,8.666666666666666,7.333333333333333,1.3333333333333333
917,5.0,4.0,2014,2014-11-09,16:00:00,interlagos,button,mclaren,9,11,13,1.0,8.0,7.0,1.0
917,6.0,5.0,2014,2014-11-09,16:00:00,interlagos,vettel,red_bull,9,73,17,1.0,12.333333333333334,6.0,6.333333333333333
917,8.0,6.0,2014,2014-11-09,16:00:00,interlagos,alonso,ferrari,9,3,5,2.0,6.0,5.333333333333333,0.6666666666666666
917,10.0,7.0,2014,2014-11-09,16:00:00,interlagos,raikkonen,ferrari,9,56,5,3.0,8.666666666666666,11.333333333333334,-2.6666666666666665
917,12.0,8.0,2014,2014-11-09,16:00:00,interlagos,hulkenberg,force_india,9,26,6,4.0,14.333333333333334,9.666666666666666,4.666666666666667
917,7.0,9.0,2014,2014-11-09,16:00:00,interlagos,kevin_magnussen,mclaren,9,30,13,-2.0,8.333333333333334,9.0,-0.6666666666666666
917,4.0,10.0,2014,2014-11-09,16:00:00,interlagos,bottas,williams,9,7,22,-6.0,3.0,4.666666666666667,-1.6666666666666667
917,17.0,11.0,2014,2014-11-09,16:00:00,interlagos,kvyat,toro_rosso,9,35,20,6.0,11.333333333333334,13.333333333333334,-2.0
917,16.0,12.0,2014,2014-11-09,16:00:00,interlagos,maldonado,lotus_f1,9,41,9,4.0,17.666666666666668,14.333333333333334,3.3333333333333335
917,15.0,13.0,2014,2014-11-09,16:00:00,interlagos,vergne,toro_rosso,9,72,20,2.0,14.333333333333334,10.666666666666666,3.6666666666666665
917,11.0,14.0,2014,2014-11-09,16:00:00,interlagos,gutierrez,sauber,9,22,19,-3.0,14.333333333333334,14.0,0.3333333333333333
917,18.0,15.0,2014,2014-11-09,16:00:00,interlagos,perez,force_india,9,51,6,3.0,12.666666666666666,9.0,3.6666666666666665
917,13.0,16.0,2014,2014-11-09,16:00:00,interlagos,sutil,sauber,9,68,19,-3.0,14.0,15.0,-1.0
917,14.0,17.0,2014,2014-11-09,16:00:00,interlagos,grosjean,lotus_f1,9,21,9,-3.0,15.666666666666666,14.333333333333334,1.3333333333333333
918,2.0,1.0,2014,2014-11-23,13:00:00,yas_marina,hamilton,mercedes,32,23,14,1.0,1.6666666666666667,1.3333333333333333,0.3333333333333333
918,4.0,2.0,2014,2014-11-23,13:00:00,yas_marina,massa,williams,32,42,22,2.0,8.333333333333334,6.0,2.3333333333333335
918,3.0,3.0,2014,2014-11-23,13:00:00,yas_marina,bottas,williams,32,7,22,0.0,3.3333333333333335,6.0,-2.6666666666666665
918,20.0,4.0,2014,2014-11-23,13:00:00,yas_marina,ricciardo,red_bull,32,58,17,16.0,5.666666666666667,4.666666666666667,1.0
918,6.0,5.0,2014,2014-11-23,13:00:00,yas_marina,button,mclaren,32,11,13,1.0,7.0,6.666666666666667,0.3333333333333333
918,12.0,6.0,2014,2014-11-23,13:00:00,yas_marina,hulkenberg,force_india,32,26,6,6.0,14.0,9.333333333333334,4.666666666666667
918,11.0,7.0,2014,2014-11-23,13:00:00,yas_marina,perez,force_india,32,51,6,4.0,13.666666666666666,11.666666666666666,2.0
918,19.0,8.0,2014,2014-11-23,13:00:00,yas_marina,vettel,red_bull,32,73,17,11.0,11.333333333333334,6.666666666666667,4.666666666666667
918,8.0,9.0,2014,2014-11-23,13:00:00,yas_marina,alonso,ferrari,32,3,5,-1.0,7.0,6.0,1.0
918,7.0,10.0,2014,2014-11-23,13:00:00,yas_marina,raikkonen,ferrari,32,56,5,-3.0,8.666666666666666,9.666666666666666,-1.0
918,9.0,11.0,2014,2014-11-23,13:00:00,yas_marina,kevin_magnussen,mclaren,32,30,13,-2.0,8.333333333333334,7.333333333333333,1.0
918,10.0,12.0,2014,2014-11-23,13:00:00,yas_marina,vergne,toro_rosso,32,72,20,-2.0,12.666666666666666,12.0,0.6666666666666666
918,18.0,13.0,2014,2014-11-23,13:00:00,yas_marina,grosjean,lotus_f1,32,21,9,5.0,15.0,15.0,0.0
918,1.0,14.0,2014,2014-11-23,13:00:00,yas_marina,rosberg,mercedes,32,60,14,-13.0,1.3333333333333333,1.6666666666666667,-0.3333333333333333
918,14.0,15.0,2014,2014-11-23,13:00:00,yas_marina,gutierrez,sauber,32,22,19,-1.0,13.0,14.333333333333334,-1.3333333333333333
918,13.0,16.0,2014,2014-11-23,13:00:00,yas_marina,sutil,sauber,32,68,19,-3.0,13.666666666666666,15.666666666666666,-2.0
918,17.0,17.0,2014,2014-11-23,13:00:00,yas_marina,stevens,caterham,32,66,4,0.0,,,
926,1.0,1.0,2015,2015-03-15,05:00:00,albert_park,hamilton,mercedes,0,23,14,0.0,2.0,1.3333333333333333,0.6666666666666666
926,2.0,2.0,2015,2015-03-15,05:00:00,albert_park,rosberg,mercedes,0,60,14,0.0,1.0,5.666666666666667,-4.666666666666667
926,4.0,3.0,2015,2015-03-15,05:00:00,albert_park,vettel,ferrari,0,73,5,1.0,14.333333333333334,6.666666666666667,7.666666666666667
926,3.0,4.0,2015,2015-03-15,05:00:00,albert_park,massa,williams,0,42,22,-1.0,3.6666666666666665,3.0,0.6666666666666666
926,10.0,5.0,2015,2015-03-15,05:00:00,albert_park,nasr,sauber,0,48,19,5.0,,,
926,6.0,6.0,2015,2015-03-15,05:00:00,albert_park,ricciardo,red_bull,0,58,17,0.0,10.333333333333334,4.666666666666667,5.666666666666667
926,13.0,7.0,2015,2015-03-15,05:00:00,albert_park,hulkenberg,force_india,0,26,6,6.0,13.666666666666666,8.666666666666666,5.0
926,15.0,8.0,2015,2015-03-15,05:00:00,albert_park,ericsson,sauber,0,15,19,7.0,18.333333333333332,17.0,1.3333333333333333
926,7.0,9.0,2015,2015-03-15,05:00:00,albert_park,sainz,toro_rosso,0,63,20,-2.0,,,
926,14.0,10.0,2015,2015-03-15,05:00:00,albert_park,perez,force_india,0,51,6,4.0,13.666666666666666,10.666666666666666,3.0
926,16.0,11.0,2015,2015-03-15,05:00:00,albert_park,button,mclaren,0,11,13,5.0,7.666666666666667,7.0,0.6666666666666666
927,2.0,1.0,2015,2015-03-29,07:00:00,sepang,vettel,ferrari,23,73,5,1.0,9.666666666666666,5.333333333333333,4.333333333333333
927,1.0,2.0,2015,2015-03-29,07:00:00,sepang,hamilton,mercedes,23,23,14,-1.0,1.6666666666666667,1.3333333333333333,0.3333333333333333
927,3.0,3.0,2015,2015-03-29,07:00:00,sepang,rosberg,mercedes,23,60,14,0.0,1.3333333333333333,5.666666666666667,-4.333333333333333
927,11.0,4.0,2015,2015-03-29,07:00:00,sepang,raikkonen,ferrari,23,56,5,7.0,8.333333333333334,10.0,-1.6666666666666667
927,8.0,5.0,2015,2015-03-29,07:00:00,sepang,bottas,williams,23,7,22,3.0,3.3333333333333335,6.0,-2.6666666666666665
927,7.0,6.0,2015,2015-03-29,07:00:00,sepang,massa,williams,23,42,22,1.0,3.3333333333333335,3.0,0.3333333333333333
927,6.0,7.0,2015,2015-03-29,07:00:00,sepang,max_verstappen,toro_rosso,23,43,20,-1.0,,,
927,15.0,8.0,2015,2015-03-29,07:00:00,sepang,sainz,toro_rosso,23,63,20,7.0,,,
927,5.0,9.0,2015,2015-03-29,07:00:00,sepang,kvyat,red_bull,23,35,17,-4.0,13.0,13.333333333333334,-0.3333333333333333
927,4.0,10.0,2015,2015-03-29,07:00:00,sepang,ricciardo,red_bull,23,58,17,-6.0,10.333333333333334,4.333333333333333,6.0
927,10.0,11.0,2015,2015-03-29,07:00:00,sepang,grosjean,lotus_f1,23,21,9,-1.0,16.0,13.666666666666666,2.3333333333333335
927,16.0,12.0,2015,2015-03-29,07:00:00,sepang,nasr,sauber,23,48,19,4.0,,,
927,14.0,13.0,2015,2015-03-29,07:00:00,sepang,perez,force_india,23,51,6,1.0,14.333333333333334,10.666666666666666,3.6666666666666665
927,13.0,14.0,2015,2015-03-29,07:00:00,sepang,hulkenberg,force_india,23,26,6,-1.0,12.333333333333334,7.0,5.333333333333333
927,19.0,15.0,2015,2015-03-29,07:00:00,sepang,merhi,manor,23,45,11,4.0,,,
928,1.0,1.0,2015,2015-04-12,06:00:00,shanghai,hamilton,mercedes,24,23,14,0.0,1.3333333333333333,1.3333333333333333,0.0
928,2.0,2.0,2015,2015-04-12,06:00:00,shanghai,rosberg,mercedes,24,60,14,0.0,2.0,6.333333333333333,-4.333333333333333
928,3.0,3.0,2015,2015-04-12,06:00:00,shanghai,vettel,ferrari,24,73,5,0.0,8.333333333333334,4.0,4.333333333333333
928,6.0,4.0,2015,2015-04-12,06:00:00,shanghai,raikkonen,ferrari,24,56,5,2.0,9.333333333333334,7.0,2.3333333333333335
928,4.0,5.0,2015,2015-04-12,06:00:00,shanghai,massa,williams,24,42,22,-1.0,4.666666666666667,4.0,0.6666666666666666
928,5.0,6.0,2015,2015-04-12,06:00:00,shanghai,bottas,williams,24,7,22,-1.0,5.0,6.0,-1.0
928,8.0,7.0,2015,2015-04-12,06:00:00,shanghai,grosjean,lotus_f1,24,21,9,1.0,14.0,13.666666666666666,0.3333333333333333
928,9.0,8.0,2015,2015-04-12,06:00:00,shanghai,nasr,sauber,24,48,19,1.0,,,
928,7.0,9.0,2015,2015-04-12,06:00:00,shanghai,ricciardo,red_bull,24,58,17,-2.0,10.0,6.666666666666667,3.3333333333333335
928,10.0,10.0,2015,2015-04-12,06:00:00,shanghai,ericsson,sauber,24,15,19,0.0,16.0,14.666666666666666,1.3333333333333333
928,15.0,11.0,2015,2015-04-12,06:00:00,shanghai,perez,force_india,24,51,6,4.0,13.0,10.0,3.0
928,18.0,12.0,2015,2015-04-12,06:00:00,shanghai,alonso,mclaren,24,3,13,6.0,7.333333333333333,7.0,0.3333333333333333
928,14.0,13.0,2015,2015-04-12,06:00:00,shanghai,sainz,toro_rosso,24,63,20,1.0,,,
928,17.0,14.0,2015,2015-04-12,06:00:00,shanghai,button,mclaren,24,11,13,3.0,9.0,6.666666666666667,2.3333333333333335
928,19.0,15.0,2015,2015-04-12,06:00:00,shanghai,stevens,manor,24,66,11,4.0,,,
928,20.0,16.0,2015,2015-04-12,06:00:00,shanghai,merhi,manor,24,45,11,4.0,,,
928,13.0,17.0,2015,2015-04-12,06:00:00,shanghai,max_verstappen,toro_rosso,24,43,20,-4.0,,,
929,1.0,1.0,2015,2015-04-19,15:00:00,bahrain,hamilton,mercedes,2,23,14,0.0,1.0,1.3333333333333333,-0.3333333333333333
929,4.0,2.0,2015,2015-04-19,15:00:00,bahrain,raikkonen,ferrari,2,56,5,2.0,8.0,6.0,2.0
929,3.0,3.0,2015,2015-04-19,15:00:00,bahrain,rosberg,mercedes,2,60,14,0.0,2.3333333333333335,2.3333333333333335,0.0
929,5.0,4.0,2015,2015-04-19,15:00:00,bahrain,bottas,williams,2,7,22,1.0,5.333333333333333,4.666666666666667,0.6666666666666666
929,2.0,5.0,2015,2015-04-19,15:00:00,bahrain,vettel,ferrari,2,73,5,-3.0,3.0,2.3333333333333335,0.6666666666666666
929,7.0,6.0,2015,2015-04-19,15:00:00,bahrain,ricciardo,red_bull,2,58,17,1.0,5.666666666666667,8.333333333333334,-2.6666666666666665
929,10.0,7.0,2015,2015-04-19,15:00:00,bahrain,grosjean,lotus_f1,2,21,9,3.0,12.0,10.333333333333334,1.6666666666666667
929,11.0,8.0,2015,2015-04-19,15:00:00,bahrain,perez,force_india,2,51,6,3.0,14.333333333333334,11.333333333333334,3.0
929,17.0,9.0,2015,2015-04-19,15:00:00,bahrain,kvyat,red_bull,2,35,17,8.0,13.0,11.666666666666666,1.3333333333333333
929,6.0,10.0,2015,2015-04-19,15:00:00,bahrain,massa,williams,2,42,22,-4.0,4.666666666666667,5.0,-0.3333333333333333
929,14.0,11.0,2015,2015-04-19,15:00:00,bahrain,alonso,mclaren,2,3,13,3.0,11.333333333333334,9.0,2.3333333333333335
929,12.0,12.0,2015,2015-04-19,15:00:00,bahrain,nasr,sauber,2,48,19,0.0,11.666666666666666,8.333333333333334,3.3333333333333335
929,8.0,13.0,2015,2015-04-19,15:00:00,bahrain,hulkenberg,force_india,2,26,6,-5.0,12.666666666666666,9.0,3.6666666666666665
929,13.0,14.0,2015,2015-04-19,15:00:00,bahrain,ericsson,sauber,2,15,19,-1.0,13.666666666666666,12.333333333333334,1.3333333333333333
929,16.0,15.0,2015,2015-04-19,15:00:00,bahrain,maldonado,lotus_f1,2,41,9,1.0,15.666666666666666,13.0,2.6666666666666665
929,18.0,16.0,2015,2015-04-19,15:00:00,bahrain,stevens,manor,2,66,11,2.0,,,
929,19.0,17.0,2015,2015-04-19,15:00:00,bahrain,merhi,manor,2,45,11,2.0,,,
930,1.0,1.0,2015,2015-05-10,12:00:00,catalunya,rosberg,mercedes,5,60,14,0.0,2.6666666666666665,2.6666666666666665,0.0
930,2.0,2.0,2015,2015-05-10,12:00:00,catalunya,hamilton,mercedes,5,23,14,0.0,1.0,1.3333333333333333,-0.3333333333333333
930,3.0,3.0,2015,2015-05-10,12:00:00,catalunya,vettel,ferrari,5,73,5,0.0,2.3333333333333335,3.0,-0.6666666666666666
930,4.0,4.0,2015,2015-05-10,12:00:00,catalunya,bottas,williams,5,7,22,0.0,6.0,5.0,1.0
930,7.0,5.0,2015,2015-05-10,12:00:00,catalunya,raikkonen,ferrari,5,56,5,2.0,7.0,3.3333333333333335,3.6666666666666665
930,9.0,6.0,2015,2015-05-10,12:00:00,catalunya,massa,williams,5,42,22,3.0,5.666666666666667,7.0,-1.3333333333333333
930,10.0,7.0,2015,2015-05-10,12:00:00,catalunya,ricciardo,red_bull,5,58,17,3.0,6.0,8.333333333333334,-2.3333333333333335
930,11.0,8.0,2015,2015-05-10,12:00:00,catalunya,grosjean,lotus_f1,5,21,9,3.0,9.333333333333334,8.333333333333334,1.0
930,5.0,9.0,2015,2015-05-10,12:00:00,catalunya,sainz,toro_rosso,5,63,20,-4.0,12.0,10.0,2.0
930,8.0,10.0,2015,2015-05-10,12:00:00,catalunya,kvyat,red_bull,5,35,17,-2.0,13.0,9.666666666666666,3.3333333333333335
930,6.0,11.0,2015,2015-05-10,12:00:00,catalunya,max_verstappen,toro_rosso,5,43,20,-5.0,,,
930,15.0,12.0,2015,2015-05-10,12:00:00,catalunya,nasr,sauber,5,48,19,3.0,12.333333333333334,10.666666666666666,1.6666666666666667
930,18.0,13.0,2015,2015-05-10,12:00:00,catalunya,perez,force_india,5,51,6,5.0,13.333333333333334,10.666666666666666,2.6666666666666665
930,16.0,14.0,2015,2015-05-10,12:00:00,catalunya,ericsson,sauber,5,15,19,2.0,12.666666666666666,10.666666666666666,2.0
930,17.0,15.0,2015,2015-05-10,12:00:00,catalunya,hulkenberg,force_india,5,26,6,2.0,11.333333333333334,11.333333333333334,0.0
930,14.0,16.0,2015,2015-05-10,12:00:00,catalunya,button,mclaren,5,11,13,-2.0,13.0,10.0,3.0
930,19.0,17.0,2015,2015-05-10,12:00:00,catalunya,stevens,manor,5,66,11,2.0,18.0,16.0,2.0
930,20.0,18.0,2015,2015-05-10,12:00:00,catalunya,merhi,manor,5,45,11,2.0,19.333333333333332,16.0,3.3333333333333335
931,2.0,1.0,2015,2015-05-24,12:00:00,monaco,rosberg,mercedes,15,60,14,1.0,2.0,2.0,0.0
931,3.0,2.0,2015,2015-05-24,12:00:00,monaco,vettel,ferrari,15,73,5,1.0,2.6666666666666665,3.6666666666666665,-1.0
931,1.0,3.0,2015,2015-05-24,12:00:00,monaco,hamilton,mercedes,15,23,14,-2.0,1.3333333333333333,1.3333333333333333,0.0
931,5.0,4.0,2015,2015-05-24,12:00:00,monaco,kvyat,red_bull,15,35,17,1.0,10.0,9.333333333333334,0.6666666666666666
931,4.0,5.0,2015,2015-05-24,12:00:00,monaco,ricciardo,red_bull,15,58,17,-1.0,8.0,7.333333333333333,0.6666666666666666
931,6.0,6.0,2015,2015-05-24,12:00:00,monaco,raikkonen,ferrari,15,56,5,0.0,5.666666666666667,3.6666666666666665,2.0
931,7.0,7.0,2015,2015-05-24,12:00:00,monaco,perez,force_india,15,51,6,0.0,14.666666666666666,10.666666666666666,4.0
931,10.0,8.0,2015,2015-05-24,12:00:00,monaco,button,mclaren,15,11,13,2.0,15.666666666666666,13.666666666666666,2.0
931,14.0,9.0,2015,2015-05-24,12:00:00,monaco,nasr,sauber,15,48,19,5.0,12.0,10.666666666666666,1.3333333333333333
931,0.0,10.0,2015,2015-05-24,12:00:00,monaco,sainz,toro_rosso,15,63,20,-10.0,11.333333333333334,10.0,1.3333333333333333
931,11.0,11.0,2015,2015-05-24,12:00:00,monaco,hulkenberg,force_india,15,26,6,0.0,12.666666666666666,14.0,-1.3333333333333333
931,15.0,12.0,2015,2015-05-24,12:00:00,monaco,grosjean,lotus_f1,15,21,9,3.0,9.666666666666666,7.333333333333333,2.3333333333333335
931,17.0,13.0,2015,2015-05-24,12:00:00,monaco,ericsson,sauber,15,15,19,4.0,13.0,12.666666666666666,0.3333333333333333
931,16.0,14.0,2015,2015-05-24,12:00:00,monaco,bottas,williams,15,7,22,2.0,4.666666666666667,4.666666666666667,0.0
931,12.0,15.0,2015,2015-05-24,12:00:00,monaco,massa,williams,15,42,22,-3.0,6.333333333333333,7.0,-0.6666666666666666
931,19.0,16.0,2015,2015-05-24,12:00:00,monaco,merhi,manor,15,45,11,3.0,19.666666666666668,17.0,2.6666666666666665
931,18.0,17.0,2015,2015-05-24,12:00:00,monaco,stevens,manor,15,66,11,1.0,18.666666666666668,16.0,2.6666666666666665
932,1.0,1.0,2015,2015-06-07,18:00:00,villeneuve,hamilton,mercedes,31,23,14,0.0,1.3333333333333333,2.0,-0.6666666666666666
932,2.0,2.0,2015,2015-06-07,18:00:00,villeneuve,rosberg,mercedes,31,60,14,0.0,2.0,1.6666666666666667,0.3333333333333333
932,4.0,3.0,2015,2015-06-07,18:00:00,villeneuve,bottas,williams,31,7,22,1.0,8.333333333333334,7.333333333333333,1.0
932,3.0,4.0,2015,2015-06-07,18:00:00,villeneuve,raikkonen,ferrari,31,56,5,-1.0,5.666666666666667,4.333333333333333,1.3333333333333333
932,18.0,5.0,2015,2015-06-07,18:00:00,villeneuve,vettel,ferrari,31,73,5,13.0,2.6666666666666665,3.3333333333333335,-0.6666666666666666
932,15.0,6.0,2015,2015-06-07,18:00:00,villeneuve,massa,williams,31,42,22,9.0,9.0,10.333333333333334,-1.3333333333333333
932,6.0,7.0,2015,2015-06-07,18:00:00,villeneuve,maldonado,lotus_f1,31,41,9,-1.0,14.0,12.0,2.0
932,7.0,8.0,2015,2015-06-07,18:00:00,villeneuve,hulkenberg,force_india,31,26,6,-1.0,12.0,13.0,-1.0
932,8.0,9.0,2015,2015-06-07,18:00:00,villeneuve,kvyat,red_bull,31,35,17,-1.0,10.0,7.666666666666667,2.3333333333333335
932,5.0,10.0,2015,2015-06-07,18:00:00,villeneuve,grosjean,lotus_f1,31,21,9,-5.0,12.0,9.0,3.0
932,10.0,11.0,2015,2015-06-07,18:00:00,villeneuve,perez,force_india,31,51,6,-1.0,12.0,9.333333333333334,2.6666666666666665
932,11.0,12.0,2015,2015-06-07,18:00:00,villeneuve,sainz,toro_rosso,31,63,20,-1.0,6.333333333333333,10.666666666666666,-4.333333333333333
932,9.0,13.0,2015,2015-06-07,18:00:00,villeneuve,ricciardo,red_bull,31,58,17,-4.0,7.0,6.0,1.0
932,12.0,14.0,2015,2015-06-07,18:00:00,villeneuve,ericsson,sauber,31,15,19,-2.0,15.333333333333334,13.666666666666666,1.6666666666666667
932,19.0,15.0,2015,2015-06-07,18:00:00,villeneuve,max_verstappen,toro_rosso,31,43,20,4.0,8.333333333333334,11.666666666666666,-3.3333333333333335
932,14.0,16.0,2015,2015-06-07,18:00:00,villeneuve,nasr,sauber,31,48,19,-2.0,13.666666666666666,11.0,2.6666666666666665
932,17.0,17.0,2015,2015-06-07,18:00:00,villeneuve,stevens,manor,31,66,11,0.0,18.333333333333332,16.666666666666668,1.6666666666666667
933,2.0,1.0,2015,2015-06-21,12:00:00,red_bull_ring,rosberg,mercedes,20,60,14,1.0,1.6666666666666667,1.3333333333333333,0.3333333333333333
933,1.0,2.0,2015,2015-06-21,12:00:00,red_bull_ring,hamilton,mercedes,20,23,14,-1.0,1.3333333333333333,2.0,-0.6666666666666666
933,4.0,3.0,2015,2015-06-21,12:00:00,red_bull_ring,massa,williams,20,42,22,1.0,12.0,9.0,3.0
933,3.0,4.0,2015,2015-06-21,12:00:00,red_bull_ring,vettel,ferrari,20,73,5,-1.0,8.0,3.3333333333333335,4.666666666666667
933,6.0,5.0,2015,2015-06-21,12:00:00,red_bull_ring,bottas,williams,20,7,22,1.0,8.0,7.0,1.0
933,5.0,6.0,2015,2015-06-21,12:00:00,red_bull_ring,hulkenberg,force_india,20,26,6,-1.0,11.666666666666666,11.333333333333334,0.3333333333333333
933,10.0,7.0,2015,2015-06-21,12:00:00,red_bull_ring,maldonado,lotus_f1,20,41,9,3.0,12.666666666666666,11.333333333333334,1.3333333333333333
933,7.0,8.0,2015,2015-06-21,12:00:00,red_bull_ring,max_verstappen,toro_rosso,20,43,20,-1.0,12.666666666666666,14.333333333333334,-1.6666666666666667
933,13.0,9.0,2015,2015-06-21,12:00:00,red_bull_ring,perez,force_india,20,51,6,4.0,11.666666666666666,10.333333333333334,1.3333333333333333
933,18.0,10.0,2015,2015-06-21,12:00:00,red_bull_ring,ricciardo,red_bull,20,58,17,8.0,7.666666666666667,8.333333333333334,-0.6666666666666666
933,8.0,11.0,2015,2015-06-21,12:00:00,red_bull_ring,nasr,sauber,20,48,19,-3.0,14.333333333333334,12.333333333333334,2.0
933,15.0,12.0,2015,2015-06-21,12:00:00,red_bull_ring,kvyat,red_bull,20,35,17,3.0,7.0,7.666666666666667,-0.6666666666666666
933,11.0,13.0,2015,2015-06-21,12:00:00,red_bull_ring,ericsson,sauber,20,15,19,-2.0,15.0,13.666666666666666,1.3333333333333333
933,16.0,14.0,2015,2015-06-21,12:00:00,red_bull_ring,merhi,manor,20,45,11,2.0,19.333333333333332,17.0,2.3333333333333335
934,1.0,1.0,2015,2015-07-05,12:00:00,silverstone,hamilton,mercedes,25,23,14,0.0,1.0,2.0,-1.0
934,2.0,2.0,2015,2015-07-05,12:00:00,silverstone,rosberg,mercedes,25,60,14,0.0,2.0,1.3333333333333333,0.6666666666666666
934,6.0,3.0,2015,2015-07-05,12:00:00,silverstone,vettel,ferrari,25,73,5,3.0,8.0,3.6666666666666665,4.333333333333333
934,3.0,4.0,2015,2015-07-05,12:00:00,silverstone,massa,williams,25,42,22,-1.0,10.333333333333334,8.0,2.3333333333333335
934,4.0,5.0,2015,2015-07-05,12:00:00,silverstone,bottas,williams,25,7,22,-1.0,8.666666666666666,7.333333333333333,1.3333333333333333
934,7.0,6.0,2015,2015-07-05,12:00:00,silverstone,kvyat,red_bull,25,35,17,1.0,9.333333333333334,8.333333333333334,1.0
934,9.0,7.0,2015,2015-07-05,12:00:00,silverstone,hulkenberg,force_india,25,26,6,2.0,7.666666666666667,8.333333333333334,-0.6666666666666666
934,5.0,8.0,2015,2015-07-05,12:00:00,silverstone,raikkonen,ferrari,25,56,5,-3.0,5.333333333333333,5.0,0.3333333333333333
934,11.0,9.0,2015,2015-07-05,12:00:00,silverstone,perez,force_india,25,51,6,2.0,10.0,9.0,1.0
934,17.0,10.0,2015,2015-07-05,12:00:00,silverstone,alonso,mclaren,25,3,13,7.0,13.333333333333334,10.666666666666666,2.6666666666666665
934,15.0,11.0,2015,2015-07-05,12:00:00,silverstone,ericsson,sauber,25,15,19,4.0,13.333333333333334,13.333333333333334,0.0
934,20.0,12.0,2015,2015-07-05,12:00:00,silverstone,merhi,manor,25,45,11,8.0,18.333333333333332,16.0,2.3333333333333335
934,19.0,13.0,2015,2015-07-05,12:00:00,silverstone,stevens,manor,25,66,11,6.0,18.0,17.0,1.0
936,3.0,1.0,2015,2015-07-26,12:00:00,hungaroring,vettel,ferrari,7,73,5,2.0,9.0,4.0,5.0
936,7.0,2.0,2015,2015-07-26,12:00:00,hungaroring,kvyat,red_bull,7,35,17,5.0,10.0,9.0,1.0
936,4.0,3.0,2015,2015-07-26,12:00:00,hungaroring,ricciardo,red_bull,7,58,17,1.0,10.333333333333334,9.333333333333334,1.0
936,9.0,4.0,2015,2015-07-26,12:00:00,hungaroring,max_verstappen,toro_rosso,7,43,20,5.0,10.666666666666666,11.333333333333334,-0.6666666666666666
936,15.0,5.0,2015,2015-07-26,12:00:00,hungaroring,alonso,mclaren,7,3,13,10.0,16.333333333333332,11.0,5.333333333333333
936,1.0,6.0,2015,2015-07-26,12:00:00,hungaroring,hamilton,mercedes,7,23,14,-5.0,1.0,1.3333333333333333,-0.3333333333333333
936,10.0,7.0,2015,2015-07-26,12:00:00,hungaroring,grosjean,lotus_f1,7,21,9,3.0,10.333333333333334,10.0,0.3333333333333333
936,2.0,8.0,2015,2015-07-26,12:00:00,hungaroring,rosberg,mercedes,7,60,14,-6.0,2.0,1.6666666666666667,0.3333333333333333
936,16.0,9.0,2015,2015-07-26,12:00:00,hungaroring,button,mclaren,7,11,13,7.0,13.666666666666666,12.666666666666666,1.0
936,17.0,10.0,2015,2015-07-26,12:00:00,hungaroring,ericsson,sauber,7,15,19,7.0,12.666666666666666,12.666666666666666,0.0
936,18.0,11.0,2015,2015-07-26,12:00:00,hungaroring,nasr,sauber,7,48,19,7.0,12.0,12.0,0.0
936,8.0,12.0,2015,2015-07-26,12:00:00,hungaroring,massa,williams,7,42,22,-4.0,7.333333333333333,4.333333333333333,3.0
936,6.0,13.0,2015,2015-07-26,12:00:00,hungaroring,bottas,williams,7,7,22,-7.0,4.666666666666667,4.333333333333333,0.3333333333333333
936,14.0,14.0,2015,2015-07-26,12:00:00,hungaroring,maldonado,lotus_f1,7,41,9,0.0,10.666666666666666,9.666666666666666,1.0
936,19.0,15.0,2015,2015-07-26,12:00:00,hungaroring,merhi,manor,7,45,11,4.0,18.333333333333332,14.0,4.333333333333333
936,20.0,16.0,2015,2015-07-26,12:00:00,hungaroring,stevens,manor,7,66,11,4.0,18.0,15.666666666666666,2.3333333333333335
937,1.0,1.0,2015,2015-08-23,12:00:00,spa,hamilton,mercedes,27,23,14,0.0,1.0,3.0,-2.0
937,2.0,2.0,2015,2015-08-23,12:00:00,spa,rosberg,mercedes,27,60,14,0.0,2.0,3.6666666666666665,-1.6666666666666667
937,9.0,3.0,2015,2015-08-23,12:00:00,spa,grosjean,lotus_f1,27,21,9,6.0,10.0,9.666666666666666,0.3333333333333333
937,12.0,4.0,2015,2015-08-23,12:00:00,spa,kvyat,red_bull,27,35,17,8.0,9.666666666666666,6.666666666666667,3.0
937,4.0,5.0,2015,2015-08-23,12:00:00,spa,perez,force_india,27,51,6,-1.0,11.333333333333334,9.666666666666666,1.6666666666666667
937,6.0,6.0,2015,2015-08-23,12:00:00,spa,massa,williams,27,42,22,0.0,5.0,6.333333333333333,-1.3333333333333333
937,16.0,7.0,2015,2015-08-23,12:00:00,spa,raikkonen,ferrari,27,56,5,9.0,4.666666666666667,6.0,-1.3333333333333333
937,18.0,8.0,2015,2015-08-23,12:00:00,spa,max_verstappen,toro_rosso,27,43,20,10.0,11.666666666666666,9.0,2.6666666666666665
937,3.0,9.0,2015,2015-08-23,12:00:00,spa,bottas,williams,27,7,22,-6.0,5.333333333333333,7.666666666666667,-2.3333333333333335
937,13.0,10.0,2015,2015-08-23,12:00:00,spa,ericsson,sauber,27,15,19,3.0,14.333333333333334,11.333333333333334,3.0
937,14.0,11.0,2015,2015-08-23,12:00:00,spa,nasr,sauber,27,48,19,3.0,13.333333333333334,12.666666666666666,0.6666666666666666
937,8.0,12.0,2015,2015-08-23,12:00:00,spa,vettel,ferrari,27,73,5,-4.0,4.0,2.6666666666666665,1.3333333333333333
937,20.0,13.0,2015,2015-08-23,12:00:00,spa,alonso,mclaren,27,3,13,7.0,15.333333333333334,8.666666666666666,6.666666666666667
937,19.0,14.0,2015,2015-08-23,12:00:00,spa,button,mclaren,27,11,13,5.0,13.333333333333334,11.0,2.3333333333333335
937,17.0,15.0,2015,2015-08-23,12:00:00,spa,merhi,manor,27,45,11,2.0,18.333333333333332,13.666666666666666,4.666666666666667
937,15.0,16.0,2015,2015-08-23,12:00:00,spa,stevens,manor,27,66,11,-1.0,18.666666666666668,15.333333333333334,3.3333333333333335
938,1.0,1.0,2015,2015-09-06,12:00:00,monza,hamilton,mercedes,16,23,14,0.0,1.0,2.6666666666666665,-1.6666666666666667
938,3.0,2.0,2015,2015-09-06,12:00:00,monza,vettel,ferrari,16,73,5,1.0,5.666666666666667,5.333333333333333,0.3333333333333333
938,5.0,3.0,2015,2015-09-06,12:00:00,monza,massa,williams,16,42,22,2.0,5.666666666666667,7.333333333333333,-1.6666666666666667
938,6.0,4.0,2015,2015-09-06,12:00:00,monza,bottas,williams,16,7,22,2.0,4.333333333333333,9.0,-4.666666666666667
938,2.0,5.0,2015,2015-09-06,12:00:00,monza,raikkonen,ferrari,16,56,5,-3.0,8.0,6.333333333333333,1.6666666666666667
938,7.0,6.0,2015,2015-09-06,12:00:00,monza,perez,force_india,16,51,6,1.0,9.333333333333334,7.666666666666667,1.6666666666666667
938,9.0,7.0,2015,2015-09-06,12:00:00,monza,hulkenberg,force_india,16,26,6,2.0,7.0,7.0,0.0
938,19.0,8.0,2015,2015-09-06,12:00:00,monza,ricciardo,red_bull,16,58,17,11.0,10.333333333333334,8.666666666666666,1.6666666666666667
938,12.0,9.0,2015,2015-09-06,12:00:00,monza,ericsson,sauber,16,15,19,3.0,15.0,10.333333333333334,4.666666666666667
938,18.0,10.0,2015,2015-09-06,12:00:00,monza,kvyat,red_bull,16,35,17,8.0,8.666666666666666,4.0,4.666666666666667
938,17.0,11.0,2015,2015-09-06,12:00:00,monza,sainz,toro_rosso,16,63,20,6.0,5.333333333333333,10.333333333333334,-5.0
938,20.0,12.0,2015,2015-09-06,12:00:00,monza,max_verstappen,toro_rosso,16,43,20,8.0,11.333333333333334,6.666666666666667,4.666666666666667
938,17.0,13.0,2015,2015-09-06,12:00:00,monza,nasr,sauber,16,48,19,4.0,13.333333333333334,11.0,2.3333333333333335
938,15.0,14.0,2015,2015-09-06,12:00:00,monza,button,mclaren,16,11,13,1.0,15.0,10.333333333333334,4.666666666666667
938,13.0,15.0,2015,2015-09-06,12:00:00,monza,stevens,manor,16,66,11,-2.0,18.0,15.0,3.0
938,14.0,16.0,2015,2015-09-06,12:00:00,monza,merhi,manor,16,45,11,-2.0,18.666666666666668,14.0,4.666666666666667
938,4.0,17.0,2015,2015-09-06,12:00:00,monza,rosberg,mercedes,16,60,14,-13.0,2.0,4.0,-2.0
938,16.0,18.0,2015,2015-09-06,12:00:00,monza,alonso,mclaren,16,3,13,-2.0,17.333333333333332,9.333333333333334,8.0
939,1.0,1.0,2015,2015-09-20,12:00:00,marina_bay,vettel,ferrari,13,73,5,0.0,4.666666666666667,5.0,-0.3333333333333333
939,2.0,2.0,2015,2015-09-20,12:00:00,marina_bay,ricciardo,red_bull,13,58,17,0.0,13.666666666666666,7.0,6.666666666666667
939,3.0,3.0,2015,2015-09-20,12:00:00,marina_bay,raikkonen,ferrari,13,56,5,0.0,7.666666666666667,6.666666666666667,1.0
939,6.0,4.0,2015,2015-09-20,12:00:00,marina_bay,rosberg,mercedes,13,60,14,2.0,2.6666666666666665,9.0,-6.333333333333333
939,7.0,5.0,2015,2015-09-20,12:00:00,marina_bay,bottas,williams,13,7,22,2.0,5.0,8.666666666666666,-3.6666666666666665
939,4.0,6.0,2015,2015-09-20,12:00:00,marina_bay,kvyat,red_bull,13,35,17,-2.0,12.333333333333334,5.333333333333333,7.0
939,13.0,7.0,2015,2015-09-20,12:00:00,marina_bay,perez,force_india,13,51,6,6.0,7.333333333333333,6.666666666666667,0.6666666666666666
939,8.0,8.0,2015,2015-09-20,12:00:00,marina_bay,max_verstappen,toro_rosso,13,43,20,0.0,15.666666666666666,8.0,7.666666666666667
939,14.0,9.0,2015,2015-09-20,12:00:00,marina_bay,sainz,toro_rosso,13,63,20,5.0,9.333333333333334,11.0,-1.6666666666666667
939,16.0,10.0,2015,2015-09-20,12:00:00,marina_bay,nasr,sauber,13,48,19,6.0,16.333333333333332,11.666666666666666,4.666666666666667
939,17.0,11.0,2015,2015-09-20,12:00:00,marina_bay,ericsson,sauber,13,15,19,6.0,14.0,9.666666666666666,4.333333333333333
939,18.0,12.0,2015,2015-09-20,12:00:00,marina_bay,maldonado,lotus_f1,13,41,9,6.0,10.0,9.333333333333334,0.6666666666666666
939,10.0,13.0,2015,2015-09-20,12:00:00,marina_bay,grosjean,lotus_f1,13,21,9,-3.0,8.0,6.666666666666667,1.3333333333333333
939,20.0,14.0,2015,2015-09-20,12:00:00,marina_bay,rossi,manor,13,61,11,6.0,,,
939,19.0,15.0,2015,2015-09-20,12:00:00,marina_bay,stevens,manor,13,66,11,4.0,16.0,15.666666666666666,0.3333333333333333
940,2.0,1.0,2015,2015-09-27,05:00:00,suzuka,hamilton,mercedes,28,23,14,1.0,1.0,2.6666666666666665,-1.6666666666666667
940,1.0,2.0,2015,2015-09-27,05:00:00,suzuka,rosberg,mercedes,28,60,14,-1.0,4.0,7.666666666666667,-3.6666666666666665
940,4.0,3.0,2015,2015-09-27,05:00:00,suzuka,vettel,ferrari,28,73,5,1.0,4.0,5.0,-1.0
940,6.0,4.0,2015,2015-09-27,05:00:00,suzuka,raikkonen,ferrari,28,56,5,2.0,7.0,5.0,2.0
940,3.0,5.0,2015,2015-09-27,05:00:00,suzuka,bottas,williams,28,7,22,-2.0,5.333333333333333,6.0,-0.6666666666666666
940,13.0,6.0,2015,2015-09-27,05:00:00,suzuka,hulkenberg,force_india,28,26,6,7.0,7.666666666666667,6.666666666666667,1.0
940,8.0,7.0,2015,2015-09-27,05:00:00,suzuka,grosjean,lotus_f1,28,21,9,1.0,9.666666666666666,7.666666666666667,2.0
940,11.0,8.0,2015,2015-09-27,05:00:00,suzuka,maldonado,lotus_f1,28,41,9,3.0,14.0,11.0,3.0
940,17.0,9.0,2015,2015-09-27,05:00:00,suzuka,max_verstappen,toro_rosso,28,43,20,8.0,15.333333333333334,9.333333333333334,6.0
940,10.0,10.0,2015,2015-09-27,05:00:00,suzuka,sainz,toro_rosso,28,63,20,0.0,14.0,10.666666666666666,3.3333333333333335
940,12.0,11.0,2015,2015-09-27,05:00:00,suzuka,alonso,mclaren,28,3,13,1.0,17.0,12.0,5.0
940,9.0,12.0,2015,2015-09-27,05:00:00,suzuka,perez,force_india,28,51,6,-3.0,8.0,6.0,2.0
940,20.0,13.0,2015,2015-09-27,05:00:00,suzuka,kvyat,red_bull,28,35,17,7.0,11.333333333333334,6.666666666666667,4.666666666666667
940,15.0,14.0,2015,2015-09-27,05:00:00,suzuka,ericsson,sauber,28,15,19,1.0,14.0,10.0,4.0
940,7.0,15.0,2015,2015-09-27,05:00:00,suzuka,ricciardo,red_bull,28,58,17,-8.0,8.333333333333334,4.333333333333333,4.0
940,14.0,16.0,2015,2015-09-27,05:00:00,suzuka,button,mclaren,28,11,13,-2.0,16.666666666666668,12.333333333333334,4.333333333333333
940,5.0,17.0,2015,2015-09-27,05:00:00,suzuka,massa,williams,28,42,22,-12.0,6.333333333333333,7.0,-0.6666666666666666
940,19.0,18.0,2015,2015-09-27,05:00:00,suzuka,rossi,manor,28,61,11,1.0,,,
940,18.0,19.0,2015,2015-09-27,05:00:00,suzuka,stevens,manor,28,66,11,-1.0,15.666666666666666,15.333333333333334,0.3333333333333333
941,2.0,1.0,2015,2015-10-11,11:00:00,sochi,hamilton,mercedes,26,23,14,1.0,1.3333333333333333,1.0,0.3333333333333333
941,4.0,2.0,2015,2015-10-11,11:00:00,sochi,vettel,ferrari,26,73,5,2.0,2.6666666666666665,2.0,0.6666666666666666
941,7.0,3.0,2015,2015-10-11,11:00:00,sochi,perez,force_india,26,51,6,4.0,9.666666666666666,8.333333333333334,1.3333333333333333
941,15.0,4.0,2015,2015-10-11,11:00:00,sochi,massa,williams,26,42,22,11.0,5.333333333333333,8.666666666666666,-3.3333333333333335
941,11.0,5.0,2015,2015-10-11,11:00:00,sochi,kvyat,red_bull,26,35,17,6.0,14.0,9.666666666666666,4.333333333333333
941,12.0,6.0,2015,2015-10-11,11:00:00,sochi,nasr,sauber,26,48,19,6.0,15.666666666666666,11.333333333333334,4.333333333333333
941,14.0,7.0,2015,2015-10-11,11:00:00,sochi,maldonado,lotus_f1,26,41,9,7.0,14.333333333333334,11.333333333333334,3.0
941,5.0,8.0,2015,2015-10-11,11:00:00,sochi,raikkonen,ferrari,26,56,5,-3.0,3.6666666666666665,4.0,-0.3333333333333333
941,13.0,9.0,2015,2015-10-11,11:00:00,sochi,button,mclaren,26,11,13,4.0,16.0,14.666666666666666,1.3333333333333333
941,9.0,10.0,2015,2015-10-11,11:00:00,sochi,max_verstappen,toro_rosso,26,43,20,-1.0,15.0,9.666666666666666,5.333333333333333
941,19.0,11.0,2015,2015-10-11,11:00:00,sochi,alonso,mclaren,26,3,13,8.0,16.0,14.0,2.0
941,3.0,12.0,2015,2015-10-11,11:00:00,sochi,bottas,williams,26,7,22,-9.0,5.333333333333333,4.666666666666667,0.6666666666666666
941,18.0,13.0,2015,2015-10-11,11:00:00,sochi,merhi,manor,26,45,11,5.0,16.666666666666668,15.333333333333334,1.3333333333333333
941,17.0,14.0,2015,2015-10-11,11:00:00,sochi,stevens,manor,26,66,11,3.0,16.666666666666668,16.333333333333332,0.3333333333333333
941,10.0,15.0,2015,2015-10-11,11:00:00,sochi,ricciardo,red_bull,26,58,17,-5.0,9.333333333333334,8.333333333333334,1.0
942,2.0,1.0,2015,2015-10-25,19:00:00,americas,hamilton,mercedes,1,23,14,1.0,1.6666666666666667,1.0,0.6666666666666666
942,1.0,2.0,2015,2015-10-25,19:00:00,americas,rosberg,mercedes,1,60,14,-1.0,3.6666666666666665,7.666666666666667,-4.0
942,13.0,3.0,2015,2015-10-25,19:00:00,americas,vettel,ferrari,1,73,5,10.0,3.0,2.0,1.0
942,8.0,4.0,2015,2015-10-25,19:00:00,americas,max_verstappen,toro_rosso,1,43,20,4.0,11.333333333333334,9.0,2.3333333333333335
942,5.0,5.0,2015,2015-10-25,19:00:00,americas,perez,force_india,1,51,6,0.0,9.666666666666666,7.333333333333333,2.3333333333333335
942,11.0,6.0,2015,2015-10-25,19:00:00,americas,button,mclaren,1,11,13,5.0,14.0,13.0,1.0
942,20.0,7.0,2015,2015-10-25,19:00:00,americas,sainz,toro_rosso,1,63,20,13.0,13.666666666666666,10.0,3.6666666666666665
942,12.0,8.0,2015,2015-10-25,19:00:00,americas,maldonado,lotus_f1,1,41,9,4.0,14.333333333333334,9.0,5.333333333333333
942,15.0,9.0,2015,2015-10-25,19:00:00,americas,nasr,sauber,1,48,19,6.0,15.0,9.666666666666666,5.333333333333333
942,3.0,10.0,2015,2015-10-25,19:00:00,americas,ricciardo,red_bull,1,58,17,-7.0,6.333333333333333,10.666666666666666,-4.333333333333333
942,9.0,11.0,2015,2015-10-25,19:00:00,americas,alonso,mclaren,1,3,13,-2.0,15.666666666666666,13.333333333333334,2.3333333333333335
942,17.0,12.0,2015,2015-10-25,19:00:00,americas,rossi,manor,1,61,11,5.0,,,
943,1.0,1.0,2015,2015-11-01,19:00:00,rodriguez,rosberg,mercedes,22,60,14,0.0,2.6666666666666665,2.6666666666666665,0.0
943,2.0,2.0,2015,2015-11-01,19:00:00,rodriguez,hamilton,mercedes,22,23,14,0.0,2.0,1.0,1.0
943,6.0,3.0,2015,2015-11-01,19:00:00,rodriguez,bottas,williams,22,7,22,3.0,4.333333333333333,7.333333333333333,-3.0
943,4.0,4.0,2015,2015-11-01,19:00:00,rodriguez,kvyat,red_bull,22,35,17,0.0,11.666666666666666,8.0,3.6666666666666665
943,5.0,5.0,2015,2015-11-01,19:00:00,rodriguez,ricciardo,red_bull,22,58,17,0.0,6.666666666666667,13.333333333333334,-6.666666666666667
943,7.0,6.0,2015,2015-11-01,19:00:00,rodriguez,massa,williams,22,42,22,1.0,8.333333333333334,8.0,0.3333333333333333
943,10.0,7.0,2015,2015-11-01,19:00:00,rodriguez,hulkenberg,force_india,22,26,6,3.0,10.333333333333334,6.666666666666667,3.6666666666666665
943,9.0,8.0,2015,2015-11-01,19:00:00,rodriguez,perez,force_india,22,51,6,1.0,7.0,6.666666666666667,0.3333333333333333
943,8.0,9.0,2015,2015-11-01,19:00:00,rodriguez,max_verstappen,toro_rosso,22,43,20,-1.0,11.333333333333334,7.666666666666667,3.6666666666666665
943,12.0,10.0,2015,2015-11-01,19:00:00,rodriguez,grosjean,lotus_f1,22,21,9,2.0,9.0,7.666666666666667,1.3333333333333333
943,13.0,11.0,2015,2015-11-01,19:00:00,rodriguez,maldonado,lotus_f1,22,41,9,2.0,12.333333333333334,7.666666666666667,4.666666666666667
943,14.0,12.0,2015,2015-11-01,19:00:00,rodriguez,ericsson,sauber,22,15,19,2.0,14.666666666666666,11.333333333333334,3.3333333333333335
943,11.0,13.0,2015,2015-11-01,19:00:00,rodriguez,sainz,toro_rosso,22,63,20,-2.0,14.666666666666666,8.666666666666666,6.0
943,20.0,14.0,2015,2015-11-01,19:00:00,rodriguez,button,mclaren,22,11,13,6.0,12.666666666666666,10.333333333333334,2.3333333333333335
943,16.0,15.0,2015,2015-11-01,19:00:00,rodriguez,rossi,manor,22,61,11,1.0,18.666666666666668,14.666666666666666,4.0
943,17.0,16.0,2015,2015-11-01,19:00:00,rodriguez,stevens,manor,22,66,11,1.0,18.0,16.0,2.0
944,1.0,1.0,2015,2015-11-15,16:00:00,interlagos,rosberg,mercedes,9,60,14,0.0,1.0,1.6666666666666667,-0.6666666666666666
944,2.0,2.0,2015,2015-11-15,16:00:00,interlagos,hamilton,mercedes,9,23,14,0.0,2.0,1.3333333333333333,0.6666666666666666
944,3.0,3.0,2015,2015-11-15,16:00:00,interlagos,vettel,ferrari,9,73,5,0.0,7.0,2.6666666666666665,4.333333333333333
944,4.0,4.0,2015,2015-11-15,16:00:00,interlagos,raikkonen,ferrari,9,56,5,0.0,4.666666666666667,5.0,-0.3333333333333333
944,7.0,5.0,2015,2015-11-15,16:00:00,interlagos,bottas,williams,9,7,22,2.0,4.0,6.666666666666667,-2.6666666666666665
944,5.0,6.0,2015,2015-11-15,16:00:00,interlagos,hulkenberg,force_india,9,26,6,-1.0,10.666666666666666,6.666666666666667,4.0
944,6.0,7.0,2015,2015-11-15,16:00:00,interlagos,kvyat,red_bull,9,35,17,-1.0,11.666666666666666,7.333333333333333,4.333333333333333
944,14.0,8.0,2015,2015-11-15,16:00:00,interlagos,grosjean,lotus_f1,9,21,9,6.0,10.0,10.0,0.0
944,9.0,9.0,2015,2015-11-15,16:00:00,interlagos,max_verstappen,toro_rosso,9,43,20,0.0,8.333333333333334,7.666666666666667,0.6666666666666666
944,15.0,10.0,2015,2015-11-15,16:00:00,interlagos,maldonado,lotus_f1,9,41,9,5.0,13.0,8.666666666666666,4.333333333333333
944,19.0,11.0,2015,2015-11-15,16:00:00,interlagos,ricciardo,red_bull,9,58,17,8.0,6.0,10.0,-4.0
944,11.0,12.0,2015,2015-11-15,16:00:00,interlagos,perez,force_india,9,51,6,-1.0,7.0,5.333333333333333,1.6666666666666667
944,13.0,13.0,2015,2015-11-15,16:00:00,interlagos,nasr,sauber,9,48,19,0.0,14.333333333333334,8.333333333333334,6.0
944,16.0,14.0,2015,2015-11-15,16:00:00,interlagos,button,mclaren,9,11,13,2.0,14.666666666666666,9.666666666666666,5.0
944,20.0,15.0,2015,2015-11-15,16:00:00,interlagos,alonso,mclaren,9,3,13,5.0,13.333333333333334,11.0,2.3333333333333335
944,12.0,16.0,2015,2015-11-15,16:00:00,interlagos,ericsson,sauber,9,15,19,-4.0,15.333333333333334,12.333333333333334,3.0
944,18.0,17.0,2015,2015-11-15,16:00:00,interlagos,stevens,manor,9,66,11,1.0,17.333333333333332,16.333333333333332,1.0
944,17.0,18.0,2015,2015-11-15,16:00:00,interlagos,rossi,manor,9,61,11,-1.0,17.333333333333332,15.0,2.3333333333333335
945,1.0,1.0,2015,2015-11-29,13:00:00,yas_marina,rosberg,mercedes,32,60,14,0.0,1.0,1.3333333333333333,-0.3333333333333333
945,2.0,2.0,2015,2015-11-29,13:00:00,yas_marina,hamilton,mercedes,32,23,14,0.0,2.0,1.6666666666666667,0.3333333333333333
945,3.0,3.0,2015,2015-11-29,13:00:00,yas_marina,raikkonen,ferrari,32,56,5,0.0,5.0,5.333333333333333,-0.3333333333333333
945,15.0,4.0,2015,2015-11-29,13:00:00,yas_marina,vettel,ferrari,32,73,5,11.0,6.666666666666667,2.6666666666666665,4.0
945,4.0,5.0,2015,2015-11-29,13:00:00,yas_marina,perez,force_india,32,51,6,-1.0,8.333333333333334,8.333333333333334,0.0
945,5.0,6.0,2015,2015-11-29,13:00:00,yas_marina,ricciardo,red_bull,32,58,17,-1.0,9.0,8.666666666666666,0.3333333333333333
945,7.0,7.0,2015,2015-11-29,13:00:00,yas_marina,hulkenberg,force_india,32,26,6,0.0,9.333333333333334,6.333333333333333,3.0
945,8.0,8.0,2015,2015-11-29,13:00:00,yas_marina,massa,williams,32,42,22,0.0,9.0,9.0,0.0
945,18.0,9.0,2015,2015-11-29,13:00:00,yas_marina,grosjean,lotus_f1,32,21,9,9.0,11.333333333333334,8.333333333333334,3.0
945,9.0,10.0,2015,2015-11-29,13:00:00,yas_marina,kvyat,red_bull,32,35,17,-1.0,7.0,5.333333333333333,1.6666666666666667
945,10.0,11.0,2015,2015-11-29,13:00:00,yas_marina,sainz,toro_rosso,32,63,20,-1.0,13.666666666666666,10.0,3.6666666666666665
945,12.0,12.0,2015,2015-11-29,13:00:00,yas_marina,button,mclaren,32,11,13,0.0,15.666666666666666,11.333333333333334,4.333333333333333
945,6.0,13.0,2015,2015-11-29,13:00:00,yas_marina,bottas,williams,32,7,22,-7.0,5.333333333333333,6.666666666666667,-1.3333333333333333
945,17.0,14.0,2015,2015-11-29,13:00:00,yas_marina,ericsson,sauber,32,15,19,3.0,13.666666666666666,14.0,-0.3333333333333333
945,14.0,15.0,2015,2015-11-29,13:00:00,yas_marina,nasr,sauber,32,48,19,-1.0,13.333333333333334,9.333333333333334,4.0
945,11.0,16.0,2015,2015-11-29,13:00:00,yas_marina,max_verstappen,toro_rosso,32,43,20,-5.0,8.333333333333334,7.333333333333333,1.0
945,16.0,17.0,2015,2015-11-29,13:00:00,yas_marina,alonso,mclaren,32,3,13,-1.0,16.0,12.333333333333334,3.6666666666666665
945,19.0,18.0,2015,2015-11-29,13:00:00,yas_marina,stevens,manor,32,66,11,1.0,17.333333333333332,15.666666666666666,1.6666666666666667
945,20.0,19.0,2015,2015-11-29,13:00:00,yas_marina,merhi,manor,32,45,11,1.0,16.333333333333332,14.666666666666666,1.6666666666666667
948,2.0,1.0,2016,2016-03-20,05:00:00,albert_park,rosberg,mercedes,0,60,14,1.0,1.0,1.0,0.0
948,1.0,2.0,2016,2016-03-20,05:00:00,albert_park,hamilton,mercedes,0,23,14,-1.0,2.0,2.0,0.0
948,3.0,3.0,2016,2016-03-20,05:00:00,albert_park,vettel,ferrari,0,73,5,0.0,10.333333333333334,3.3333333333333335,7.0
948,8.0,4.0,2016,2016-03-20,05:00:00,albert_park,ricciardo,red_bull,0,58,17,4.0,9.666666666666666,7.333333333333333,2.3333333333333335
948,6.0,5.0,2016,2016-03-20,05:00:00,albert_park,massa,williams,0,42,22,1.0,10.0,6.0,4.0
948,19.0,6.0,2016,2016-03-20,05:00:00,albert_park,grosjean,haas,0,21,7,13.0,14.666666666666666,9.0,5.666666666666667
948,10.0,7.0,2016,2016-03-20,05:00:00,albert_park,hulkenberg,force_india,0,26,6,3.0,7.333333333333333,6.666666666666667,0.6666666666666666
948,16.0,8.0,2016,2016-03-20,05:00:00,albert_park,bottas,williams,0,7,22,8.0,6.333333333333333,7.0,-0.6666666666666666
948,7.0,9.0,2016,2016-03-20,05:00:00,albert_park,sainz,toro_rosso,0,63,20,-2.0,13.666666666666666,10.333333333333334,3.3333333333333335
948,5.0,10.0,2016,2016-03-20,05:00:00,albert_park,max_verstappen,toro_rosso,0,43,20,-5.0,9.333333333333334,11.333333333333334,-2.0
948,13.0,11.0,2016,2016-03-20,05:00:00,albert_park,jolyon_palmer,renault,0,27,18,2.0,,,
948,14.0,12.0,2016,2016-03-20,05:00:00,albert_park,kevin_magnussen,renault,0,30,18,2.0,7.666666666666667,9.333333333333334,-1.6666666666666667
948,9.0,13.0,2016,2016-03-20,05:00:00,albert_park,perez,force_india,0,51,6,-4.0,8.0,8.333333333333334,-0.3333333333333333
948,12.0,14.0,2016,2016-03-20,05:00:00,albert_park,button,mclaren,0,11,13,-2.0,16.0,13.333333333333334,2.6666666666666665
948,17.0,15.0,2016,2016-03-20,05:00:00,albert_park,nasr,sauber,0,48,19,2.0,14.0,12.333333333333334,1.6666666666666667
948,21.0,16.0,2016,2016-03-20,05:00:00,albert_park,wehrlein,manor,0,75,11,5.0,,,
949,2.0,1.0,2016,2016-04-03,15:00:00,bahrain,rosberg,mercedes,2,60,14,1.0,1.3333333333333333,1.0,0.3333333333333333
949,4.0,2.0,2016,2016-04-03,15:00:00,bahrain,raikkonen,ferrari,2,56,5,2.0,4.0,5.0,-1.0
949,1.0,3.0,2016,2016-04-03,15:00:00,bahrain,hamilton,mercedes,2,23,14,-2.0,1.6666666666666667,2.0,-0.3333333333333333
949,5.0,4.0,2016,2016-04-03,15:00:00,bahrain,ricciardo,red_bull,2,58,17,1.0,10.666666666666666,7.0,3.6666666666666665
949,9.0,5.0,2016,2016-04-03,15:00:00,bahrain,grosjean,haas,2,21,7,4.0,17.0,7.666666666666667,9.333333333333334
949,10.0,6.0,2016,2016-04-03,15:00:00,bahrain,max_verstappen,toro_rosso,2,43,20,4.0,8.333333333333334,11.666666666666666,-3.3333333333333335
949,15.0,7.0,2016,2016-04-03,15:00:00,bahrain,kvyat,red_bull,2,35,17,8.0,6.333333333333333,7.0,-0.6666666666666666
949,7.0,8.0,2016,2016-04-03,15:00:00,bahrain,massa,williams,2,42,22,-1.0,7.0,6.333333333333333,0.6666666666666666
949,6.0,9.0,2016,2016-04-03,15:00:00,bahrain,bottas,williams,2,7,22,-3.0,9.666666666666666,8.666666666666666,1.0
949,12.0,10.0,2016,2016-04-03,15:00:00,bahrain,vandoorne,mclaren,2,71,13,2.0,,,
949,22.0,11.0,2016,2016-04-03,15:00:00,bahrain,kevin_magnussen,renault,2,30,18,11.0,10.0,10.666666666666666,-0.6666666666666666
949,17.0,12.0,2016,2016-04-03,15:00:00,bahrain,ericsson,sauber,2,15,19,5.0,14.333333333333334,14.0,0.3333333333333333
949,16.0,13.0,2016,2016-04-03,15:00:00,bahrain,wehrlein,manor,2,75,11,3.0,,,
949,21.0,14.0,2016,2016-04-03,15:00:00,bahrain,nasr,sauber,2,48,19,7.0,14.666666666666666,14.333333333333334,0.3333333333333333
949,8.0,15.0,2016,2016-04-03,15:00:00,bahrain,hulkenberg,force_india,2,26,6,-7.0,7.333333333333333,6.666666666666667,0.6666666666666666
949,18.0,16.0,2016,2016-04-03,15:00:00,bahrain,perez,force_india,2,51,6,2.0,8.0,10.0,-2.0
949,20.0,17.0,2016,2016-04-03,15:00:00,bahrain,haryanto,manor,2,24,11,3.0,,,
950,1.0,1.0,2016,2016-04-17,06:00:00,shanghai,rosberg,mercedes,24,60,14,0.0,1.6666666666666667,1.0,0.6666666666666666
950,4.0,2.0,2016,2016-04-17,06:00:00,shanghai,vettel,ferrari,24,73,5,2.0,7.0,3.3333333333333335,3.6666666666666665
950,6.0,3.0,2016,2016-04-17,06:00:00,shanghai,kvyat,red_bull,24,35,17,3.0,10.0,8.0,2.0
950,2.0,4.0,2016,2016-04-17,06:00:00,shanghai,ricciardo,red_bull,24,58,17,-2.0,6.0,4.666666666666667,1.3333333333333333
950,3.0,5.0,2016,2016-04-17,06:00:00,shanghai,raikkonen,ferrari,24,56,5,-2.0,3.6666666666666665,3.0,0.6666666666666666
950,10.0,6.0,2016,2016-04-17,06:00:00,shanghai,massa,williams,24,42,22,4.0,7.0,7.0,0.0
950,22.0,7.0,2016,2016-04-17,06:00:00,shanghai,hamilton,mercedes,24,23,14,15.0,1.3333333333333333,2.3333333333333335,-1.0
950,9.0,8.0,2016,2016-04-17,06:00:00,shanghai,max_verstappen,toro_rosso,24,43,20,1.0,8.666666666666666,10.666666666666666,-2.0
950,8.0,9.0,2016,2016-04-17,06:00:00,shanghai,sainz,toro_rosso,24,63,20,-1.0,9.333333333333334,11.0,-1.6666666666666667
950,5.0,10.0,2016,2016-04-17,06:00:00,shanghai,bottas,williams,24,7,22,-5.0,9.333333333333334,10.0,-0.6666666666666666
950,7.0,11.0,2016,2016-04-17,06:00:00,shanghai,perez,force_india,24,51,6,-4.0,10.333333333333334,11.333333333333334,-1.0
950,11.0,12.0,2016,2016-04-17,06:00:00,shanghai,alonso,mclaren,24,3,13,-1.0,15.0,14.333333333333334,0.6666666666666666
950,12.0,13.0,2016,2016-04-17,06:00:00,shanghai,button,mclaren,24,11,13,-1.0,13.333333333333334,13.333333333333334,0.0
950,18.0,14.0,2016,2016-04-17,06:00:00,shanghai,gutierrez,haas,24,22,7,4.0,13.333333333333334,14.333333333333334,-1.0
950,13.0,15.0,2016,2016-04-17,06:00:00,shanghai,hulkenberg,force_india,24,26,6,-2.0,8.333333333333334,9.666666666666666,-1.3333333333333333
950,15.0,16.0,2016,2016-04-17,06:00:00,shanghai,ericsson,sauber,24,15,19,-1.0,15.333333333333334,14.0,1.3333333333333333
950,17.0,17.0,2016,2016-04-17,06:00:00,shanghai,kevin_magnussen,renault,24,30,18,0.0,15.0,11.333333333333334,3.6666666666666665
950,21.0,18.0,2016,2016-04-17,06:00:00,shanghai,wehrlein,manor,24,75,11,3.0,,,
950,14.0,19.0,2016,2016-04-17,06:00:00,shanghai,grosjean,haas,24,21,7,-5.0,15.333333333333334,6.666666666666667,8.666666666666666
950,16.0,20.0,2016,2016-04-17,06:00:00,shanghai,nasr,sauber,24,48,19,-4.0,17.333333333333332,14.666666666666666,2.6666666666666665
951,1.0,1.0,2016,2016-05-01,12:00:00,sochi,rosberg,mercedes,26,60,14,0.0,1.6666666666666667,1.0,0.6666666666666666
951,10.0,2.0,2016,2016-05-01,12:00:00,sochi,hamilton,mercedes,26,23,14,8.0,8.0,4.0,4.0
951,3.0,3.0,2016,2016-05-01,12:00:00,sochi,raikkonen,ferrari,26,56,5,0.0,3.3333333333333335,3.3333333333333335,0.0
951,2.0,4.0,2016,2016-05-01,12:00:00,sochi,bottas,williams,26,7,22,-2.0,9.0,9.0,0.0
951,4.0,5.0,2016,2016-05-01,12:00:00,sochi,massa,williams,26,42,22,-1.0,7.666666666666667,6.333333333333333,1.3333333333333333
951,14.0,6.0,2016,2016-05-01,12:00:00,sochi,alonso,mclaren,26,3,13,8.0,15.666666666666666,14.666666666666666,1.0
951,17.0,7.0,2016,2016-05-01,12:00:00,sochi,kevin_magnussen,renault,26,30,18,10.0,17.666666666666668,13.333333333333334,4.333333333333333
951,15.0,8.0,2016,2016-05-01,12:00:00,sochi,grosjean,haas,26,21,7,7.0,14.0,10.0,4.0
951,6.0,9.0,2016,2016-05-01,12:00:00,sochi,perez,force_india,26,51,6,-3.0,11.333333333333334,13.333333333333334,-2.0
951,12.0,10.0,2016,2016-05-01,12:00:00,sochi,button,mclaren,26,11,13,2.0,12.0,13.0,-1.0
951,5.0,11.0,2016,2016-05-01,12:00:00,sochi,ricciardo,red_bull,26,58,17,-6.0,5.0,4.0,1.0
951,11.0,12.0,2016,2016-05-01,12:00:00,sochi,sainz,toro_rosso,26,63,20,-1.0,8.333333333333334,9.666666666666666,-1.3333333333333333
951,18.0,13.0,2016,2016-05-01,12:00:00,sochi,jolyon_palmer,renault,26,27,18,5.0,,,
951,22.0,14.0,2016,2016-05-01,12:00:00,sochi,ericsson,sauber,26,15,19,8.0,16.333333333333332,14.0,2.3333333333333335
951,8.0,15.0,2016,2016-05-01,12:00:00,sochi,kvyat,red_bull,26,35,17,-7.0,10.0,6.666666666666667,3.3333333333333335
951,19.0,16.0,2016,2016-05-01,12:00:00,sochi,nasr,sauber,26,48,19,3.0,18.0,16.333333333333332,1.6666666666666667
951,16.0,17.0,2016,2016-05-01,12:00:00,sochi,gutierrez,haas,26,22,7,-1.0,14.333333333333334,14.333333333333334,0.0
951,20.0,18.0,2016,2016-05-01,12:00:00,sochi,wehrlein,manor,26,75,11,2.0,19.333333333333332,15.666666666666666,3.6666666666666665
952,4.0,1.0,2016,2016-05-15,12:00:00,catalunya,max_verstappen,red_bull,5,43,17,3.0,8.0,8.0,0.0
952,5.0,2.0,2016,2016-05-15,12:00:00,catalunya,raikkonen,ferrari,5,56,5,3.0,3.3333333333333335,3.3333333333333335,0.0
952,6.0,3.0,2016,2016-05-15,12:00:00,catalunya,vettel,ferrari,5,73,5,3.0,7.333333333333333,3.0,4.333333333333333
952,3.0,4.0,2016,2016-05-15,12:00:00,catalunya,ricciardo,red_bull,5,58,17,-1.0,4.0,6.333333333333333,-2.3333333333333335
952,7.0,5.0,2016,2016-05-15,12:00:00,catalunya,bottas,williams,5,7,22,2.0,4.333333333333333,7.666666666666667,-3.3333333333333335
952,8.0,6.0,2016,2016-05-15,12:00:00,catalunya,sainz,toro_rosso,5,63,20,2.0,8.666666666666666,10.0,-1.3333333333333333
952,9.0,7.0,2016,2016-05-15,12:00:00,catalunya,perez,force_india,5,51,6,2.0,10.333333333333334,12.0,-1.6666666666666667
952,18.0,8.0,2016,2016-05-15,12:00:00,catalunya,massa,williams,5,42,22,10.0,7.0,6.333333333333333,0.6666666666666666
952,12.0,9.0,2016,2016-05-15,12:00:00,catalunya,button,mclaren,5,11,13,3.0,12.0,12.333333333333334,-0.3333333333333333
952,13.0,10.0,2016,2016-05-15,12:00:00,catalunya,kvyat,toro_rosso,5,35,20,3.0,9.666666666666666,8.333333333333334,1.3333333333333333
952,16.0,11.0,2016,2016-05-15,12:00:00,catalunya,gutierrez,haas,5,22,7,5.0,16.0,15.333333333333334,0.6666666666666666
952,19.0,12.0,2016,2016-05-15,12:00:00,catalunya,ericsson,sauber,5,15,19,7.0,18.0,14.0,4.0
952,17.0,13.0,2016,2016-05-15,12:00:00,catalunya,jolyon_palmer,renault,5,27,18,4.0,,,
952,15.0,14.0,2016,2016-05-15,12:00:00,catalunya,kevin_magnussen,renault,5,30,18,1.0,18.666666666666668,11.666666666666666,7.0
952,20.0,15.0,2016,2016-05-15,12:00:00,catalunya,nasr,sauber,5,48,19,5.0,18.666666666666668,16.666666666666668,2.0
952,21.0,16.0,2016,2016-05-15,12:00:00,catalunya,wehrlein,manor,5,75,11,5.0,19.0,16.333333333333332,2.6666666666666665
952,22.0,17.0,2016,2016-05-15,12:00:00,catalunya,haryanto,manor,5,24,11,5.0,,,
953,3.0,1.0,2016,2016-05-29,12:00:00,monaco,hamilton,mercedes,15,23,14,2.0,11.0,4.0,7.0
953,1.0,2.0,2016,2016-05-29,12:00:00,monaco,ricciardo,red_bull,15,58,17,-1.0,3.3333333333333335,6.333333333333333,-3.0
953,7.0,3.0,2016,2016-05-29,12:00:00,monaco,perez,force_india,15,51,6,4.0,7.333333333333333,9.0,-1.6666666666666667
953,4.0,4.0,2016,2016-05-29,12:00:00,monaco,vettel,ferrari,15,73,5,0.0,4.333333333333333,2.6666666666666665,1.6666666666666667
953,9.0,5.0,2016,2016-05-29,12:00:00,monaco,alonso,mclaren,15,3,13,4.0,13.666666666666666,11.666666666666666,2.0
953,5.0,6.0,2016,2016-05-29,12:00:00,monaco,hulkenberg,force_india,15,26,6,-1.0,10.333333333333334,12.333333333333334,-2.0
953,2.0,7.0,2016,2016-05-29,12:00:00,monaco,rosberg,mercedes,15,60,14,-5.0,1.3333333333333333,1.0,0.3333333333333333
953,6.0,8.0,2016,2016-05-29,12:00:00,monaco,sainz,toro_rosso,15,63,20,-2.0,9.0,9.0,0.0
953,13.0,9.0,2016,2016-05-29,12:00:00,monaco,button,mclaren,15,11,13,4.0,12.0,10.666666666666666,1.3333333333333333
953,14.0,10.0,2016,2016-05-29,12:00:00,monaco,massa,williams,15,42,22,4.0,10.666666666666666,6.333333333333333,4.333333333333333
953,12.0,11.0,2016,2016-05-29,12:00:00,monaco,gutierrez,haas,15,22,7,1.0,16.666666666666668,14.0,2.6666666666666665
953,10.0,12.0,2016,2016-05-29,12:00:00,monaco,bottas,williams,15,7,22,-2.0,4.666666666666667,6.333333333333333,-1.6666666666666667
953,15.0,13.0,2016,2016-05-29,12:00:00,monaco,grosjean,haas,15,21,7,2.0,12.666666666666666,10.666666666666666,2.0
953,20.0,14.0,2016,2016-05-29,12:00:00,monaco,wehrlein,manor,15,75,11,6.0,20.666666666666668,17.333333333333332,3.3333333333333335
953,19.0,15.0,2016,2016-05-29,12:00:00,monaco,haryanto,manor,15,24,11,4.0,,,
954,1.0,1.0,2016,2016-06-12,18:00:00,villeneuve,hamilton,mercedes,31,23,14,0.0,11.666666666666666,3.3333333333333335,8.333333333333334
954,3.0,2.0,2016,2016-06-12,18:00:00,villeneuve,vettel,ferrari,31,73,5,1.0,4.666666666666667,3.0,1.6666666666666667
954,7.0,3.0,2016,2016-06-12,18:00:00,villeneuve,bottas,williams,31,7,22,4.0,6.333333333333333,7.0,-0.6666666666666666
954,5.0,4.0,2016,2016-06-12,18:00:00,villeneuve,max_verstappen,red_bull,31,43,17,1.0,7.666666666666667,5.0,2.6666666666666665
954,2.0,5.0,2016,2016-06-12,18:00:00,villeneuve,rosberg,mercedes,31,60,14,-3.0,1.3333333333333333,3.0,-1.6666666666666667
954,6.0,6.0,2016,2016-06-12,18:00:00,villeneuve,raikkonen,ferrari,31,56,5,0.0,3.6666666666666665,3.3333333333333335,0.3333333333333333
954,4.0,7.0,2016,2016-06-12,18:00:00,villeneuve,ricciardo,red_bull,31,58,17,-3.0,3.0,5.666666666666667,-2.6666666666666665
954,9.0,8.0,2016,2016-06-12,18:00:00,villeneuve,hulkenberg,force_india,31,26,6,1.0,8.666666666666666,12.0,-3.3333333333333335
954,20.0,9.0,2016,2016-06-12,18:00:00,villeneuve,sainz,toro_rosso,31,63,20,11.0,8.333333333333334,8.666666666666666,-0.3333333333333333
954,11.0,10.0,2016,2016-06-12,18:00:00,villeneuve,perez,force_india,31,51,6,1.0,7.333333333333333,6.333333333333333,1.0
954,10.0,11.0,2016,2016-06-12,18:00:00,villeneuve,alonso,mclaren,31,3,13,-1.0,11.333333333333334,7.666666666666667,3.6666666666666665
954,15.0,12.0,2016,2016-06-12,18:00:00,villeneuve,kvyat,toro_rosso,31,35,20,3.0,9.0,9.333333333333334,-0.3333333333333333
954,13.0,13.0,2016,2016-06-12,18:00:00,villeneuve,gutierrez,haas,31,22,7,0.0,14.666666666666666,13.0,1.6666666666666667
954,14.0,14.0,2016,2016-06-12,18:00:00,villeneuve,grosjean,haas,31,21,7,0.0,14.666666666666666,13.333333333333334,1.3333333333333333
954,21.0,15.0,2016,2016-06-12,18:00:00,villeneuve,ericsson,sauber,31,15,19,6.0,18.666666666666668,14.0,4.666666666666667
954,22.0,16.0,2016,2016-06-12,18:00:00,villeneuve,kevin_magnussen,renault,31,30,18,6.0,16.333333333333332,12.666666666666666,3.6666666666666665
954,17.0,17.0,2016,2016-06-12,18:00:00,villeneuve,wehrlein,manor,31,75,11,0.0,20.333333333333332,16.0,4.333333333333333
954,18.0,18.0,2016,2016-06-12,18:00:00,villeneuve,nasr,sauber,31,48,19,0.0,18.333333333333332,17.0,1.3333333333333333
954,19.0,19.0,2016,2016-06-12,18:00:00,villeneuve,haryanto,manor,31,24,11,0.0,20.333333333333332,16.333333333333332,4.0
955,1.0,1.0,2016,2016-06-19,13:00:00,baku,rosberg,mercedes,3,60,14,0.0,1.6666666666666667,4.333333333333333,-2.6666666666666665
955,3.0,2.0,2016,2016-06-19,13:00:00,baku,vettel,ferrari,3,73,5,1.0,4.333333333333333,3.0,1.3333333333333333
955,7.0,3.0,2016,2016-06-19,13:00:00,baku,perez,force_india,3,51,6,4.0,9.0,6.666666666666667,2.3333333333333335
955,4.0,4.0,2016,2016-06-19,13:00:00,baku,raikkonen,ferrari,3,56,5,0.0,4.666666666666667,3.6666666666666665,1.0
955,10.0,5.0,2016,2016-06-19,13:00:00,baku,hamilton,mercedes,3,23,14,5.0,4.666666666666667,1.3333333333333333,3.3333333333333335
955,8.0,6.0,2016,2016-06-19,13:00:00,baku,bottas,williams,3,7,22,2.0,8.0,6.666666666666667,1.3333333333333333
955,2.0,7.0,2016,2016-06-19,13:00:00,baku,ricciardo,red_bull,3,58,17,-5.0,2.6666666666666665,4.333333333333333,-1.6666666666666667
955,9.0,8.0,2016,2016-06-19,13:00:00,baku,max_verstappen,red_bull,3,43,17,1.0,6.0,4.333333333333333,1.6666666666666667
955,12.0,9.0,2016,2016-06-19,13:00:00,baku,hulkenberg,force_india,3,26,6,3.0,9.0,9.666666666666666,-0.6666666666666666
955,5.0,10.0,2016,2016-06-19,13:00:00,baku,massa,williams,3,42,22,-5.0,12.0,7.666666666666667,4.333333333333333
955,19.0,11.0,2016,2016-06-19,13:00:00,baku,button,mclaren,3,11,13,8.0,12.333333333333334,9.333333333333334,3.0
955,15.0,12.0,2016,2016-06-19,13:00:00,baku,nasr,sauber,3,48,19,3.0,19.0,16.333333333333332,2.6666666666666665
955,11.0,13.0,2016,2016-06-19,13:00:00,baku,grosjean,haas,3,21,7,-2.0,14.666666666666666,11.666666666666666,3.0
955,22.0,14.0,2016,2016-06-19,13:00:00,baku,kevin_magnussen,renault,3,30,18,8.0,18.0,12.333333333333334,5.666666666666667
955,21.0,15.0,2016,2016-06-19,13:00:00,baku,jolyon_palmer,renault,3,27,18,6.0,16.0,12.333333333333334,3.6666666666666665
955,14.0,16.0,2016,2016-06-19,13:00:00,baku,gutierrez,haas,3,22,7,-2.0,13.666666666666666,11.666666666666666,2.0
955,20.0,17.0,2016,2016-06-19,13:00:00,baku,ericsson,sauber,3,15,19,3.0,20.666666666666668,13.666666666666666,7.0
955,16.0,18.0,2016,2016-06-19,13:00:00,baku,haryanto,manor,3,24,11,-2.0,20.0,17.0,3.0
956,1.0,1.0,2016,2016-07-03,12:00:00,red_bull_ring,hamilton,mercedes,20,23,14,0.0,4.666666666666667,2.3333333333333335,2.3333333333333335
956,8.0,2.0,2016,2016-07-03,12:00:00,red_bull_ring,max_verstappen,red_bull,20,43,17,6.0,6.0,4.333333333333333,1.6666666666666667
956,4.0,3.0,2016,2016-07-03,12:00:00,red_bull_ring,raikkonen,ferrari,20,56,5,1.0,5.0,4.0,1.0
956,6.0,4.0,2016,2016-07-03,12:00:00,red_bull_ring,rosberg,mercedes,20,60,14,2.0,1.6666666666666667,4.333333333333333,-2.6666666666666665
956,5.0,5.0,2016,2016-07-03,12:00:00,red_bull_ring,ricciardo,red_bull,20,58,17,0.0,2.3333333333333335,5.333333333333333,-3.0
956,3.0,6.0,2016,2016-07-03,12:00:00,red_bull_ring,button,mclaren,20,11,13,-3.0,14.666666666666666,9.666666666666666,5.0
956,13.0,7.0,2016,2016-07-03,12:00:00,red_bull_ring,grosjean,haas,20,21,7,6.0,13.333333333333334,13.333333333333334,0.0
956,15.0,8.0,2016,2016-07-03,12:00:00,red_bull_ring,sainz,toro_rosso,20,63,20,7.0,11.333333333333334,7.666666666666667,3.6666666666666665
956,7.0,9.0,2016,2016-07-03,12:00:00,red_bull_ring,bottas,williams,20,7,22,-2.0,8.333333333333334,7.0,1.3333333333333333
956,12.0,10.0,2016,2016-07-03,12:00:00,red_bull_ring,wehrlein,manor,20,75,11,2.0,19.333333333333332,15.666666666666666,3.6666666666666665
956,11.0,11.0,2016,2016-07-03,12:00:00,red_bull_ring,gutierrez,haas,20,22,7,0.0,13.0,13.333333333333334,-0.3333333333333333
956,19.0,12.0,2016,2016-07-03,12:00:00,red_bull_ring,jolyon_palmer,renault,20,27,18,7.0,18.666666666666668,13.666666666666666,5.0
956,21.0,13.0,2016,2016-07-03,12:00:00,red_bull_ring,nasr,sauber,20,48,19,8.0,17.666666666666668,15.0,2.6666666666666665
956,17.0,14.0,2016,2016-07-03,12:00:00,red_bull_ring,kevin_magnussen,renault,20,30,18,3.0,19.666666666666668,14.666666666666666,5.0
956,18.0,15.0,2016,2016-07-03,12:00:00,red_bull_ring,ericsson,sauber,20,15,19,3.0,20.0,14.666666666666666,5.333333333333333
956,20.0,16.0,2016,2016-07-03,12:00:00,red_bull_ring,haryanto,manor,20,24,11,4.0,18.0,17.333333333333332,0.6666666666666666
956,16.0,17.0,2016,2016-07-03,12:00:00,red_bull_ring,perez,force_india,20,51,6,-1.0,8.333333333333334,5.333333333333333,3.0
956,14.0,18.0,2016,2016-07-03,12:00:00,red_bull_ring,alonso,mclaren,20,3,13,-4.0,11.0,7.333333333333333,3.6666666666666665
956,2.0,19.0,2016,2016-07-03,12:00:00,red_bull_ring,hulkenberg,force_india,20,26,6,-17.0,8.666666666666666,7.666666666666667,1.0
956,0.0,20.0,2016,2016-07-03,12:00:00,red_bull_ring,massa,williams,20,42,22,-20.0,12.333333333333334,9.333333333333334,3.0
957,1.0,1.0,2016,2016-07-10,12:00:00,silverstone,hamilton,mercedes,25,23,14,0.0,4.0,2.3333333333333335,1.6666666666666667
957,3.0,2.0,2016,2016-07-10,12:00:00,silverstone,max_verstappen,red_bull,25,43,17,1.0,7.333333333333333,4.666666666666667,2.6666666666666665
957,2.0,3.0,2016,2016-07-10,12:00:00,silverstone,rosberg,mercedes,25,60,14,-1.0,3.0,3.3333333333333335,-0.3333333333333333
957,4.0,4.0,2016,2016-07-10,12:00:00,silverstone,ricciardo,red_bull,25,58,17,0.0,3.6666666666666665,6.333333333333333,-2.6666666666666665
957,5.0,5.0,2016,2016-07-10,12:00:00,silverstone,raikkonen,ferrari,25,56,5,0.0,4.666666666666667,4.333333333333333,0.3333333333333333
957,10.0,6.0,2016,2016-07-10,12:00:00,silverstone,perez,force_india,25,51,6,4.0,11.333333333333334,10.0,1.3333333333333333
957,8.0,7.0,2016,2016-07-10,12:00:00,silverstone,hulkenberg,force_india,25,26,6,1.0,7.666666666666667,12.0,-4.333333333333333
957,7.0,8.0,2016,2016-07-10,12:00:00,silverstone,sainz,toro_rosso,25,63,20,-1.0,13.666666666666666,8.333333333333334,5.333333333333333
957,11.0,9.0,2016,2016-07-10,12:00:00,silverstone,vettel,ferrari,25,73,5,2.0,3.3333333333333335,2.6666666666666665,0.6666666666666666
957,15.0,10.0,2016,2016-07-10,12:00:00,silverstone,kvyat,toro_rosso,25,35,20,5.0,12.0,12.333333333333334,-0.3333333333333333
957,12.0,11.0,2016,2016-07-10,12:00:00,silverstone,massa,williams,25,42,22,1.0,6.333333333333333,13.333333333333334,-7.0
957,17.0,12.0,2016,2016-07-10,12:00:00,silverstone,button,mclaren,25,11,13,5.0,11.666666666666666,8.666666666666666,3.0
957,9.0,13.0,2016,2016-07-10,12:00:00,silverstone,alonso,mclaren,25,3,13,-4.0,11.0,11.333333333333334,-0.3333333333333333
957,6.0,14.0,2016,2016-07-10,12:00:00,silverstone,bottas,williams,25,7,22,-8.0,7.333333333333333,6.0,1.3333333333333333
957,21.0,15.0,2016,2016-07-10,12:00:00,silverstone,nasr,sauber,25,48,19,6.0,18.0,14.333333333333334,3.6666666666666665
957,14.0,16.0,2016,2016-07-10,12:00:00,silverstone,gutierrez,haas,25,22,7,-2.0,12.666666666666666,13.333333333333334,-0.6666666666666666
957,16.0,17.0,2016,2016-07-10,12:00:00,silverstone,kevin_magnussen,renault,25,30,18,-1.0,20.333333333333332,14.666666666666666,5.666666666666667
958,2.0,1.0,2016,2016-07-24,12:00:00,hungaroring,hamilton,mercedes,7,23,14,1.0,4.0,2.3333333333333335,1.6666666666666667
958,1.0,2.0,2016,2016-07-24,12:00:00,hungaroring,rosberg,mercedes,7,60,14,-1.0,3.0,2.6666666666666665,0.3333333333333333
958,3.0,3.0,2016,2016-07-24,12:00:00,hungaroring,ricciardo,red_bull,7,58,17,0.0,3.6666666666666665,5.333333333333333,-1.6666666666666667
958,5.0,4.0,2016,2016-07-24,12:00:00,hungaroring,vettel,ferrari,7,73,5,1.0,5.666666666666667,4.333333333333333,1.3333333333333333
958,4.0,5.0,2016,2016-07-24,12:00:00,hungaroring,max_verstappen,red_bull,7,43,17,-1.0,6.666666666666667,4.0,2.6666666666666665
958,14.0,6.0,2016,2016-07-24,12:00:00,hungaroring,raikkonen,ferrari,7,56,5,8.0,4.333333333333333,4.0,0.3333333333333333
958,7.0,7.0,2016,2016-07-24,12:00:00,hungaroring,alonso,mclaren,7,3,13,0.0,11.0,14.0,-3.0
958,6.0,8.0,2016,2016-07-24,12:00:00,hungaroring,sainz,toro_rosso,7,63,20,-2.0,14.0,8.333333333333334,5.666666666666667
958,10.0,9.0,2016,2016-07-24,12:00:00,hungaroring,bottas,williams,7,7,22,1.0,7.0,9.666666666666666,-2.6666666666666665
958,9.0,10.0,2016,2016-07-24,12:00:00,hungaroring,hulkenberg,force_india,7,26,6,-1.0,7.333333333333333,11.666666666666666,-4.333333333333333
958,13.0,11.0,2016,2016-07-24,12:00:00,hungaroring,perez,force_india,7,51,6,2.0,11.0,8.666666666666666,2.3333333333333335
958,17.0,12.0,2016,2016-07-24,12:00:00,hungaroring,jolyon_palmer,renault,7,27,18,5.0,19.0,13.333333333333334,5.666666666666667
958,15.0,13.0,2016,2016-07-24,12:00:00,hungaroring,gutierrez,haas,7,22,7,2.0,13.0,14.333333333333334,-1.3333333333333333
958,11.0,14.0,2016,2016-07-24,12:00:00,hungaroring,grosjean,haas,7,21,7,-3.0,12.666666666666666,11.333333333333334,1.3333333333333333
958,19.0,15.0,2016,2016-07-24,12:00:00,hungaroring,kevin_magnussen,renault,7,30,18,4.0,18.333333333333332,15.0,3.3333333333333335
958,12.0,16.0,2016,2016-07-24,12:00:00,hungaroring,kvyat,toro_rosso,7,35,20,-4.0,14.333333333333334,10.666666666666666,3.6666666666666665
958,16.0,17.0,2016,2016-07-24,12:00:00,hungaroring,nasr,sauber,7,48,19,-1.0,19.0,13.333333333333334,5.666666666666667
958,18.0,18.0,2016,2016-07-24,12:00:00,hungaroring,massa,williams,7,42,22,0.0,5.666666666666667,13.666666666666666,-8.0
958,20.0,19.0,2016,2016-07-24,12:00:00,hungaroring,wehrlein,manor,7,75,11,1.0,16.333333333333332,13.666666666666666,2.6666666666666665
958,22.0,20.0,2016,2016-07-24,12:00:00,hungaroring,ericsson,sauber,7,15,19,2.0,19.666666666666668,15.666666666666666,4.0
959,2.0,1.0,2016,2016-07-31,12:00:00,hockenheimring,hamilton,mercedes,6,23,14,1.0,1.3333333333333333,1.0,0.3333333333333333
959,3.0,2.0,2016,2016-07-31,12:00:00,hockenheimring,ricciardo,red_bull,6,58,17,1.0,4.0,4.0,0.0
959,4.0,3.0,2016,2016-07-31,12:00:00,hockenheimring,max_verstappen,red_bull,6,43,17,1.0,5.0,3.0,2.0
959,1.0,4.0,2016,2016-07-31,12:00:00,hockenheimring,rosberg,mercedes,6,60,14,-3.0,3.0,3.0,0.0
959,6.0,5.0,2016,2016-07-31,12:00:00,hockenheimring,vettel,ferrari,6,73,5,1.0,6.333333333333333,5.0,1.3333333333333333
959,5.0,6.0,2016,2016-07-31,12:00:00,hockenheimring,raikkonen,ferrari,6,56,5,-1.0,7.666666666666667,4.666666666666667,3.0
959,8.0,7.0,2016,2016-07-31,12:00:00,hockenheimring,hulkenberg,force_india,6,26,6,1.0,6.333333333333333,12.0,-5.666666666666667
959,12.0,8.0,2016,2016-07-31,12:00:00,hockenheimring,button,mclaren,6,11,13,4.0,13.0,9.666666666666666,3.3333333333333335
959,7.0,9.0,2016,2016-07-31,12:00:00,hockenheimring,bottas,williams,6,7,22,-2.0,7.666666666666667,10.666666666666666,-3.0
959,9.0,10.0,2016,2016-07-31,12:00:00,hockenheimring,perez,force_india,6,51,6,-1.0,13.0,11.333333333333334,1.6666666666666667
959,11.0,11.0,2016,2016-07-31,12:00:00,hockenheimring,gutierrez,haas,6,22,7,0.0,13.333333333333334,13.333333333333334,0.0
959,13.0,12.0,2016,2016-07-31,12:00:00,hockenheimring,alonso,mclaren,6,3,13,1.0,10.0,12.666666666666666,-2.6666666666666665
959,20.0,13.0,2016,2016-07-31,12:00:00,hockenheimring,grosjean,haas,6,21,7,7.0,11.666666666666666,11.333333333333334,0.3333333333333333
959,15.0,14.0,2016,2016-07-31,12:00:00,hockenheimring,sainz,toro_rosso,6,63,20,1.0,9.333333333333334,8.0,1.3333333333333333
959,18.0,15.0,2016,2016-07-31,12:00:00,hockenheimring,kvyat,toro_rosso,6,35,20,3.0,14.0,12.666666666666666,1.3333333333333333
959,16.0,16.0,2016,2016-07-31,12:00:00,hockenheimring,kevin_magnussen,renault,6,30,18,0.0,17.333333333333332,15.333333333333334,2.0
959,17.0,17.0,2016,2016-07-31,12:00:00,hockenheimring,wehrlein,manor,6,75,11,0.0,16.333333333333332,15.333333333333334,1.0
959,22.0,18.0,2016,2016-07-31,12:00:00,hockenheimring,ericsson,sauber,6,15,19,4.0,20.0,17.333333333333332,2.6666666666666665
959,14.0,19.0,2016,2016-07-31,12:00:00,hockenheimring,jolyon_palmer,renault,6,27,18,-5.0,19.0,13.0,6.0
959,19.0,20.0,2016,2016-07-31,12:00:00,hockenheimring,haryanto,manor,6,24,11,-1.0,18.333333333333332,17.666666666666668,0.6666666666666666
960,1.0,1.0,2016,2016-08-28,12:00:00,spa,rosberg,mercedes,27,60,14,0.0,1.3333333333333333,3.0,-1.6666666666666667
960,5.0,2.0,2016,2016-08-28,12:00:00,spa,ricciardo,red_bull,27,58,17,3.0,3.3333333333333335,3.0,0.3333333333333333
960,21.0,3.0,2016,2016-08-28,12:00:00,spa,hamilton,mercedes,27,23,14,18.0,1.6666666666666667,1.0,0.6666666666666666
960,7.0,4.0,2016,2016-08-28,12:00:00,spa,hulkenberg,force_india,27,26,6,3.0,8.333333333333334,8.0,0.3333333333333333
960,6.0,5.0,2016,2016-08-28,12:00:00,spa,perez,force_india,27,51,6,1.0,10.666666666666666,9.0,1.6666666666666667
960,4.0,6.0,2016,2016-08-28,12:00:00,spa,vettel,ferrari,27,73,5,-2.0,7.333333333333333,6.0,1.3333333333333333
960,22.0,7.0,2016,2016-08-28,12:00:00,spa,alonso,mclaren,27,3,13,15.0,9.666666666666666,10.666666666666666,-1.0
960,8.0,8.0,2016,2016-08-28,12:00:00,spa,bottas,williams,27,7,22,0.0,7.666666666666667,10.666666666666666,-3.0
960,3.0,9.0,2016,2016-08-28,12:00:00,spa,raikkonen,ferrari,27,56,5,-6.0,8.0,5.666666666666667,2.3333333333333335
960,10.0,10.0,2016,2016-08-28,12:00:00,spa,massa,williams,27,42,22,0.0,10.0,16.333333333333332,-6.333333333333333
960,2.0,11.0,2016,2016-08-28,12:00:00,spa,max_verstappen,red_bull,27,43,17,-9.0,3.6666666666666665,3.3333333333333335,0.3333333333333333
960,18.0,12.0,2016,2016-08-28,12:00:00,spa,gutierrez,haas,27,22,7,6.0,13.333333333333334,13.333333333333334,0.0
960,11.0,13.0,2016,2016-08-28,12:00:00,spa,grosjean,haas,27,21,7,-2.0,14.666666666666666,11.333333333333334,3.3333333333333335
960,19.0,14.0,2016,2016-08-28,12:00:00,spa,kvyat,toro_rosso,27,35,20,5.0,15.0,13.666666666666666,1.3333333333333333
960,13.0,15.0,2016,2016-08-28,12:00:00,spa,jolyon_palmer,renault,27,27,18,-2.0,16.666666666666668,14.333333333333334,2.3333333333333335
960,17.0,16.0,2016,2016-08-28,12:00:00,spa,ocon,manor,27,50,11,1.0,,,
960,16.0,17.0,2016,2016-08-28,12:00:00,spa,nasr,sauber,27,48,19,-1.0,19.333333333333332,15.0,4.333333333333333
961,2.0,1.0,2016,2016-09-04,12:00:00,monza,rosberg,mercedes,16,60,14,1.0,1.0,2.3333333333333335,-1.3333333333333333
961,1.0,2.0,2016,2016-09-04,12:00:00,monza,hamilton,mercedes,16,23,14,-1.0,8.333333333333334,1.6666666666666667,6.666666666666667
961,3.0,3.0,2016,2016-09-04,12:00:00,monza,vettel,ferrari,16,73,5,0.0,5.0,5.0,0.0
961,4.0,4.0,2016,2016-09-04,12:00:00,monza,raikkonen,ferrari,16,56,5,0.0,7.333333333333333,7.0,0.3333333333333333
961,6.0,5.0,2016,2016-09-04,12:00:00,monza,ricciardo,red_bull,16,58,17,1.0,3.6666666666666665,2.3333333333333335,1.3333333333333333
961,5.0,6.0,2016,2016-09-04,12:00:00,monza,bottas,williams,16,7,22,-1.0,8.333333333333334,8.666666666666666,-0.3333333333333333
961,7.0,7.0,2016,2016-09-04,12:00:00,monza,max_verstappen,red_bull,16,43,17,0.0,3.3333333333333335,6.333333333333333,-3.0
961,8.0,8.0,2016,2016-09-04,12:00:00,monza,perez,force_india,16,51,6,0.0,9.333333333333334,8.666666666666666,0.6666666666666666
961,11.0,9.0,2016,2016-09-04,12:00:00,monza,massa,williams,16,42,22,2.0,13.333333333333334,13.0,0.3333333333333333
961,9.0,10.0,2016,2016-09-04,12:00:00,monza,hulkenberg,force_india,16,26,6,-1.0,8.0,7.0,1.0
961,17.0,11.0,2016,2016-09-04,12:00:00,monza,grosjean,haas,16,21,7,6.0,14.0,13.333333333333334,0.6666666666666666
961,14.0,12.0,2016,2016-09-04,12:00:00,monza,button,mclaren,16,11,13,2.0,10.666666666666666,8.666666666666666,2.0
961,10.0,13.0,2016,2016-09-04,12:00:00,monza,gutierrez,haas,16,22,7,-3.0,14.666666666666666,12.0,2.6666666666666665
961,12.0,14.0,2016,2016-09-04,12:00:00,monza,alonso,mclaren,16,3,13,-2.0,14.0,8.666666666666666,5.333333333333333
961,15.0,15.0,2016,2016-09-04,12:00:00,monza,sainz,toro_rosso,16,63,20,0.0,9.333333333333334,10.0,-0.6666666666666666
961,19.0,16.0,2016,2016-09-04,12:00:00,monza,ericsson,sauber,16,15,19,3.0,20.666666666666668,17.666666666666668,3.0
961,21.0,17.0,2016,2016-09-04,12:00:00,monza,kevin_magnussen,renault,16,30,18,4.0,17.0,16.0,1.0
961,22.0,18.0,2016,2016-09-04,12:00:00,monza,ocon,manor,16,50,11,4.0,,,
962,1.0,1.0,2016,2016-09-18,12:00:00,marina_bay,rosberg,mercedes,13,60,14,0.0,1.3333333333333333,2.0,-0.6666666666666666
962,2.0,2.0,2016,2016-09-18,12:00:00,marina_bay,ricciardo,red_bull,13,58,17,0.0,4.666666666666667,3.0,1.6666666666666667
962,3.0,3.0,2016,2016-09-18,12:00:00,marina_bay,hamilton,mercedes,13,23,14,0.0,8.0,2.0,6.0
962,5.0,4.0,2016,2016-09-18,12:00:00,marina_bay,raikkonen,ferrari,13,56,5,1.0,4.0,6.333333333333333,-2.3333333333333335
962,22.0,5.0,2016,2016-09-18,12:00:00,marina_bay,vettel,ferrari,13,73,5,17.0,4.333333333333333,4.666666666666667,-0.3333333333333333
962,4.0,6.0,2016,2016-09-18,12:00:00,marina_bay,max_verstappen,red_bull,13,43,17,-2.0,4.333333333333333,7.0,-2.6666666666666665
962,9.0,7.0,2016,2016-09-18,12:00:00,marina_bay,alonso,mclaren,13,3,13,2.0,15.666666666666666,11.0,4.666666666666667
962,17.0,8.0,2016,2016-09-18,12:00:00,marina_bay,perez,force_india,13,51,6,9.0,7.666666666666667,7.666666666666667,0.0
962,7.0,9.0,2016,2016-09-18,12:00:00,marina_bay,kvyat,toro_rosso,13,35,20,-2.0,16.333333333333332,15.0,1.3333333333333333
962,15.0,10.0,2016,2016-09-18,12:00:00,marina_bay,kevin_magnussen,renault,13,30,18,5.0,18.666666666666668,16.0,2.6666666666666665
962,13.0,11.0,2016,2016-09-18,12:00:00,marina_bay,gutierrez,haas,13,22,7,2.0,13.0,12.0,1.0
962,11.0,12.0,2016,2016-09-18,12:00:00,marina_bay,massa,williams,13,42,22,-1.0,13.0,12.333333333333334,0.6666666666666666
962,16.0,13.0,2016,2016-09-18,12:00:00,marina_bay,nasr,sauber,13,48,19,3.0,17.666666666666668,16.333333333333332,1.3333333333333333
962,6.0,14.0,2016,2016-09-18,12:00:00,marina_bay,sainz,toro_rosso,13,63,20,-8.0,12.0,12.333333333333334,-0.3333333333333333
962,18.0,15.0,2016,2016-09-18,12:00:00,marina_bay,jolyon_palmer,renault,13,27,18,3.0,14.666666666666666,15.333333333333334,-0.6666666666666666
962,19.0,16.0,2016,2016-09-18,12:00:00,marina_bay,wehrlein,manor,13,75,11,3.0,16.333333333333332,15.333333333333334,1.0
962,14.0,17.0,2016,2016-09-18,12:00:00,marina_bay,ericsson,sauber,13,15,19,-3.0,21.0,18.0,3.0
962,21.0,18.0,2016,2016-09-18,12:00:00,marina_bay,ocon,manor,13,50,11,3.0,,,
963,4.0,1.0,2016,2016-10-02,07:00:00,sepang,ricciardo,red_bull,23,58,17,3.0,4.333333333333333,3.0,1.3333333333333333
963,3.0,2.0,2016,2016-10-02,07:00:00,sepang,max_verstappen,red_bull,23,43,17,1.0,4.333333333333333,8.0,-3.6666666666666665
963,2.0,3.0,2016,2016-10-02,07:00:00,sepang,rosberg,mercedes,23,60,14,-1.0,1.3333333333333333,1.0,0.3333333333333333
963,6.0,4.0,2016,2016-10-02,07:00:00,sepang,raikkonen,ferrari,23,56,5,2.0,4.0,5.666666666666667,-1.6666666666666667
963,11.0,5.0,2016,2016-10-02,07:00:00,sepang,bottas,williams,23,7,22,6.0,6.666666666666667,7.666666666666667,-1.0
963,7.0,6.0,2016,2016-10-02,07:00:00,sepang,perez,force_india,23,51,6,1.0,10.333333333333334,7.0,3.3333333333333335
963,22.0,7.0,2016,2016-10-02,07:00:00,sepang,alonso,mclaren,23,3,13,15.0,14.333333333333334,9.333333333333334,5.0
963,8.0,8.0,2016,2016-10-02,07:00:00,sepang,hulkenberg,force_india,23,26,6,0.0,8.0,7.0,1.0
963,9.0,9.0,2016,2016-10-02,07:00:00,sepang,button,mclaren,23,11,13,0.0,14.333333333333334,10.666666666666666,3.6666666666666665
963,19.0,10.0,2016,2016-10-02,07:00:00,sepang,jolyon_palmer,renault,23,27,18,9.0,15.0,16.333333333333332,-1.3333333333333333
963,16.0,11.0,2016,2016-10-02,07:00:00,sepang,sainz,toro_rosso,23,63,20,5.0,12.0,14.333333333333334,-2.3333333333333335
963,17.0,12.0,2016,2016-10-02,07:00:00,sepang,ericsson,sauber,23,15,19,5.0,18.333333333333332,17.0,1.3333333333333333
963,10.0,13.0,2016,2016-10-02,07:00:00,sepang,massa,williams,23,42,22,-3.0,10.666666666666666,10.333333333333334,0.3333333333333333
963,15.0,14.0,2016,2016-10-02,07:00:00,sepang,kvyat,toro_rosso,23,35,20,1.0,14.666666666666666,12.666666666666666,2.0
963,21.0,15.0,2016,2016-10-02,07:00:00,sepang,wehrlein,manor,23,75,11,6.0,18.666666666666668,17.333333333333332,1.3333333333333333
963,20.0,16.0,2016,2016-10-02,07:00:00,sepang,ocon,manor,23,50,11,4.0,20.0,17.333333333333332,2.6666666666666665
964,1.0,1.0,2016,2016-10-09,05:00:00,suzuka,rosberg,mercedes,28,60,14,0.0,1.6666666666666667,1.6666666666666667,0.0
964,3.0,2.0,2016,2016-10-09,05:00:00,suzuka,max_verstappen,red_bull,28,43,17,1.0,4.666666666666667,5.0,-0.3333333333333333
964,2.0,3.0,2016,2016-10-09,05:00:00,suzuka,hamilton,mercedes,28,23,14,-1.0,8.333333333333334,2.6666666666666665,5.666666666666667
964,6.0,4.0,2016,2016-10-09,05:00:00,suzuka,vettel,ferrari,28,73,5,2.0,9.666666666666666,4.666666666666667,5.0
964,8.0,5.0,2016,2016-10-09,05:00:00,suzuka,raikkonen,ferrari,28,56,5,3.0,5.0,4.0,1.0
964,4.0,6.0,2016,2016-10-09,05:00:00,suzuka,ricciardo,red_bull,28,58,17,-2.0,4.0,2.6666666666666665,1.3333333333333333
964,5.0,7.0,2016,2016-10-09,05:00:00,suzuka,perez,force_india,28,51,6,-2.0,10.666666666666666,7.333333333333333,3.3333333333333335
964,9.0,8.0,2016,2016-10-09,05:00:00,suzuka,hulkenberg,force_india,28,26,6,1.0,8.0,7.333333333333333,0.6666666666666666
964,12.0,9.0,2016,2016-10-09,05:00:00,suzuka,massa,williams,28,42,22,3.0,10.666666666666666,11.333333333333334,-0.6666666666666666
964,11.0,10.0,2016,2016-10-09,05:00:00,suzuka,bottas,williams,28,7,22,1.0,8.0,6.333333333333333,1.6666666666666667
964,7.0,11.0,2016,2016-10-09,05:00:00,suzuka,grosjean,haas,28,21,7,-4.0,16.0,12.333333333333334,3.6666666666666665
964,16.0,12.0,2016,2016-10-09,05:00:00,suzuka,jolyon_palmer,renault,28,27,18,4.0,16.666666666666668,13.333333333333334,3.3333333333333335
964,13.0,13.0,2016,2016-10-09,05:00:00,suzuka,kvyat,toro_rosso,28,35,20,0.0,13.666666666666666,12.333333333333334,1.3333333333333333
964,17.0,14.0,2016,2016-10-09,05:00:00,suzuka,kevin_magnussen,renault,28,30,18,3.0,17.333333333333332,14.333333333333334,3.0
964,18.0,15.0,2016,2016-10-09,05:00:00,suzuka,ericsson,sauber,28,15,19,3.0,16.666666666666668,15.0,1.6666666666666667
964,15.0,16.0,2016,2016-10-09,05:00:00,suzuka,alonso,mclaren,28,3,13,-1.0,14.333333333333334,9.333333333333334,5.0
964,14.0,17.0,2016,2016-10-09,05:00:00,suzuka,sainz,toro_rosso,28,63,20,-3.0,12.333333333333334,13.333333333333334,-1.0
964,22.0,18.0,2016,2016-10-09,05:00:00,suzuka,button,mclaren,28,11,13,4.0,11.666666666666666,9.666666666666666,2.0
964,19.0,19.0,2016,2016-10-09,05:00:00,suzuka,nasr,sauber,28,48,19,0.0,16.0,15.666666666666666,0.3333333333333333
964,10.0,20.0,2016,2016-10-09,05:00:00,suzuka,gutierrez,haas,28,22,7,-10.0,13.666666666666666,12.0,1.6666666666666667
965,1.0,1.0,2016,2016-10-23,19:00:00,americas,hamilton,mercedes,1,23,14,0.0,2.0,2.6666666666666665,-0.6666666666666666
965,2.0,2.0,2016,2016-10-23,19:00:00,americas,rosberg,mercedes,1,60,14,0.0,1.3333333333333333,1.6666666666666667,-0.3333333333333333
965,3.0,3.0,2016,2016-10-23,19:00:00,americas,ricciardo,red_bull,1,58,17,0.0,3.3333333333333335,3.0,0.3333333333333333
965,6.0,4.0,2016,2016-10-23,19:00:00,americas,vettel,ferrari,1,73,5,2.0,10.333333333333334,4.0,6.333333333333333
965,12.0,5.0,2016,2016-10-23,19:00:00,americas,alonso,mclaren,1,3,13,7.0,15.333333333333334,10.0,5.333333333333333
965,10.0,6.0,2016,2016-10-23,19:00:00,americas,sainz,toro_rosso,1,63,20,4.0,12.0,14.0,-2.0
965,9.0,7.0,2016,2016-10-23,19:00:00,americas,massa,williams,1,42,22,2.0,11.0,11.333333333333334,-0.3333333333333333
965,11.0,8.0,2016,2016-10-23,19:00:00,americas,perez,force_india,1,51,6,3.0,9.666666666666666,7.0,2.6666666666666665
965,19.0,9.0,2016,2016-10-23,19:00:00,americas,button,mclaren,1,11,13,10.0,15.0,13.0,2.0
965,17.0,10.0,2016,2016-10-23,19:00:00,americas,grosjean,haas,1,21,7,7.0,11.666666666666666,11.666666666666666,0.0
965,13.0,11.0,2016,2016-10-23,19:00:00,americas,kvyat,toro_rosso,1,35,20,2.0,11.666666666666666,12.0,-0.3333333333333333
965,18.0,12.0,2016,2016-10-23,19:00:00,americas,kevin_magnussen,renault,1,30,18,6.0,17.666666666666668,13.666666666666666,4.0
965,15.0,13.0,2016,2016-10-23,19:00:00,americas,jolyon_palmer,renault,1,27,18,2.0,17.666666666666668,12.333333333333334,5.333333333333333
965,16.0,14.0,2016,2016-10-23,19:00:00,americas,ericsson,sauber,1,15,19,2.0,16.333333333333332,14.666666666666666,1.6666666666666667
965,21.0,15.0,2016,2016-10-23,19:00:00,americas,nasr,sauber,1,48,19,6.0,17.0,16.333333333333332,0.6666666666666666
965,8.0,16.0,2016,2016-10-23,19:00:00,americas,bottas,williams,1,7,22,-8.0,9.0,7.0,2.0
965,20.0,17.0,2016,2016-10-23,19:00:00,americas,wehrlein,manor,1,75,11,3.0,19.0,16.0,3.0
965,22.0,18.0,2016,2016-10-23,19:00:00,americas,ocon,manor,1,50,11,4.0,21.0,17.333333333333332,3.6666666666666665
966,1.0,1.0,2016,2016-10-30,19:00:00,rodriguez,hamilton,mercedes,22,23,14,0.0,2.0,2.3333333333333335,-0.3333333333333333
966,2.0,2.0,2016,2016-10-30,19:00:00,rodriguez,rosberg,mercedes,22,60,14,0.0,1.6666666666666667,2.0,-0.3333333333333333
966,4.0,3.0,2016,2016-10-30,19:00:00,rodriguez,ricciardo,red_bull,22,58,17,1.0,3.6666666666666665,3.3333333333333335,0.3333333333333333
966,3.0,4.0,2016,2016-10-30,19:00:00,rodriguez,max_verstappen,red_bull,22,43,17,-1.0,3.3333333333333335,3.3333333333333335,0.0
966,7.0,5.0,2016,2016-10-30,19:00:00,rodriguez,vettel,ferrari,22,73,5,2.0,11.333333333333334,4.333333333333333,7.0
966,6.0,6.0,2016,2016-10-30,19:00:00,rodriguez,raikkonen,ferrari,22,56,5,0.0,6.333333333333333,4.333333333333333,2.0
966,5.0,7.0,2016,2016-10-30,19:00:00,rodriguez,hulkenberg,force_india,22,26,6,-2.0,8.666666666666666,8.666666666666666,0.0
966,8.0,8.0,2016,2016-10-30,19:00:00,rodriguez,bottas,williams,22,7,22,0.0,10.0,10.333333333333334,-0.3333333333333333
966,9.0,9.0,2016,2016-10-30,19:00:00,rodriguez,massa,williams,22,42,22,0.0,10.333333333333334,9.666666666666666,0.6666666666666666
966,12.0,10.0,2016,2016-10-30,19:00:00,rodriguez,perez,force_india,22,51,6,2.0,7.666666666666667,7.0,0.6666666666666666
966,15.0,11.0,2016,2016-10-30,19:00:00,rodriguez,ericsson,sauber,22,15,19,4.0,17.0,13.666666666666666,3.3333333333333335
966,13.0,12.0,2016,2016-10-30,19:00:00,rodriguez,button,mclaren,22,11,13,1.0,16.666666666666668,12.0,4.666666666666667
966,11.0,13.0,2016,2016-10-30,19:00:00,rodriguez,alonso,mclaren,22,3,13,-2.0,16.333333333333332,9.333333333333334,7.0
966,21.0,14.0,2016,2016-10-30,19:00:00,rodriguez,jolyon_palmer,renault,22,27,18,7.0,16.666666666666668,11.666666666666666,5.0
966,19.0,15.0,2016,2016-10-30,19:00:00,rodriguez,nasr,sauber,22,48,19,4.0,18.666666666666668,15.666666666666666,3.0
966,10.0,16.0,2016,2016-10-30,19:00:00,rodriguez,sainz,toro_rosso,22,63,20,-6.0,13.333333333333334,11.333333333333334,2.0
966,14.0,17.0,2016,2016-10-30,19:00:00,rodriguez,kevin_magnussen,renault,22,30,18,-3.0,16.666666666666668,12.0,4.666666666666667
966,18.0,18.0,2016,2016-10-30,19:00:00,rodriguez,kvyat,toro_rosso,22,35,20,0.0,13.666666666666666,12.666666666666666,1.0
966,17.0,19.0,2016,2016-10-30,19:00:00,rodriguez,gutierrez,haas,22,22,7,-2.0,11.0,14.666666666666666,-3.6666666666666665
966,22.0,20.0,2016,2016-10-30,19:00:00,rodriguez,grosjean,haas,22,21,7,2.0,13.666666666666666,10.666666666666666,3.0
967,1.0,1.0,2016,2016-11-13,16:00:00,interlagos,hamilton,mercedes,9,23,14,0.0,1.3333333333333333,1.6666666666666667,-0.3333333333333333
967,2.0,2.0,2016,2016-11-13,16:00:00,interlagos,rosberg,mercedes,9,60,14,0.0,1.6666666666666667,1.6666666666666667,0.0
967,4.0,3.0,2016,2016-11-13,16:00:00,interlagos,max_verstappen,red_bull,9,43,17,1.0,3.0,2.6666666666666665,0.3333333333333333
967,9.0,4.0,2016,2016-11-13,16:00:00,interlagos,perez,force_india,9,51,6,5.0,9.333333333333334,8.333333333333334,1.0
967,5.0,5.0,2016,2016-11-13,16:00:00,interlagos,vettel,ferrari,9,73,5,0.0,6.333333333333333,4.333333333333333,2.0
967,15.0,6.0,2016,2016-11-13,16:00:00,interlagos,sainz,toro_rosso,9,63,20,9.0,11.333333333333334,13.0,-1.6666666666666667
967,8.0,7.0,2016,2016-11-13,16:00:00,interlagos,hulkenberg,force_india,9,26,6,1.0,7.333333333333333,7.666666666666667,-0.3333333333333333
967,6.0,8.0,2016,2016-11-13,16:00:00,interlagos,ricciardo,red_bull,9,58,17,-2.0,3.6666666666666665,4.0,-0.3333333333333333
967,21.0,9.0,2016,2016-11-13,16:00:00,interlagos,nasr,sauber,9,48,19,12.0,19.666666666666668,16.333333333333332,3.3333333333333335
967,10.0,10.0,2016,2016-11-13,16:00:00,interlagos,alonso,mclaren,9,3,13,0.0,12.666666666666666,11.333333333333334,1.3333333333333333
967,11.0,11.0,2016,2016-11-13,16:00:00,interlagos,bottas,williams,9,7,22,0.0,9.0,11.333333333333334,-2.3333333333333335
967,22.0,12.0,2016,2016-11-13,16:00:00,interlagos,ocon,manor,9,50,11,10.0,21.0,17.333333333333332,3.6666666666666665
967,14.0,13.0,2016,2016-11-13,16:00:00,interlagos,kvyat,toro_rosso,9,35,20,1.0,14.666666666666666,14.0,0.6666666666666666
967,18.0,14.0,2016,2016-11-13,16:00:00,interlagos,kevin_magnussen,renault,9,30,18,4.0,16.333333333333332,14.333333333333334,2.0
967,19.0,15.0,2016,2016-11-13,16:00:00,interlagos,wehrlein,manor,9,75,11,4.0,20.0,16.0,4.0
967,17.0,16.0,2016,2016-11-13,16:00:00,interlagos,button,mclaren,9,11,13,1.0,18.0,13.0,5.0
968,1.0,1.0,2016,2016-11-27,13:00:00,yas_marina,hamilton,mercedes,32,23,14,0.0,1.0,1.0,0.0
968,2.0,2.0,2016,2016-11-27,13:00:00,yas_marina,rosberg,mercedes,32,60,14,0.0,2.0,2.0,0.0
968,5.0,3.0,2016,2016-11-27,13:00:00,yas_marina,vettel,ferrari,32,73,5,2.0,6.0,4.666666666666667,1.3333333333333333
968,6.0,4.0,2016,2016-11-27,13:00:00,yas_marina,max_verstappen,red_bull,32,43,17,2.0,3.3333333333333335,3.0,0.3333333333333333
968,3.0,5.0,2016,2016-11-27,13:00:00,yas_marina,ricciardo,red_bull,32,58,17,-2.0,4.333333333333333,4.666666666666667,-0.3333333333333333
968,4.0,6.0,2016,2016-11-27,13:00:00,yas_marina,raikkonen,ferrari,32,56,5,-2.0,6.666666666666667,5.0,1.6666666666666667
968,7.0,7.0,2016,2016-11-27,13:00:00,yas_marina,hulkenberg,force_india,32,26,6,0.0,7.333333333333333,7.333333333333333,0.0
968,8.0,8.0,2016,2016-11-27,13:00:00,yas_marina,perez,force_india,32,51,6,0.0,10.666666666666666,7.333333333333333,3.3333333333333335
968,10.0,9.0,2016,2016-11-27,13:00:00,yas_marina,massa,williams,32,42,22,1.0,10.0,8.333333333333334,1.6666666666666667
968,9.0,10.0,2016,2016-11-27,13:00:00,yas_marina,alonso,mclaren,32,3,13,-1.0,11.0,9.333333333333334,1.6666666666666667
968,14.0,11.0,2016,2016-11-27,13:00:00,yas_marina,grosjean,haas,32,21,7,3.0,15.333333333333334,13.666666666666666,1.6666666666666667
968,13.0,12.0,2016,2016-11-27,13:00:00,yas_marina,gutierrez,haas,32,22,7,1.0,13.333333333333334,16.666666666666668,-3.3333333333333335
968,20.0,13.0,2016,2016-11-27,13:00:00,yas_marina,ocon,manor,32,50,11,7.0,21.333333333333332,15.333333333333334,6.0
968,16.0,14.0,2016,2016-11-27,13:00:00,yas_marina,wehrlein,manor,32,75,11,2.0,20.0,15.666666666666666,4.333333333333333
968,22.0,15.0,2016,2016-11-27,13:00:00,yas_marina,ericsson,sauber,32,15,19,7.0,16.333333333333332,13.333333333333334,3.0
968,19.0,16.0,2016,2016-11-27,13:00:00,yas_marina,nasr,sauber,32,48,19,3.0,20.333333333333332,13.0,7.333333333333333
968,15.0,17.0,2016,2016-11-27,13:00:00,yas_marina,jolyon_palmer,renault,32,27,18,-2.0,17.333333333333332,13.0,4.333333333333333
969,2.0,1.0,2017,2017-03-26,05:00:00,albert_park,vettel,ferrari,0,73,5,1.0,5.666666666666667,4.333333333333333,1.3333333333333333
969,1.0,2.0,2017,2017-03-26,05:00:00,albert_park,hamilton,mercedes,0,23,14,-1.0,1.0,1.0,0.0
969,3.0,3.0,2017,2017-03-26,05:00:00,albert_park,bottas,mercedes,0,7,14,0.0,9.0,11.666666666666666,-2.6666666666666665
969,4.0,4.0,2017,2017-03-26,05:00:00,albert_park,raikkonen,ferrari,0,56,5,0.0,6.0,5.666666666666667,0.3333333333333333
969,5.0,5.0,2017,2017-03-26,05:00:00,albert_park,max_verstappen,red_bull,0,43,17,0.0,4.333333333333333,3.6666666666666665,0.6666666666666666
969,7.0,6.0,2017,2017-03-26,05:00:00,albert_park,massa,williams,0,42,22,1.0,9.333333333333334,8.333333333333334,1.0
969,10.0,7.0,2017,2017-03-26,05:00:00,albert_park,perez,force_india,0,51,6,3.0,9.666666666666666,7.333333333333333,2.3333333333333335
969,8.0,8.0,2017,2017-03-26,05:00:00,albert_park,sainz,toro_rosso,0,63,20,0.0,11.666666666666666,9.333333333333334,2.3333333333333335
969,9.0,9.0,2017,2017-03-26,05:00:00,albert_park,kvyat,toro_rosso,0,35,20,0.0,15.0,14.0,1.0
969,13.0,10.0,2017,2017-03-26,05:00:00,albert_park,ocon,force_india,0,50,6,3.0,21.333333333333332,14.333333333333334,7.0
969,11.0,11.0,2017,2017-03-26,05:00:00,albert_park,hulkenberg,renault,0,26,18,0.0,6.666666666666667,7.0,-0.3333333333333333
969,16.0,12.0,2017,2017-03-26,05:00:00,albert_park,giovinazzi,sauber,0,18,19,4.0,,,
969,18.0,13.0,2017,2017-03-26,05:00:00,albert_park,vandoorne,mclaren,0,71,13,5.0,,,
970,1.0,1.0,2017,2017-04-09,06:00:00,shanghai,hamilton,mercedes,24,23,14,0.0,1.0,1.3333333333333333,-0.3333333333333333
970,2.0,2.0,2017,2017-04-09,06:00:00,shanghai,vettel,ferrari,24,73,5,0.0,4.0,3.0,1.0
970,16.0,3.0,2017,2017-04-09,06:00:00,shanghai,max_verstappen,red_bull,24,43,17,13.0,5.0,4.0,1.0
970,5.0,4.0,2017,2017-04-09,06:00:00,shanghai,ricciardo,red_bull,24,58,17,1.0,4.333333333333333,5.333333333333333,-1.0
970,4.0,5.0,2017,2017-04-09,06:00:00,shanghai,raikkonen,ferrari,24,56,5,-1.0,4.666666666666667,5.333333333333333,-0.6666666666666666
970,3.0,6.0,2017,2017-04-09,06:00:00,shanghai,bottas,mercedes,24,7,14,-3.0,7.333333333333333,7.333333333333333,0.0
970,11.0,7.0,2017,2017-04-09,06:00:00,shanghai,sainz,toro_rosso,24,63,20,4.0,11.0,10.0,1.0
970,12.0,8.0,2017,2017-04-09,06:00:00,shanghai,kevin_magnussen,haas,24,30,7,4.0,16.666666666666668,14.333333333333334,2.3333333333333335
970,8.0,9.0,2017,2017-04-09,06:00:00,shanghai,perez,force_india,24,51,6,-1.0,9.0,6.333333333333333,2.6666666666666665
970,17.0,10.0,2017,2017-04-09,06:00:00,shanghai,ocon,force_india,24,50,6,7.0,18.333333333333332,11.666666666666666,6.666666666666667
970,19.0,11.0,2017,2017-04-09,06:00:00,shanghai,grosjean,haas,24,21,7,8.0,17.666666666666668,13.666666666666666,4.0
970,7.0,12.0,2017,2017-04-09,06:00:00,shanghai,hulkenberg,renault,24,26,18,-5.0,8.666666666666666,8.333333333333334,0.3333333333333333
970,20.0,13.0,2017,2017-04-09,06:00:00,shanghai,jolyon_palmer,renault,24,27,18,7.0,17.0,14.666666666666666,2.3333333333333335
970,6.0,14.0,2017,2017-04-09,06:00:00,shanghai,massa,williams,24,42,22,-8.0,8.666666666666666,8.0,0.6666666666666666
970,14.0,15.0,2017,2017-04-09,06:00:00,shanghai,ericsson,sauber,24,15,19,-1.0,17.666666666666668,13.333333333333334,4.333333333333333
971,3.0,1.0,2017,2017-04-16,15:00:00,bahrain,vettel,ferrari,2,73,5,2.0,3.0,2.0,1.0
971,2.0,2.0,2017,2017-04-16,15:00:00,bahrain,hamilton,mercedes,2,23,14,0.0,1.0,1.3333333333333333,-0.3333333333333333
971,1.0,3.0,2017,2017-04-16,15:00:00,bahrain,bottas,mercedes,2,7,14,-2.0,5.666666666666667,6.666666666666667,-1.0
971,5.0,4.0,2017,2017-04-16,15:00:00,bahrain,raikkonen,ferrari,2,56,5,1.0,4.0,5.0,-1.0
971,4.0,5.0,2017,2017-04-16,15:00:00,bahrain,ricciardo,red_bull,2,58,17,-1.0,4.666666666666667,5.666666666666667,-1.0
971,8.0,6.0,2017,2017-04-16,15:00:00,bahrain,massa,williams,2,42,22,2.0,7.666666666666667,9.666666666666666,-2.0
971,18.0,7.0,2017,2017-04-16,15:00:00,bahrain,perez,force_india,2,51,6,11.0,8.666666666666666,8.0,0.6666666666666666
971,9.0,8.0,2017,2017-04-16,15:00:00,bahrain,grosjean,haas,2,21,7,1.0,18.333333333333332,14.0,4.333333333333333
971,7.0,9.0,2017,2017-04-16,15:00:00,bahrain,hulkenberg,renault,2,26,18,-2.0,8.333333333333334,10.0,-1.6666666666666667
971,14.0,10.0,2017,2017-04-16,15:00:00,bahrain,ocon,force_india,2,50,6,4.0,16.666666666666668,11.0,5.666666666666667
971,13.0,11.0,2017,2017-04-16,15:00:00,bahrain,wehrlein,sauber,2,75,19,2.0,18.333333333333332,15.333333333333334,3.0
971,11.0,12.0,2017,2017-04-16,15:00:00,bahrain,kvyat,toro_rosso,2,35,20,-1.0,13.666666666666666,13.333333333333334,0.3333333333333333
971,10.0,13.0,2017,2017-04-16,15:00:00,bahrain,jolyon_palmer,renault,2,27,18,-3.0,18.666666666666668,14.666666666666666,4.0
971,15.0,14.0,2017,2017-04-16,15:00:00,bahrain,alonso,mclaren,2,3,13,1.0,10.0,11.0,-1.0
972,3.0,1.0,2017,2017-04-30,12:00:00,sochi,bottas,mercedes,26,7,14,2.0,2.3333333333333335,4.0,-1.6666666666666667
972,1.0,2.0,2017,2017-04-30,12:00:00,sochi,vettel,ferrari,26,73,5,-1.0,2.3333333333333335,1.3333333333333333,1.0
972,2.0,3.0,2017,2017-04-30,12:00:00,sochi,raikkonen,ferrari,26,56,5,-1.0,4.333333333333333,4.333333333333333,0.0
972,4.0,4.0,2017,2017-04-30,12:00:00,sochi,hamilton,mercedes,26,23,14,0.0,1.3333333333333333,1.6666666666666667,-0.3333333333333333
972,7.0,5.0,2017,2017-04-30,12:00:00,sochi,max_verstappen,red_bull,26,43,17,2.0,9.0,4.0,5.0
972,9.0,6.0,2017,2017-04-30,12:00:00,sochi,perez,force_india,26,51,6,3.0,12.0,7.666666666666667,4.333333333333333
972,10.0,7.0,2017,2017-04-30,12:00:00,sochi,ocon,force_india,26,50,6,3.0,14.666666666666666,10.0,4.666666666666667
972,8.0,8.0,2017,2017-04-30,12:00:00,sochi,hulkenberg,renault,26,26,18,0.0,8.333333333333334,10.666666666666666,-2.3333333333333335
972,6.0,9.0,2017,2017-04-30,12:00:00,sochi,massa,williams,26,42,22,-3.0,7.0,8.666666666666666,-1.6666666666666667
972,14.0,10.0,2017,2017-04-30,12:00:00,sochi,sainz,toro_rosso,26,63,20,4.0,11.333333333333334,7.0,4.333333333333333
972,11.0,11.0,2017,2017-04-30,12:00:00,sochi,stroll,williams,26,67,22,0.0,,,
972,12.0,12.0,2017,2017-04-30,12:00:00,sochi,kvyat,toro_rosso,26,35,20,0.0,11.333333333333334,11.333333333333334,0.0
972,13.0,13.0,2017,2017-04-30,12:00:00,sochi,kevin_magnussen,haas,26,30,7,0.0,14.666666666666666,13.0,1.6666666666666667
972,20.0,14.0,2017,2017-04-30,12:00:00,sochi,vandoorne,mclaren,26,71,13,6.0,,,
972,18.0,15.0,2017,2017-04-30,12:00:00,sochi,ericsson,sauber,26,15,19,3.0,17.0,13.666666666666666,3.3333333333333335
972,17.0,16.0,2017,2017-04-30,12:00:00,sochi,wehrlein,sauber,26,75,19,1.0,16.0,13.333333333333334,2.6666666666666665
973,1.0,1.0,2017,2017-05-14,12:00:00,catalunya,hamilton,mercedes,5,23,14,0.0,2.3333333333333335,2.3333333333333335,0.0
973,2.0,2.0,2017,2017-05-14,12:00:00,catalunya,vettel,ferrari,5,73,5,0.0,2.0,1.6666666666666667,0.3333333333333333
973,6.0,3.0,2017,2017-05-14,12:00:00,catalunya,ricciardo,red_bull,5,58,17,3.0,4.0,4.666666666666667,-0.6666666666666666
973,8.0,4.0,2017,2017-05-14,12:00:00,catalunya,perez,force_india,5,51,6,4.0,11.666666666666666,7.333333333333333,4.333333333333333
973,10.0,5.0,2017,2017-05-14,12:00:00,catalunya,ocon,force_india,5,50,6,5.0,13.666666666666666,9.0,4.666666666666667
973,13.0,6.0,2017,2017-05-14,12:00:00,catalunya,hulkenberg,renault,5,26,18,7.0,7.333333333333333,9.666666666666666,-2.3333333333333335
973,12.0,7.0,2017,2017-05-14,12:00:00,catalunya,sainz,toro_rosso,5,63,20,5.0,11.0,8.333333333333334,2.6666666666666665
973,15.0,8.0,2017,2017-05-14,12:00:00,catalunya,wehrlein,sauber,5,75,19,7.0,15.333333333333334,13.666666666666666,1.6666666666666667
973,19.0,9.0,2017,2017-05-14,12:00:00,catalunya,kvyat,toro_rosso,5,35,20,10.0,10.666666666666666,11.0,-0.3333333333333333
973,14.0,10.0,2017,2017-05-14,12:00:00,catalunya,grosjean,haas,5,21,7,4.0,14.0,10.0,4.0
973,16.0,11.0,2017,2017-05-14,12:00:00,catalunya,ericsson,sauber,5,15,19,5.0,18.0,15.0,3.0
973,7.0,12.0,2017,2017-05-14,12:00:00,catalunya,alonso,mclaren,5,3,13,-5.0,11.333333333333334,11.333333333333334,0.0
973,9.0,13.0,2017,2017-05-14,12:00:00,catalunya,massa,williams,5,42,22,-4.0,6.666666666666667,9.666666666666666,-3.0
973,11.0,14.0,2017,2017-05-14,12:00:00,catalunya,kevin_magnussen,haas,5,30,7,-3.0,14.333333333333334,11.666666666666666,2.6666666666666665
973,17.0,15.0,2017,2017-05-14,12:00:00,catalunya,jolyon_palmer,renault,5,27,18,2.0,15.0,14.333333333333334,0.6666666666666666
973,18.0,16.0,2017,2017-05-14,12:00:00,catalunya,stroll,williams,5,67,22,2.0,,,
974,2.0,1.0,2017,2017-05-28,12:00:00,monaco,vettel,ferrari,15,73,5,1.0,2.0,1.6666666666666667,0.3333333333333333
974,1.0,2.0,2017,2017-05-28,12:00:00,monaco,raikkonen,ferrari,15,56,5,-1.0,3.6666666666666665,4.0,-0.3333333333333333
974,5.0,3.0,2017,2017-05-28,12:00:00,monaco,ricciardo,red_bull,15,58,17,2.0,5.0,4.0,1.0
974,3.0,4.0,2017,2017-05-28,12:00:00,monaco,bottas,mercedes,15,7,14,-1.0,2.3333333333333335,3.3333333333333335,-1.0
974,4.0,5.0,2017,2017-05-28,12:00:00,monaco,max_verstappen,red_bull,15,43,17,-1.0,9.333333333333334,4.333333333333333,5.0
974,6.0,6.0,2017,2017-05-28,12:00:00,monaco,sainz,toro_rosso,15,63,20,0.0,12.333333333333334,8.0,4.333333333333333
974,13.0,7.0,2017,2017-05-28,12:00:00,monaco,hamilton,mercedes,15,23,14,6.0,2.3333333333333335,2.3333333333333335,0.0
974,8.0,8.0,2017,2017-05-28,12:00:00,monaco,grosjean,haas,15,21,7,0.0,14.0,9.666666666666666,4.333333333333333
974,14.0,9.0,2017,2017-05-28,12:00:00,monaco,massa,williams,15,42,22,5.0,7.666666666666667,9.333333333333334,-1.6666666666666667
974,11.0,10.0,2017,2017-05-28,12:00:00,monaco,kevin_magnussen,haas,15,30,7,1.0,12.0,11.666666666666666,0.3333333333333333
974,16.0,11.0,2017,2017-05-28,12:00:00,monaco,jolyon_palmer,renault,15,27,18,5.0,15.666666666666666,13.666666666666666,2.0
974,15.0,12.0,2017,2017-05-28,12:00:00,monaco,ocon,force_india,15,50,6,3.0,11.333333333333334,7.333333333333333,4.0
974,7.0,13.0,2017,2017-05-28,12:00:00,monaco,perez,force_india,15,51,6,-6.0,11.666666666666666,5.666666666666667,6.0
974,9.0,14.0,2017,2017-05-28,12:00:00,monaco,kvyat,toro_rosso,15,35,20,-5.0,14.0,11.0,3.0
974,17.0,15.0,2017,2017-05-28,12:00:00,monaco,stroll,williams,15,67,22,2.0,,,
975,1.0,1.0,2017,2017-06-11,18:00:00,villeneuve,hamilton,mercedes,31,23,14,0.0,6.0,4.0,2.0
975,3.0,2.0,2017,2017-06-11,18:00:00,villeneuve,bottas,mercedes,31,7,14,1.0,2.3333333333333335,2.6666666666666665,-0.3333333333333333
975,6.0,3.0,2017,2017-06-11,18:00:00,villeneuve,ricciardo,red_bull,31,58,17,3.0,5.0,3.6666666666666665,1.3333333333333333
975,2.0,4.0,2017,2017-06-11,18:00:00,villeneuve,vettel,ferrari,31,73,5,-2.0,1.6666666666666667,1.6666666666666667,0.0
975,8.0,5.0,2017,2017-06-11,18:00:00,villeneuve,perez,force_india,31,51,6,3.0,8.0,7.666666666666667,0.3333333333333333
975,9.0,6.0,2017,2017-06-11,18:00:00,villeneuve,ocon,force_india,31,50,6,3.0,11.666666666666666,8.0,3.6666666666666665
975,4.0,7.0,2017,2017-06-11,18:00:00,villeneuve,raikkonen,ferrari,31,56,5,-3.0,2.6666666666666665,3.0,-0.3333333333333333
975,10.0,8.0,2017,2017-06-11,18:00:00,villeneuve,hulkenberg,renault,31,26,18,2.0,9.333333333333334,7.666666666666667,1.6666666666666667
975,17.0,9.0,2017,2017-06-11,18:00:00,villeneuve,stroll,williams,31,67,22,8.0,15.333333333333334,14.0,1.3333333333333333
975,14.0,10.0,2017,2017-06-11,18:00:00,villeneuve,grosjean,haas,31,21,7,4.0,10.333333333333334,8.666666666666666,1.6666666666666667
975,15.0,11.0,2017,2017-06-11,18:00:00,villeneuve,jolyon_palmer,renault,31,27,18,4.0,14.333333333333334,13.0,1.3333333333333333
975,18.0,12.0,2017,2017-06-11,18:00:00,villeneuve,kevin_magnussen,haas,31,30,7,6.0,11.666666666666666,12.333333333333334,-0.6666666666666666
975,19.0,13.0,2017,2017-06-11,18:00:00,villeneuve,ericsson,sauber,31,15,19,6.0,16.0,13.666666666666666,2.3333333333333335
975,16.0,14.0,2017,2017-06-11,18:00:00,villeneuve,vandoorne,mclaren,31,71,13,2.0,16.666666666666668,12.333333333333334,4.333333333333333
975,20.0,15.0,2017,2017-06-11,18:00:00,villeneuve,wehrlein,sauber,31,75,19,5.0,15.0,11.666666666666666,3.3333333333333335
975,12.0,16.0,2017,2017-06-11,18:00:00,villeneuve,alonso,mclaren,31,3,13,-4.0,10.333333333333334,12.0,-1.6666666666666667
976,10.0,1.0,2017,2017-06-25,13:00:00,baku,ricciardo,red_bull,3,58,17,9.0,5.666666666666667,3.0,2.6666666666666665
976,2.0,2.0,2017,2017-06-25,13:00:00,baku,bottas,mercedes,3,7,14,0.0,3.0,2.3333333333333335,0.6666666666666666
976,8.0,3.0,2017,2017-06-25,13:00:00,baku,stroll,williams,3,67,22,5.0,17.333333333333332,13.333333333333334,4.0
976,4.0,4.0,2017,2017-06-25,13:00:00,baku,vettel,ferrari,3,73,5,0.0,2.0,2.3333333333333335,-0.3333333333333333
976,1.0,5.0,2017,2017-06-25,13:00:00,baku,hamilton,mercedes,3,23,14,-4.0,5.0,3.0,2.0
976,7.0,6.0,2017,2017-06-25,13:00:00,baku,ocon,force_india,3,50,6,1.0,11.333333333333334,7.666666666666667,3.6666666666666665
976,12.0,7.0,2017,2017-06-25,13:00:00,baku,kevin_magnussen,haas,3,30,7,5.0,13.333333333333334,12.0,1.3333333333333333
976,15.0,8.0,2017,2017-06-25,13:00:00,baku,sainz,toro_rosso,3,63,20,7.0,10.666666666666666,7.666666666666667,3.0
976,19.0,9.0,2017,2017-06-25,13:00:00,baku,alonso,mclaren,3,3,13,10.0,11.333333333333334,14.0,-2.6666666666666665
976,14.0,10.0,2017,2017-06-25,13:00:00,baku,wehrlein,sauber,3,75,19,4.0,17.333333333333332,13.0,4.333333333333333
976,17.0,11.0,2017,2017-06-25,13:00:00,baku,ericsson,sauber,3,15,19,6.0,17.666666666666668,13.0,4.666666666666667
976,18.0,12.0,2017,2017-06-25,13:00:00,baku,vandoorne,mclaren,3,71,13,6.0,18.0,13.666666666666666,4.333333333333333
976,16.0,13.0,2017,2017-06-25,13:00:00,baku,grosjean,haas,3,21,7,3.0,12.0,9.333333333333334,2.6666666666666665
976,3.0,14.0,2017,2017-06-25,13:00:00,baku,raikkonen,ferrari,3,56,5,-11.0,2.3333333333333335,4.0,-1.6666666666666667
977,1.0,1.0,2017,2017-07-09,12:00:00,red_bull_ring,bottas,mercedes,20,7,14,0.0,2.6666666666666665,2.6666666666666665,0.0
977,2.0,2.0,2017,2017-07-09,12:00:00,red_bull_ring,vettel,ferrari,20,73,5,0.0,2.6666666666666665,3.0,-0.3333333333333333
977,4.0,3.0,2017,2017-07-09,12:00:00,red_bull_ring,ricciardo,red_bull,20,58,17,1.0,7.0,2.3333333333333335,4.666666666666667
977,8.0,4.0,2017,2017-07-09,12:00:00,red_bull_ring,hamilton,mercedes,20,23,14,4.0,5.0,4.333333333333333,0.6666666666666666
977,3.0,5.0,2017,2017-07-09,12:00:00,red_bull_ring,raikkonen,ferrari,20,56,5,-2.0,2.6666666666666665,7.666666666666667,-5.0
977,6.0,6.0,2017,2017-07-09,12:00:00,red_bull_ring,grosjean,haas,20,21,7,0.0,12.666666666666666,10.333333333333334,2.3333333333333335
977,7.0,7.0,2017,2017-07-09,12:00:00,red_bull_ring,perez,force_india,20,51,6,0.0,7.666666666666667,7.333333333333333,0.3333333333333333
977,9.0,8.0,2017,2017-07-09,12:00:00,red_bull_ring,ocon,force_india,20,50,6,1.0,10.333333333333334,8.0,2.3333333333333335
977,17.0,9.0,2017,2017-07-09,12:00:00,red_bull_ring,massa,williams,20,42,22,8.0,9.666666666666666,10.333333333333334,-0.6666666666666666
977,18.0,10.0,2017,2017-07-09,12:00:00,red_bull_ring,stroll,williams,20,67,22,8.0,14.0,9.0,5.0
977,16.0,11.0,2017,2017-07-09,12:00:00,red_bull_ring,jolyon_palmer,renault,20,27,18,5.0,16.0,12.333333333333334,3.6666666666666665
977,13.0,12.0,2017,2017-07-09,12:00:00,red_bull_ring,vandoorne,mclaren,20,71,13,1.0,18.0,13.333333333333334,4.666666666666667
977,11.0,13.0,2017,2017-07-09,12:00:00,red_bull_ring,hulkenberg,renault,20,26,18,-2.0,10.333333333333334,7.333333333333333,3.0
977,20.0,14.0,2017,2017-07-09,12:00:00,red_bull_ring,wehrlein,sauber,20,75,19,6.0,16.333333333333332,11.0,5.333333333333333
977,19.0,15.0,2017,2017-07-09,12:00:00,red_bull_ring,ericsson,sauber,20,15,19,4.0,17.333333333333332,11.666666666666666,5.666666666666667
977,14.0,16.0,2017,2017-07-09,12:00:00,red_bull_ring,kvyat,toro_rosso,20,35,20,-2.0,13.333333333333334,11.666666666666666,1.6666666666666667
978,1.0,1.0,2017,2017-07-16,12:00:00,silverstone,hamilton,mercedes,25,23,14,0.0,3.3333333333333335,3.3333333333333335,0.0
978,9.0,2.0,2017,2017-07-16,12:00:00,silverstone,bottas,mercedes,25,7,14,7.0,2.0,1.6666666666666667,0.3333333333333333
978,2.0,3.0,2017,2017-07-16,12:00:00,silverstone,raikkonen,ferrari,25,56,5,-1.0,3.3333333333333335,8.666666666666666,-5.333333333333333
978,4.0,4.0,2017,2017-07-16,12:00:00,silverstone,max_verstappen,red_bull,25,43,17,0.0,9.0,4.333333333333333,4.666666666666667
978,19.0,5.0,2017,2017-07-16,12:00:00,silverstone,ricciardo,red_bull,25,58,17,14.0,6.666666666666667,2.3333333333333335,4.333333333333333
978,5.0,6.0,2017,2017-07-16,12:00:00,silverstone,hulkenberg,renault,25,26,18,-1.0,11.333333333333334,9.0,2.3333333333333335
978,3.0,7.0,2017,2017-07-16,12:00:00,silverstone,vettel,ferrari,25,73,5,-4.0,2.6666666666666665,3.3333333333333335,-0.6666666666666666
978,7.0,8.0,2017,2017-07-16,12:00:00,silverstone,ocon,force_india,25,50,6,-1.0,8.333333333333334,6.666666666666667,1.6666666666666667
978,6.0,9.0,2017,2017-07-16,12:00:00,silverstone,perez,force_india,25,51,6,-3.0,7.333333333333333,8.333333333333334,-1.0
978,14.0,10.0,2017,2017-07-16,12:00:00,silverstone,massa,williams,25,42,22,4.0,13.333333333333334,10.333333333333334,3.0
978,8.0,11.0,2017,2017-07-16,12:00:00,silverstone,vandoorne,mclaren,25,71,13,-3.0,15.666666666666666,12.666666666666666,3.0
978,16.0,12.0,2017,2017-07-16,12:00:00,silverstone,kevin_magnussen,haas,25,30,7,4.0,13.666666666666666,9.666666666666666,4.0
978,10.0,13.0,2017,2017-07-16,12:00:00,silverstone,grosjean,haas,25,21,7,-3.0,12.0,9.666666666666666,2.3333333333333335
978,18.0,14.0,2017,2017-07-16,12:00:00,silverstone,ericsson,sauber,25,15,19,4.0,18.333333333333332,13.0,5.333333333333333
978,12.0,15.0,2017,2017-07-16,12:00:00,silverstone,kvyat,toro_rosso,25,35,20,-3.0,14.0,13.0,1.0
978,15.0,16.0,2017,2017-07-16,12:00:00,silverstone,stroll,williams,25,67,22,-1.0,14.333333333333334,7.333333333333333,7.0
978,17.0,17.0,2017,2017-07-16,12:00:00,silverstone,wehrlein,sauber,25,75,19,0.0,18.0,13.0,5.0
979,1.0,1.0,2017,2017-07-30,12:00:00,hungaroring,vettel,ferrari,7,73,5,0.0,3.0,4.333333333333333,-1.3333333333333333
979,2.0,2.0,2017,2017-07-30,12:00:00,hungaroring,raikkonen,ferrari,7,56,5,0.0,2.6666666666666665,7.333333333333333,-4.666666666666667
979,3.0,3.0,2017,2017-07-30,12:00:00,hungaroring,bottas,mercedes,7,7,14,0.0,4.0,1.6666666666666667,2.3333333333333335
979,4.0,4.0,2017,2017-07-30,12:00:00,hungaroring,hamilton,mercedes,7,23,14,0.0,3.3333333333333335,3.3333333333333335,0.0
979,5.0,5.0,2017,2017-07-30,12:00:00,hungaroring,max_verstappen,red_bull,7,43,17,0.0,5.0,4.666666666666667,0.3333333333333333
979,7.0,6.0,2017,2017-07-30,12:00:00,hungaroring,alonso,mclaren,7,3,13,1.0,12.666666666666666,12.333333333333334,0.3333333333333333
979,9.0,7.0,2017,2017-07-30,12:00:00,hungaroring,sainz,toro_rosso,7,63,20,2.0,11.0,7.0,4.0
979,13.0,8.0,2017,2017-07-30,12:00:00,hungaroring,perez,force_india,7,51,6,5.0,7.0,7.0,0.0
979,11.0,9.0,2017,2017-07-30,12:00:00,hungaroring,ocon,force_india,7,50,6,2.0,7.666666666666667,7.333333333333333,0.3333333333333333
979,8.0,10.0,2017,2017-07-30,12:00:00,hungaroring,vandoorne,mclaren,7,71,13,-2.0,13.0,11.666666666666666,1.3333333333333333
979,16.0,11.0,2017,2017-07-30,12:00:00,hungaroring,kvyat,toro_rosso,7,35,20,5.0,11.666666666666666,15.0,-3.3333333333333335
979,10.0,12.0,2017,2017-07-30,12:00:00,hungaroring,jolyon_palmer,renault,7,27,18,-2.0,15.666666666666666,11.0,4.666666666666667
979,15.0,13.0,2017,2017-07-30,12:00:00,hungaroring,kevin_magnussen,haas,7,30,7,2.0,15.333333333333334,10.333333333333334,5.0
979,17.0,14.0,2017,2017-07-30,12:00:00,hungaroring,stroll,williams,7,67,22,3.0,13.666666666666666,9.666666666666666,4.0
979,18.0,15.0,2017,2017-07-30,12:00:00,hungaroring,wehrlein,sauber,7,75,19,3.0,17.0,13.666666666666666,3.3333333333333335
979,20.0,16.0,2017,2017-07-30,12:00:00,hungaroring,ericsson,sauber,7,15,19,4.0,18.0,13.333333333333334,4.666666666666667
979,12.0,17.0,2017,2017-07-30,12:00:00,hungaroring,hulkenberg,renault,7,26,18,-5.0,8.666666666666666,9.0,-0.3333333333333333
980,1.0,1.0,2017,2017-08-27,12:00:00,spa,hamilton,mercedes,27,23,14,0.0,4.333333333333333,3.0,1.3333333333333333
980,2.0,2.0,2017,2017-08-27,12:00:00,spa,vettel,ferrari,27,73,5,0.0,2.0,3.3333333333333335,-1.3333333333333333
980,6.0,3.0,2017,2017-08-27,12:00:00,spa,ricciardo,red_bull,27,58,17,3.0,11.0,3.0,8.0
980,4.0,4.0,2017,2017-08-27,12:00:00,spa,raikkonen,ferrari,27,56,5,0.0,2.3333333333333335,3.3333333333333335,-1.0
980,3.0,5.0,2017,2017-08-27,12:00:00,spa,bottas,mercedes,27,7,14,-2.0,4.333333333333333,2.0,2.3333333333333335
980,7.0,6.0,2017,2017-08-27,12:00:00,spa,hulkenberg,renault,27,26,18,1.0,9.333333333333334,12.0,-2.6666666666666665
980,11.0,7.0,2017,2017-08-27,12:00:00,spa,grosjean,haas,27,21,7,4.0,10.666666666666666,10.666666666666666,0.0
980,16.0,8.0,2017,2017-08-27,12:00:00,spa,massa,williams,27,42,22,8.0,15.0,9.333333333333334,5.666666666666667
980,9.0,9.0,2017,2017-08-27,12:00:00,spa,ocon,force_india,27,50,6,0.0,9.0,8.333333333333334,0.6666666666666666
980,13.0,10.0,2017,2017-08-27,12:00:00,spa,sainz,toro_rosso,27,63,20,3.0,10.0,7.0,3.0
980,15.0,11.0,2017,2017-08-27,12:00:00,spa,stroll,williams,27,67,22,4.0,16.666666666666668,13.333333333333334,3.3333333333333335
980,19.0,12.0,2017,2017-08-27,12:00:00,spa,kvyat,toro_rosso,27,35,20,7.0,14.0,14.0,0.0
980,14.0,13.0,2017,2017-08-27,12:00:00,spa,jolyon_palmer,renault,27,27,18,1.0,13.666666666666666,11.333333333333334,2.3333333333333335
980,20.0,14.0,2017,2017-08-27,12:00:00,spa,vandoorne,mclaren,27,71,13,6.0,9.666666666666666,11.0,-1.3333333333333333
980,12.0,15.0,2017,2017-08-27,12:00:00,spa,kevin_magnussen,haas,27,30,7,-3.0,14.333333333333334,10.666666666666666,3.6666666666666665
980,17.0,16.0,2017,2017-08-27,12:00:00,spa,ericsson,sauber,27,15,19,1.0,19.0,15.0,4.0
980,8.0,17.0,2017,2017-08-27,12:00:00,spa,perez,force_india,27,51,6,-9.0,8.666666666666666,8.0,0.6666666666666666
981,1.0,1.0,2017,2017-09-03,12:00:00,monza,hamilton,mercedes,16,23,14,0.0,2.0,2.0,0.0
981,4.0,2.0,2017,2017-09-03,12:00:00,monza,bottas,mercedes,16,7,14,2.0,5.0,3.3333333333333335,1.6666666666666667
981,6.0,3.0,2017,2017-09-03,12:00:00,monza,vettel,ferrari,16,73,5,3.0,2.0,3.3333333333333335,-1.3333333333333333
981,16.0,4.0,2017,2017-09-03,12:00:00,monza,ricciardo,red_bull,16,58,17,12.0,9.666666666666666,3.6666666666666665,6.0
981,5.0,5.0,2017,2017-09-03,12:00:00,monza,raikkonen,ferrari,16,56,5,0.0,2.6666666666666665,3.0,-0.3333333333333333
981,3.0,6.0,2017,2017-09-03,12:00:00,monza,ocon,force_india,16,50,6,-3.0,9.0,8.666666666666666,0.3333333333333333
981,2.0,7.0,2017,2017-09-03,12:00:00,monza,stroll,williams,16,67,22,-5.0,15.666666666666666,13.666666666666666,2.0
981,7.0,8.0,2017,2017-09-03,12:00:00,monza,massa,williams,16,42,22,-1.0,15.666666666666666,9.0,6.666666666666667
981,10.0,9.0,2017,2017-09-03,12:00:00,monza,perez,force_india,16,51,6,1.0,9.0,11.333333333333334,-2.3333333333333335
981,13.0,10.0,2017,2017-09-03,12:00:00,monza,max_verstappen,red_bull,16,43,17,3.0,4.333333333333333,4.666666666666667,-0.3333333333333333
981,9.0,11.0,2017,2017-09-03,12:00:00,monza,kevin_magnussen,haas,16,30,7,-2.0,14.333333333333334,13.333333333333334,1.0
981,8.0,12.0,2017,2017-09-03,12:00:00,monza,kvyat,toro_rosso,16,35,20,-4.0,15.666666666666666,12.666666666666666,3.0
981,14.0,13.0,2017,2017-09-03,12:00:00,monza,hulkenberg,renault,16,26,18,1.0,8.0,9.666666666666666,-1.6666666666666667
981,15.0,14.0,2017,2017-09-03,12:00:00,monza,sainz,toro_rosso,16,63,20,1.0,12.333333333333334,8.333333333333334,4.0
981,20.0,15.0,2017,2017-09-03,12:00:00,monza,grosjean,haas,16,21,7,5.0,9.0,8.666666666666666,0.3333333333333333
981,12.0,16.0,2017,2017-09-03,12:00:00,monza,wehrlein,sauber,16,75,19,-4.0,18.333333333333332,15.333333333333334,3.0
981,19.0,17.0,2017,2017-09-03,12:00:00,monza,alonso,mclaren,16,3,13,2.0,12.666666666666666,10.333333333333334,2.3333333333333335
981,11.0,18.0,2017,2017-09-03,12:00:00,monza,ericsson,sauber,16,15,19,-7.0,18.333333333333332,15.333333333333334,3.0
982,5.0,1.0,2017,2017-09-17,12:00:00,marina_bay,hamilton,mercedes,13,23,14,4.0,2.0,2.0,0.0
982,3.0,2.0,2017,2017-09-17,12:00:00,marina_bay,ricciardo,red_bull,13,58,17,1.0,13.666666666666666,4.0,9.666666666666666
982,6.0,3.0,2017,2017-09-17,12:00:00,marina_bay,bottas,mercedes,13,7,14,3.0,3.3333333333333335,3.3333333333333335,0.0
982,10.0,4.0,2017,2017-09-17,12:00:00,marina_bay,sainz,toro_rosso,13,63,20,6.0,12.333333333333334,10.333333333333334,2.0
982,12.0,5.0,2017,2017-09-17,12:00:00,marina_bay,perez,force_india,13,51,6,7.0,10.333333333333334,11.333333333333334,-1.0
982,11.0,6.0,2017,2017-09-17,12:00:00,marina_bay,jolyon_palmer,renault,13,27,18,5.0,13.333333333333334,12.0,1.3333333333333333
982,9.0,7.0,2017,2017-09-17,12:00:00,marina_bay,vandoorne,mclaren,13,71,13,2.0,12.0,11.666666666666666,0.3333333333333333
982,18.0,8.0,2017,2017-09-17,12:00:00,marina_bay,stroll,williams,13,67,22,10.0,11.333333333333334,10.666666666666666,0.6666666666666666
982,15.0,9.0,2017,2017-09-17,12:00:00,marina_bay,grosjean,haas,13,21,7,6.0,13.666666666666666,11.666666666666666,2.0
982,14.0,10.0,2017,2017-09-17,12:00:00,marina_bay,ocon,force_india,13,50,6,4.0,7.666666666666667,8.0,-0.3333333333333333
982,17.0,11.0,2017,2017-09-17,12:00:00,marina_bay,massa,williams,13,42,22,6.0,12.333333333333334,8.666666666666666,3.6666666666666665
982,19.0,12.0,2017,2017-09-17,12:00:00,marina_bay,wehrlein,sauber,13,75,19,7.0,15.666666666666666,16.0,-0.3333333333333333
983,3.0,1.0,2017,2017-10-01,07:00:00,sepang,max_verstappen,red_bull,23,43,17,2.0,7.333333333333333,6.333333333333333,1.0
983,1.0,2.0,2017,2017-10-01,07:00:00,sepang,hamilton,mercedes,23,23,14,-1.0,2.3333333333333335,1.0,1.3333333333333333
983,4.0,3.0,2017,2017-10-01,07:00:00,sepang,ricciardo,red_bull,23,58,17,1.0,8.333333333333334,3.0,5.333333333333333
983,20.0,4.0,2017,2017-10-01,07:00:00,sepang,vettel,ferrari,23,73,5,16.0,3.0,2.0,1.0
983,5.0,5.0,2017,2017-10-01,07:00:00,sepang,bottas,mercedes,23,7,14,0.0,4.333333333333333,3.3333333333333335,1.0
983,9.0,6.0,2017,2017-10-01,07:00:00,sepang,perez,force_india,23,51,6,3.0,10.0,10.333333333333334,-0.3333333333333333
983,7.0,7.0,2017,2017-10-01,07:00:00,sepang,vandoorne,mclaren,23,71,13,0.0,12.333333333333334,10.333333333333334,2.0
983,13.0,8.0,2017,2017-10-01,07:00:00,sepang,stroll,williams,23,67,22,5.0,11.666666666666666,8.666666666666666,3.0
983,11.0,9.0,2017,2017-10-01,07:00:00,sepang,massa,williams,23,42,22,2.0,13.333333333333334,9.0,4.333333333333333
983,6.0,10.0,2017,2017-10-01,07:00:00,sepang,ocon,force_india,23,50,6,-4.0,8.666666666666666,8.333333333333334,0.3333333333333333
983,10.0,11.0,2017,2017-10-01,07:00:00,sepang,alonso,mclaren,23,3,13,-1.0,15.0,10.666666666666666,4.333333333333333
983,17.0,12.0,2017,2017-10-01,07:00:00,sepang,kevin_magnussen,haas,23,30,7,5.0,12.0,13.0,-1.0
983,16.0,13.0,2017,2017-10-01,07:00:00,sepang,grosjean,haas,23,21,7,3.0,15.333333333333334,10.333333333333334,5.0
983,15.0,14.0,2017,2017-10-01,07:00:00,sepang,gasly,toro_rosso,23,17,20,1.0,,,
983,12.0,15.0,2017,2017-10-01,07:00:00,sepang,jolyon_palmer,renault,23,27,18,-3.0,11.666666666666666,10.333333333333334,1.3333333333333333
983,8.0,16.0,2017,2017-10-01,07:00:00,sepang,hulkenberg,renault,23,26,18,-8.0,11.0,12.0,-1.0
983,18.0,17.0,2017,2017-10-01,07:00:00,sepang,wehrlein,sauber,23,75,19,1.0,16.333333333333332,14.333333333333334,2.0
983,19.0,18.0,2017,2017-10-01,07:00:00,sepang,ericsson,sauber,23,15,19,1.0,16.0,16.666666666666668,-0.6666666666666666
984,1.0,1.0,2017,2017-10-08,05:00:00,suzuka,hamilton,mercedes,28,23,14,0.0,2.3333333333333335,1.3333333333333333,1.0
984,4.0,2.0,2017,2017-10-08,05:00:00,suzuka,max_verstappen,red_bull,28,43,17,2.0,7.0,5.333333333333333,1.6666666666666667
984,3.0,3.0,2017,2017-10-08,05:00:00,suzuka,ricciardo,red_bull,28,58,17,0.0,7.666666666666667,3.0,4.666666666666667
984,6.0,4.0,2017,2017-10-08,05:00:00,suzuka,bottas,mercedes,28,7,14,2.0,5.0,3.3333333333333335,1.6666666666666667
984,10.0,5.0,2017,2017-10-08,05:00:00,suzuka,raikkonen,ferrari,28,56,5,5.0,3.6666666666666665,3.6666666666666665,0.0
984,5.0,6.0,2017,2017-10-08,05:00:00,suzuka,ocon,force_india,28,50,6,-1.0,7.666666666666667,8.666666666666666,-1.0
984,7.0,7.0,2017,2017-10-08,05:00:00,suzuka,perez,force_india,28,51,6,0.0,10.333333333333334,6.666666666666667,3.6666666666666665
984,12.0,8.0,2017,2017-10-08,05:00:00,suzuka,kevin_magnussen,haas,28,30,7,4.0,12.666666666666666,12.666666666666666,0.0
984,13.0,9.0,2017,2017-10-08,05:00:00,suzuka,grosjean,haas,28,21,7,4.0,17.0,12.333333333333334,4.666666666666667
984,8.0,10.0,2017,2017-10-08,05:00:00,suzuka,massa,williams,28,42,22,-2.0,11.666666666666666,9.333333333333334,2.3333333333333335
984,20.0,11.0,2017,2017-10-08,05:00:00,suzuka,alonso,mclaren,28,3,13,9.0,12.0,11.333333333333334,0.6666666666666666
984,18.0,12.0,2017,2017-10-08,05:00:00,suzuka,jolyon_palmer,renault,28,27,18,6.0,12.333333333333334,11.333333333333334,1.0
984,14.0,13.0,2017,2017-10-08,05:00:00,suzuka,gasly,toro_rosso,28,17,20,1.0,,,
984,9.0,14.0,2017,2017-10-08,05:00:00,suzuka,vandoorne,mclaren,28,71,13,-5.0,12.0,9.333333333333334,2.6666666666666665
984,17.0,15.0,2017,2017-10-08,05:00:00,suzuka,wehrlein,sauber,28,75,19,2.0,16.333333333333332,15.0,1.3333333333333333
985,1.0,1.0,2017,2017-10-22,19:00:00,americas,hamilton,mercedes,1,23,14,0.0,2.3333333333333335,1.3333333333333333,1.0
985,2.0,2.0,2017,2017-10-22,19:00:00,americas,vettel,ferrari,1,73,5,0.0,9.333333333333334,3.0,6.333333333333333
985,5.0,3.0,2017,2017-10-22,19:00:00,americas,raikkonen,ferrari,1,56,5,2.0,6.333333333333333,4.666666666666667,1.6666666666666667
985,16.0,4.0,2017,2017-10-22,19:00:00,americas,max_verstappen,red_bull,1,43,17,12.0,6.666666666666667,4.333333333333333,2.3333333333333335
985,3.0,5.0,2017,2017-10-22,19:00:00,americas,bottas,mercedes,1,7,14,-2.0,5.666666666666667,4.0,1.6666666666666667
985,6.0,6.0,2017,2017-10-22,19:00:00,americas,ocon,force_india,1,50,6,0.0,8.333333333333334,8.666666666666666,-0.3333333333333333
985,7.0,7.0,2017,2017-10-22,19:00:00,americas,sainz,renault,1,63,18,0.0,12.666666666666666,9.333333333333334,3.3333333333333335
985,9.0,8.0,2017,2017-10-22,19:00:00,americas,perez,force_india,1,51,6,1.0,9.333333333333334,6.0,3.3333333333333335
985,10.0,9.0,2017,2017-10-22,19:00:00,americas,massa,williams,1,42,22,1.0,12.0,10.0,2.0
985,11.0,10.0,2017,2017-10-22,19:00:00,americas,kvyat,toro_rosso,1,35,20,1.0,14.333333333333334,11.666666666666666,2.6666666666666665
985,15.0,11.0,2017,2017-10-22,19:00:00,americas,stroll,williams,1,67,22,4.0,11.0,7.666666666666667,3.3333333333333335
985,20.0,12.0,2017,2017-10-22,19:00:00,americas,vandoorne,mclaren,1,71,13,8.0,8.333333333333334,9.333333333333334,-1.0
985,19.0,13.0,2017,2017-10-22,19:00:00,americas,brendon_hartley,toro_rosso,1,8,20,6.0,,,
985,12.0,14.0,2017,2017-10-22,19:00:00,americas,grosjean,haas,1,21,7,-2.0,14.666666666666666,10.333333333333334,4.333333333333333
985,13.0,15.0,2017,2017-10-22,19:00:00,americas,ericsson,sauber,1,15,19,-2.0,15.666666666666666,17.333333333333332,-1.6666666666666667
985,17.0,16.0,2017,2017-10-22,19:00:00,americas,kevin_magnussen,haas,1,30,7,1.0,12.666666666666666,10.333333333333334,2.3333333333333335
986,2.0,1.0,2017,2017-10-29,19:00:00,rodriguez,max_verstappen,red_bull,22,43,17,1.0,7.666666666666667,2.3333333333333335,5.333333333333333
986,4.0,2.0,2017,2017-10-29,19:00:00,rodriguez,bottas,mercedes,22,7,14,2.0,4.666666666666667,4.666666666666667,0.0
986,5.0,3.0,2017,2017-10-29,19:00:00,rodriguez,raikkonen,ferrari,22,56,5,2.0,6.666666666666667,4.333333333333333,2.3333333333333335
986,1.0,4.0,2017,2017-10-29,19:00:00,rodriguez,vettel,ferrari,22,73,5,-3.0,9.333333333333334,3.0,6.333333333333333
986,6.0,5.0,2017,2017-10-29,19:00:00,rodriguez,ocon,force_india,22,50,6,1.0,5.666666666666667,7.333333333333333,-1.6666666666666667
986,11.0,6.0,2017,2017-10-29,19:00:00,rodriguez,stroll,williams,22,67,22,5.0,15.333333333333334,9.0,6.333333333333333
986,9.0,7.0,2017,2017-10-29,19:00:00,rodriguez,perez,force_india,22,51,6,2.0,8.333333333333334,7.0,1.3333333333333333
986,14.0,8.0,2017,2017-10-29,19:00:00,rodriguez,kevin_magnussen,haas,22,30,7,6.0,15.333333333333334,12.0,3.3333333333333335
986,3.0,9.0,2017,2017-10-29,19:00:00,rodriguez,hamilton,mercedes,22,23,14,-6.0,1.0,1.3333333333333333,-0.3333333333333333
986,18.0,10.0,2017,2017-10-29,19:00:00,rodriguez,alonso,mclaren,22,3,13,8.0,16.333333333333332,13.0,3.3333333333333335
986,10.0,11.0,2017,2017-10-29,19:00:00,rodriguez,massa,williams,22,42,22,-1.0,9.666666666666666,9.333333333333334,0.3333333333333333
986,19.0,12.0,2017,2017-10-29,19:00:00,rodriguez,vandoorne,mclaren,22,71,13,7.0,12.0,11.0,1.0
986,20.0,13.0,2017,2017-10-29,19:00:00,rodriguez,gasly,toro_rosso,22,17,20,7.0,,,
986,13.0,14.0,2017,2017-10-29,19:00:00,rodriguez,wehrlein,sauber,22,75,19,-1.0,18.0,14.666666666666666,3.3333333333333335
986,15.0,15.0,2017,2017-10-29,19:00:00,rodriguez,grosjean,haas,22,21,7,0.0,13.666666666666666,12.0,1.6666666666666667
987,2.0,1.0,2017,2017-11-12,16:00:00,interlagos,vettel,ferrari,9,73,5,1.0,7.666666666666667,3.3333333333333335,4.333333333333333
987,1.0,2.0,2017,2017-11-12,16:00:00,interlagos,bottas,mercedes,9,7,14,-1.0,4.333333333333333,3.6666666666666665,0.6666666666666666
987,3.0,3.0,2017,2017-11-12,16:00:00,interlagos,raikkonen,ferrari,9,56,5,0.0,6.666666666666667,3.6666666666666665,3.0
987,20.0,4.0,2017,2017-11-12,16:00:00,interlagos,hamilton,mercedes,9,23,14,16.0,1.6666666666666667,3.6666666666666665,-2.0
987,4.0,5.0,2017,2017-11-12,16:00:00,interlagos,max_verstappen,red_bull,9,43,17,-1.0,7.333333333333333,2.3333333333333335,5.0
987,14.0,6.0,2017,2017-11-12,16:00:00,interlagos,ricciardo,red_bull,9,58,17,8.0,3.3333333333333335,2.6666666666666665,0.6666666666666666
987,9.0,7.0,2017,2017-11-12,16:00:00,interlagos,massa,williams,9,42,22,2.0,9.333333333333334,10.0,-0.6666666666666666
987,6.0,8.0,2017,2017-11-12,16:00:00,interlagos,alonso,mclaren,9,3,13,-2.0,16.0,10.666666666666666,5.333333333333333
987,5.0,9.0,2017,2017-11-12,16:00:00,interlagos,perez,force_india,9,51,6,-4.0,8.333333333333334,7.333333333333333,1.0
987,7.0,10.0,2017,2017-11-12,16:00:00,interlagos,hulkenberg,renault,9,26,18,-3.0,9.666666666666666,11.666666666666666,-2.0
987,8.0,11.0,2017,2017-11-12,16:00:00,interlagos,sainz,renault,9,63,18,-3.0,10.666666666666666,8.333333333333334,2.3333333333333335
987,19.0,12.0,2017,2017-11-12,16:00:00,interlagos,gasly,toro_rosso,9,17,20,7.0,16.333333333333332,13.333333333333334,3.0
987,17.0,13.0,2017,2017-11-12,16:00:00,interlagos,ericsson,sauber,9,15,19,4.0,14.333333333333334,17.0,-2.6666666666666665
987,15.0,14.0,2017,2017-11-12,16:00:00,interlagos,wehrlein,sauber,9,75,19,1.0,16.0,15.333333333333334,0.6666666666666666
987,11.0,15.0,2017,2017-11-12,16:00:00,interlagos,grosjean,haas,9,21,7,-4.0,13.333333333333334,12.666666666666666,0.6666666666666666
987,16.0,16.0,2017,2017-11-12,16:00:00,interlagos,stroll,williams,9,67,22,0.0,13.0,8.333333333333334,4.666666666666667
988,1.0,1.0,2017,2017-11-26,13:00:00,yas_marina,bottas,mercedes,32,7,14,0.0,2.6666666666666665,3.0,-0.3333333333333333
988,2.0,2.0,2017,2017-11-26,13:00:00,yas_marina,hamilton,mercedes,32,23,14,0.0,8.0,4.666666666666667,3.3333333333333335
988,3.0,3.0,2017,2017-11-26,13:00:00,yas_marina,vettel,ferrari,32,73,5,0.0,1.6666666666666667,2.3333333333333335,-0.6666666666666666
988,5.0,4.0,2017,2017-11-26,13:00:00,yas_marina,raikkonen,ferrari,32,56,5,1.0,4.333333333333333,3.0,1.3333333333333333
988,6.0,5.0,2017,2017-11-26,13:00:00,yas_marina,max_verstappen,red_bull,32,43,17,1.0,7.333333333333333,3.3333333333333335,4.0
988,7.0,6.0,2017,2017-11-26,13:00:00,yas_marina,hulkenberg,renault,32,26,18,1.0,9.666666666666666,13.0,-3.3333333333333335
988,8.0,7.0,2017,2017-11-26,13:00:00,yas_marina,perez,force_india,32,51,6,1.0,7.666666666666667,8.0,-0.3333333333333333
988,9.0,8.0,2017,2017-11-26,13:00:00,yas_marina,ocon,force_india,32,50,6,1.0,5.666666666666667,5.666666666666667,0.0
988,11.0,9.0,2017,2017-11-26,13:00:00,yas_marina,alonso,mclaren,32,3,13,2.0,14.666666666666666,9.666666666666666,5.0
988,10.0,10.0,2017,2017-11-26,13:00:00,yas_marina,massa,williams,32,42,22,0.0,9.666666666666666,9.0,0.6666666666666666
988,16.0,11.0,2017,2017-11-26,13:00:00,yas_marina,grosjean,haas,32,21,7,5.0,12.666666666666666,14.666666666666666,-2.0
988,13.0,12.0,2017,2017-11-26,13:00:00,yas_marina,vandoorne,mclaren,32,71,13,1.0,16.0,12.666666666666666,3.3333333333333335
988,14.0,13.0,2017,2017-11-26,13:00:00,yas_marina,kevin_magnussen,haas,32,30,7,1.0,14.333333333333334,10.666666666666666,3.6666666666666665
988,18.0,14.0,2017,2017-11-26,13:00:00,yas_marina,wehrlein,sauber,32,75,19,4.0,15.0,14.333333333333334,0.6666666666666666
988,20.0,15.0,2017,2017-11-26,13:00:00,yas_marina,brendon_hartley,toro_rosso,32,8,20,5.0,,,
988,17.0,16.0,2017,2017-11-26,13:00:00,yas_marina,gasly,toro_rosso,32,17,20,1.0,17.666666666666668,12.666666666666666,5.0
988,19.0,17.0,2017,2017-11-26,13:00:00,yas_marina,ericsson,sauber,32,15,19,2.0,16.333333333333332,15.333333333333334,1.0
988,15.0,18.0,2017,2017-11-26,13:00:00,yas_marina,stroll,williams,32,67,22,-3.0,14.0,11.0,3.0
989,3.0,1.0,2018,2018-03-25,05:10:00,albert_park,vettel,ferrari,0,73,5,2.0,2.0,2.6666666666666665,-0.6666666666666666
989,1.0,2.0,2018,2018-03-25,05:10:00,albert_park,hamilton,mercedes,0,23,14,-1.0,8.333333333333334,5.0,3.3333333333333335
989,2.0,3.0,2018,2018-03-25,05:10:00,albert_park,raikkonen,ferrari,0,56,5,-1.0,4.333333333333333,3.3333333333333335,1.0
989,8.0,4.0,2018,2018-03-25,05:10:00,albert_park,ricciardo,red_bull,0,58,17,4.0,7.0,4.0,3.0
989,10.0,5.0,2018,2018-03-25,05:10:00,albert_park,alonso,mclaren,0,3,13,5.0,11.666666666666666,9.0,2.6666666666666665
989,4.0,6.0,2018,2018-03-25,05:10:00,albert_park,max_verstappen,red_bull,0,43,17,-2.0,4.0,3.6666666666666665,0.3333333333333333
989,7.0,7.0,2018,2018-03-25,05:10:00,albert_park,hulkenberg,renault,0,26,18,0.0,7.333333333333333,10.666666666666666,-3.3333333333333335
989,15.0,8.0,2018,2018-03-25,05:10:00,albert_park,bottas,mercedes,0,7,14,7.0,2.0,1.6666666666666667,0.3333333333333333
989,11.0,9.0,2018,2018-03-25,05:10:00,albert_park,vandoorne,mclaren,0,71,13,2.0,17.333333333333332,12.0,5.333333333333333
989,9.0,10.0,2018,2018-03-25,05:10:00,albert_park,sainz,renault,0,63,18,-1.0,8.333333333333334,7.333333333333333,1.0
989,12.0,11.0,2018,2018-03-25,05:10:00,albert_park,perez,force_india,0,51,6,1.0,7.333333333333333,7.666666666666667,-0.3333333333333333
989,14.0,12.0,2018,2018-03-25,05:10:00,albert_park,ocon,force_india,0,50,6,2.0,7.0,6.333333333333333,0.6666666666666666
989,18.0,13.0,2018,2018-03-25,05:10:00,albert_park,leclerc,sauber,0,38,19,5.0,,,
989,13.0,14.0,2018,2018-03-25,05:10:00,albert_park,stroll,williams,0,67,22,-1.0,14.0,13.333333333333334,0.6666666666666666
989,16.0,15.0,2018,2018-03-25,05:10:00,albert_park,brendon_hartley,toro_rosso,0,8,20,1.0,,,
990,1.0,1.0,2018,2018-04-08,15:10:00,bahrain,vettel,ferrari,2,73,5,0.0,2.6666666666666665,1.6666666666666667,1.0
990,3.0,2.0,2018,2018-04-08,15:10:00,bahrain,bottas,mercedes,2,7,14,1.0,5.666666666666667,3.6666666666666665,2.0
990,9.0,3.0,2018,2018-04-08,15:10:00,bahrain,hamilton,mercedes,2,23,14,6.0,7.666666666666667,2.6666666666666665,5.0
990,5.0,4.0,2018,2018-04-08,15:10:00,bahrain,gasly,toro_rosso,2,17,20,1.0,18.666666666666668,13.666666666666666,5.0
990,6.0,5.0,2018,2018-04-08,15:10:00,bahrain,kevin_magnussen,haas,2,30,7,1.0,15.0,12.333333333333334,2.6666666666666665
990,7.0,6.0,2018,2018-04-08,15:10:00,bahrain,hulkenberg,renault,2,26,18,1.0,7.0,7.666666666666667,-0.6666666666666666
990,13.0,7.0,2018,2018-04-08,15:10:00,bahrain,alonso,mclaren,2,3,13,6.0,9.0,7.333333333333333,1.6666666666666667
990,14.0,8.0,2018,2018-04-08,15:10:00,bahrain,vandoorne,mclaren,2,71,13,6.0,14.333333333333334,11.0,3.3333333333333335
990,17.0,9.0,2018,2018-04-08,15:10:00,bahrain,ericsson,sauber,2,15,19,8.0,16.333333333333332,15.0,1.3333333333333333
990,8.0,10.0,2018,2018-04-08,15:10:00,bahrain,ocon,force_india,2,50,6,-2.0,9.666666666666666,8.333333333333334,1.3333333333333333
990,10.0,11.0,2018,2018-04-08,15:10:00,bahrain,sainz,renault,2,63,18,-1.0,8.0,9.333333333333334,-1.3333333333333333
990,19.0,12.0,2018,2018-04-08,15:10:00,bahrain,leclerc,sauber,2,38,19,7.0,,,
990,16.0,13.0,2018,2018-04-08,15:10:00,bahrain,grosjean,haas,2,21,7,3.0,14.0,13.666666666666666,0.3333333333333333
990,20.0,14.0,2018,2018-04-08,15:10:00,bahrain,stroll,williams,2,67,22,6.0,14.666666666666666,16.0,-1.3333333333333333
990,18.0,15.0,2018,2018-04-08,15:10:00,bahrain,sirotkin,williams,2,65,22,3.0,,,
990,12.0,16.0,2018,2018-04-08,15:10:00,bahrain,perez,force_india,2,51,6,-4.0,8.333333333333334,9.0,-0.6666666666666666
990,11.0,17.0,2018,2018-04-08,15:10:00,bahrain,brendon_hartley,toro_rosso,2,8,20,-6.0,18.333333333333332,14.333333333333334,4.0
991,6.0,1.0,2018,2018-04-15,06:10:00,shanghai,ricciardo,red_bull,24,58,17,5.0,8.333333333333334,4.333333333333333,4.0
991,3.0,2.0,2018,2018-04-15,06:10:00,shanghai,bottas,mercedes,24,7,14,1.0,6.333333333333333,3.6666666666666665,2.6666666666666665
991,2.0,3.0,2018,2018-04-15,06:10:00,shanghai,raikkonen,ferrari,24,56,5,-1.0,3.3333333333333335,3.3333333333333335,0.0
991,4.0,4.0,2018,2018-04-15,06:10:00,shanghai,hamilton,mercedes,24,23,14,0.0,4.0,2.3333333333333335,1.6666666666666667
991,5.0,5.0,2018,2018-04-15,06:10:00,shanghai,max_verstappen,red_bull,24,43,17,0.0,4.666666666666667,5.333333333333333,-0.6666666666666666
991,7.0,6.0,2018,2018-04-15,06:10:00,shanghai,hulkenberg,renault,24,26,18,1.0,7.0,6.333333333333333,0.6666666666666666
991,13.0,7.0,2018,2018-04-15,06:10:00,shanghai,alonso,mclaren,24,3,13,6.0,11.333333333333334,7.0,4.333333333333333
991,1.0,8.0,2018,2018-04-15,06:10:00,shanghai,vettel,ferrari,24,73,5,-7.0,2.3333333333333335,1.6666666666666667,0.6666666666666666
991,9.0,9.0,2018,2018-04-15,06:10:00,shanghai,sainz,renault,24,63,18,0.0,9.0,10.666666666666666,-1.6666666666666667
991,11.0,10.0,2018,2018-04-15,06:10:00,shanghai,kevin_magnussen,haas,24,30,7,1.0,11.333333333333334,8.666666666666666,2.6666666666666665
991,12.0,11.0,2018,2018-04-15,06:10:00,shanghai,ocon,force_india,24,50,6,1.0,10.333333333333334,10.0,0.3333333333333333
991,8.0,12.0,2018,2018-04-15,06:10:00,shanghai,perez,force_india,24,51,6,-4.0,10.666666666666666,11.333333333333334,-0.6666666666666666
991,14.0,13.0,2018,2018-04-15,06:10:00,shanghai,vandoorne,mclaren,24,71,13,1.0,12.666666666666666,9.666666666666666,3.0
991,18.0,14.0,2018,2018-04-15,06:10:00,shanghai,stroll,williams,24,67,22,4.0,16.0,15.333333333333334,0.6666666666666666
991,16.0,15.0,2018,2018-04-15,06:10:00,shanghai,sirotkin,williams,24,65,22,1.0,,,
991,20.0,16.0,2018,2018-04-15,06:10:00,shanghai,ericsson,sauber,24,15,19,4.0,17.666666666666668,13.0,4.666666666666667
991,10.0,17.0,2018,2018-04-15,06:10:00,shanghai,grosjean,haas,24,21,7,-7.0,14.333333333333334,13.0,1.3333333333333333
991,17.0,18.0,2018,2018-04-15,06:10:00,shanghai,gasly,toro_rosso,24,17,20,-1.0,13.666666666666666,10.666666666666666,3.0
991,19.0,19.0,2018,2018-04-15,06:10:00,shanghai,leclerc,sauber,24,38,19,0.0,,,
991,15.0,20.0,2018,2018-04-15,06:10:00,shanghai,brendon_hartley,toro_rosso,24,8,20,-5.0,15.666666666666666,15.666666666666666,0.0
992,2.0,1.0,2018,2018-04-29,12:10:00,baku,hamilton,mercedes,3,23,14,1.0,4.666666666666667,3.0,1.6666666666666667
992,6.0,2.0,2018,2018-04-29,12:10:00,baku,raikkonen,ferrari,3,56,5,4.0,3.0,3.3333333333333335,-0.3333333333333333
992,8.0,3.0,2018,2018-04-29,12:10:00,baku,perez,force_india,3,51,6,5.0,10.666666666666666,13.0,-2.3333333333333335
992,1.0,4.0,2018,2018-04-29,12:10:00,baku,vettel,ferrari,3,73,5,-3.0,1.6666666666666667,3.3333333333333335,-1.6666666666666667
992,9.0,5.0,2018,2018-04-29,12:10:00,baku,sainz,renault,3,63,18,4.0,9.333333333333334,10.0,-0.6666666666666666
992,13.0,6.0,2018,2018-04-29,12:10:00,baku,leclerc,sauber,3,38,19,7.0,18.666666666666668,14.666666666666666,4.0
992,12.0,7.0,2018,2018-04-29,12:10:00,baku,alonso,mclaren,3,3,13,5.0,12.0,6.333333333333333,5.666666666666667
992,10.0,8.0,2018,2018-04-29,12:10:00,baku,stroll,williams,3,67,22,2.0,17.0,14.0,3.0
992,16.0,9.0,2018,2018-04-29,12:10:00,baku,vandoorne,mclaren,3,71,13,7.0,13.0,10.0,3.0
992,19.0,10.0,2018,2018-04-29,12:10:00,baku,brendon_hartley,toro_rosso,3,8,20,9.0,14.0,17.333333333333332,-3.3333333333333335
992,18.0,11.0,2018,2018-04-29,12:10:00,baku,ericsson,sauber,3,15,19,7.0,18.666666666666668,14.0,4.666666666666667
992,17.0,12.0,2018,2018-04-29,12:10:00,baku,gasly,toro_rosso,3,17,20,5.0,13.0,12.666666666666666,0.3333333333333333
992,15.0,13.0,2018,2018-04-29,12:10:00,baku,kevin_magnussen,haas,3,30,7,2.0,10.333333333333334,9.333333333333334,1.0
993,1.0,1.0,2018,2018-05-13,13:10:00,catalunya,hamilton,mercedes,5,23,14,0.0,5.0,2.6666666666666665,2.3333333333333335
993,2.0,2.0,2018,2018-05-13,13:10:00,catalunya,bottas,mercedes,5,7,14,0.0,7.0,4.0,3.0
993,5.0,3.0,2018,2018-05-13,13:10:00,catalunya,max_verstappen,red_bull,5,43,17,2.0,5.0,5.333333333333333,-0.3333333333333333
993,3.0,4.0,2018,2018-05-13,13:10:00,catalunya,vettel,ferrari,5,73,5,-1.0,1.0,4.333333333333333,-3.3333333333333335
993,6.0,5.0,2018,2018-05-13,13:10:00,catalunya,ricciardo,red_bull,5,58,17,1.0,9.333333333333334,3.6666666666666665,5.666666666666667
993,7.0,6.0,2018,2018-05-13,13:10:00,catalunya,kevin_magnussen,haas,5,30,7,1.0,10.666666666666666,9.333333333333334,1.3333333333333333
993,9.0,7.0,2018,2018-05-13,13:10:00,catalunya,sainz,renault,5,63,18,2.0,9.333333333333334,8.333333333333334,1.0
993,8.0,8.0,2018,2018-05-13,13:10:00,catalunya,alonso,mclaren,5,3,13,0.0,12.666666666666666,7.0,5.666666666666667
993,15.0,9.0,2018,2018-05-13,13:10:00,catalunya,perez,force_india,5,51,6,6.0,9.333333333333334,10.333333333333334,-1.0
993,14.0,10.0,2018,2018-05-13,13:10:00,catalunya,leclerc,sauber,5,38,19,4.0,17.0,12.333333333333334,4.666666666666667
993,18.0,11.0,2018,2018-05-13,13:10:00,catalunya,stroll,williams,5,67,22,7.0,16.0,12.0,4.0
993,20.0,12.0,2018,2018-05-13,13:10:00,catalunya,brendon_hartley,toro_rosso,5,8,20,8.0,15.0,15.666666666666666,-0.6666666666666666
993,17.0,13.0,2018,2018-05-13,13:10:00,catalunya,ericsson,sauber,5,15,19,4.0,18.333333333333332,12.0,6.333333333333333
993,19.0,14.0,2018,2018-05-13,13:10:00,catalunya,sirotkin,williams,5,65,22,5.0,,,
994,1.0,1.0,2018,2018-05-27,13:10:00,monaco,ricciardo,red_bull,15,58,17,0.0,6.666666666666667,3.3333333333333335,3.3333333333333335
994,2.0,2.0,2018,2018-05-27,13:10:00,monaco,vettel,ferrari,15,73,5,0.0,1.6666666666666667,5.333333333333333,-3.6666666666666665
994,3.0,3.0,2018,2018-05-27,13:10:00,monaco,hamilton,mercedes,15,23,14,0.0,2.3333333333333335,2.0,0.3333333333333333
994,4.0,4.0,2018,2018-05-27,13:10:00,monaco,raikkonen,ferrari,15,56,5,0.0,3.3333333333333335,2.6666666666666665,0.6666666666666666
994,5.0,5.0,2018,2018-05-27,13:10:00,monaco,bottas,mercedes,15,7,14,0.0,2.6666666666666665,2.0,0.6666666666666666
994,6.0,6.0,2018,2018-05-27,13:10:00,monaco,ocon,force_india,15,50,6,0.0,11.333333333333334,11.0,0.3333333333333333
994,10.0,7.0,2018,2018-05-27,13:10:00,monaco,gasly,toro_rosso,15,17,20,3.0,13.0,11.333333333333334,1.6666666666666667
994,11.0,8.0,2018,2018-05-27,13:10:00,monaco,hulkenberg,renault,15,26,18,3.0,7.0,6.333333333333333,0.6666666666666666
994,20.0,9.0,2018,2018-05-27,13:10:00,monaco,max_verstappen,red_bull,15,43,17,11.0,4.666666666666667,4.666666666666667,0.0
994,8.0,10.0,2018,2018-05-27,13:10:00,monaco,sainz,renault,15,63,18,-2.0,9.0,7.0,2.0
994,16.0,11.0,2018,2018-05-27,13:10:00,monaco,ericsson,sauber,15,15,19,5.0,18.333333333333332,13.333333333333334,5.0
994,9.0,12.0,2018,2018-05-27,13:10:00,monaco,perez,force_india,15,51,6,-3.0,10.333333333333334,8.0,2.3333333333333335
994,19.0,13.0,2018,2018-05-27,13:10:00,monaco,kevin_magnussen,haas,15,30,7,6.0,11.0,9.666666666666666,1.3333333333333333
994,12.0,14.0,2018,2018-05-27,13:10:00,monaco,vandoorne,mclaren,15,71,13,-2.0,14.666666666666666,10.0,4.666666666666667
994,18.0,15.0,2018,2018-05-27,13:10:00,monaco,grosjean,haas,15,21,7,3.0,14.0,13.666666666666666,0.3333333333333333
994,13.0,16.0,2018,2018-05-27,13:10:00,monaco,sirotkin,williams,15,65,22,-3.0,17.666666666666668,14.666666666666666,3.0
994,17.0,17.0,2018,2018-05-27,13:10:00,monaco,stroll,williams,15,67,22,0.0,15.333333333333334,11.0,4.333333333333333
995,1.0,1.0,2018,2018-06-10,18:10:00,villeneuve,vettel,ferrari,31,73,5,0.0,2.0,3.3333333333333335,-1.3333333333333333
995,2.0,2.0,2018,2018-06-10,18:10:00,villeneuve,bottas,mercedes,31,7,14,0.0,3.3333333333333335,3.0,0.3333333333333333
995,3.0,3.0,2018,2018-06-10,18:10:00,villeneuve,max_verstappen,red_bull,31,43,17,0.0,10.0,5.666666666666667,4.333333333333333
995,6.0,4.0,2018,2018-06-10,18:10:00,villeneuve,ricciardo,red_bull,31,58,17,2.0,4.333333333333333,2.3333333333333335,2.0
995,4.0,5.0,2018,2018-06-10,18:10:00,villeneuve,hamilton,mercedes,31,23,14,-1.0,2.0,1.6666666666666667,0.3333333333333333
995,5.0,6.0,2018,2018-06-10,18:10:00,villeneuve,raikkonen,ferrari,31,56,5,-1.0,4.0,3.0,1.0
995,7.0,7.0,2018,2018-06-10,18:10:00,villeneuve,hulkenberg,renault,31,26,18,0.0,8.333333333333334,6.666666666666667,1.6666666666666667
995,9.0,8.0,2018,2018-06-10,18:10:00,villeneuve,sainz,renault,31,63,18,1.0,8.666666666666666,7.333333333333333,1.3333333333333333
995,8.0,9.0,2018,2018-06-10,18:10:00,villeneuve,ocon,force_india,31,50,6,-1.0,8.666666666666666,9.0,-0.3333333333333333
995,13.0,10.0,2018,2018-06-10,18:10:00,villeneuve,leclerc,sauber,31,38,19,3.0,15.333333333333334,11.666666666666666,3.6666666666666665
995,16.0,11.0,2018,2018-06-10,18:10:00,villeneuve,gasly,toro_rosso,31,17,20,5.0,14.666666666666666,12.333333333333334,2.3333333333333335
995,20.0,12.0,2018,2018-06-10,18:10:00,villeneuve,grosjean,haas,31,21,7,8.0,14.666666666666666,15.0,-0.3333333333333333
995,11.0,13.0,2018,2018-06-10,18:10:00,villeneuve,kevin_magnussen,haas,31,30,7,-2.0,13.666666666666666,10.666666666666666,3.0
995,10.0,14.0,2018,2018-06-10,18:10:00,villeneuve,perez,force_india,31,51,6,-4.0,10.666666666666666,8.0,2.6666666666666665
995,19.0,15.0,2018,2018-06-10,18:10:00,villeneuve,ericsson,sauber,31,15,19,4.0,17.0,11.666666666666666,5.333333333333333
995,15.0,16.0,2018,2018-06-10,18:10:00,villeneuve,vandoorne,mclaren,31,71,13,-1.0,14.0,12.0,2.0
995,18.0,17.0,2018,2018-06-10,18:10:00,villeneuve,sirotkin,williams,31,65,22,1.0,16.0,15.0,1.0
996,1.0,1.0,2018,2018-06-24,14:10:00,ricard,hamilton,mercedes,21,23,14,0.0,2.6666666666666665,3.0,-0.3333333333333333
996,4.0,2.0,2018,2018-06-24,14:10:00,ricard,max_verstappen,red_bull,21,43,17,2.0,9.333333333333334,5.0,4.333333333333333
996,6.0,3.0,2018,2018-06-24,14:10:00,ricard,raikkonen,ferrari,21,56,5,3.0,5.0,4.0,1.0
996,5.0,4.0,2018,2018-06-24,14:10:00,ricard,ricciardo,red_bull,21,58,17,1.0,4.333333333333333,3.3333333333333335,1.0
996,3.0,5.0,2018,2018-06-24,14:10:00,ricard,vettel,ferrari,21,73,5,-2.0,2.0,2.3333333333333335,-0.3333333333333333
996,9.0,6.0,2018,2018-06-24,14:10:00,ricard,kevin_magnussen,haas,21,30,7,3.0,12.333333333333334,10.666666666666666,1.6666666666666667
996,2.0,7.0,2018,2018-06-24,14:10:00,ricard,bottas,mercedes,21,7,14,-5.0,3.0,3.0,0.0
996,7.0,8.0,2018,2018-06-24,14:10:00,ricard,sainz,renault,21,63,18,-1.0,8.666666666666666,8.333333333333334,0.3333333333333333
996,12.0,9.0,2018,2018-06-24,14:10:00,ricard,hulkenberg,renault,21,26,18,3.0,8.333333333333334,7.0,1.3333333333333333
996,8.0,10.0,2018,2018-06-24,14:10:00,ricard,leclerc,sauber,21,38,19,-2.0,13.333333333333334,8.666666666666666,4.666666666666667
996,10.0,11.0,2018,2018-06-24,14:10:00,ricard,grosjean,haas,21,21,7,-1.0,16.0,14.666666666666666,1.3333333333333333
996,17.0,12.0,2018,2018-06-24,14:10:00,ricard,vandoorne,mclaren,21,71,13,5.0,14.333333333333334,13.0,1.3333333333333333
996,15.0,13.0,2018,2018-06-24,14:10:00,ricard,ericsson,sauber,21,15,19,2.0,17.333333333333332,13.0,4.333333333333333
996,20.0,14.0,2018,2018-06-24,14:10:00,ricard,brendon_hartley,toro_rosso,21,8,20,6.0,18.0,14.0,4.0
996,18.0,15.0,2018,2018-06-24,14:10:00,ricard,sirotkin,williams,21,65,22,3.0,16.666666666666668,15.666666666666666,1.0
996,16.0,16.0,2018,2018-06-24,14:10:00,ricard,alonso,mclaren,21,3,13,0.0,11.0,7.333333333333333,3.6666666666666665
996,19.0,17.0,2018,2018-06-24,14:10:00,ricard,stroll,williams,21,67,22,2.0,15.0,12.0,3.0
997,4.0,1.0,2018,2018-07-01,13:10:00,red_bull_ring,max_verstappen,red_bull,20,43,17,3.0,9.0,4.666666666666667,4.333333333333333
997,3.0,2.0,2018,2018-07-01,13:10:00,red_bull_ring,raikkonen,ferrari,20,56,5,1.0,5.0,4.333333333333333,0.6666666666666666
997,6.0,3.0,2018,2018-07-01,13:10:00,red_bull_ring,vettel,ferrari,20,73,5,3.0,2.0,2.6666666666666665,-0.6666666666666666
997,5.0,4.0,2018,2018-07-01,13:10:00,red_bull_ring,grosjean,haas,20,21,7,1.0,16.0,12.666666666666666,3.3333333333333335
997,8.0,5.0,2018,2018-07-01,13:10:00,red_bull_ring,kevin_magnussen,haas,20,30,7,3.0,13.0,10.666666666666666,2.3333333333333335
997,11.0,6.0,2018,2018-07-01,13:10:00,red_bull_ring,ocon,force_india,20,50,6,5.0,8.666666666666666,8.666666666666666,0.0
997,16.0,7.0,2018,2018-07-01,13:10:00,red_bull_ring,perez,force_india,20,51,6,9.0,11.333333333333334,11.666666666666666,-0.3333333333333333
997,13.0,8.0,2018,2018-07-01,13:10:00,red_bull_ring,alonso,mclaren,20,3,13,5.0,12.0,10.333333333333334,1.6666666666666667
997,18.0,9.0,2018,2018-07-01,13:10:00,red_bull_ring,leclerc,sauber,20,38,19,9.0,11.666666666666666,10.0,1.6666666666666667
997,20.0,10.0,2018,2018-07-01,13:10:00,red_bull_ring,ericsson,sauber,20,15,19,10.0,16.666666666666668,13.0,3.6666666666666665
997,12.0,11.0,2018,2018-07-01,13:10:00,red_bull_ring,gasly,toro_rosso,20,17,20,1.0,14.333333333333334,10.0,4.333333333333333
997,9.0,12.0,2018,2018-07-01,13:10:00,red_bull_ring,sainz,renault,20,63,18,-3.0,8.0,8.666666666666666,-0.6666666666666666
997,17.0,13.0,2018,2018-07-01,13:10:00,red_bull_ring,sirotkin,williams,20,65,22,4.0,16.333333333333332,16.0,0.3333333333333333
997,14.0,14.0,2018,2018-07-01,13:10:00,red_bull_ring,stroll,williams,20,67,22,0.0,18.0,15.0,3.0
997,15.0,15.0,2018,2018-07-01,13:10:00,red_bull_ring,vandoorne,mclaren,20,71,13,0.0,14.666666666666666,14.0,0.6666666666666666
998,2.0,1.0,2018,2018-07-08,13:10:00,silverstone,vettel,ferrari,25,73,5,1.0,3.3333333333333335,3.0,0.3333333333333333
998,1.0,2.0,2018,2018-07-08,13:10:00,silverstone,hamilton,mercedes,25,23,14,-1.0,2.6666666666666665,3.0,-0.3333333333333333
998,3.0,3.0,2018,2018-07-08,13:10:00,silverstone,raikkonen,ferrari,25,56,5,0.0,4.666666666666667,3.6666666666666665,1.0
998,4.0,4.0,2018,2018-07-08,13:10:00,silverstone,bottas,mercedes,25,7,14,0.0,3.0,4.666666666666667,-1.6666666666666667
998,6.0,5.0,2018,2018-07-08,13:10:00,silverstone,ricciardo,red_bull,25,58,17,1.0,4.0,3.0,1.0
998,11.0,6.0,2018,2018-07-08,13:10:00,silverstone,hulkenberg,renault,25,26,18,5.0,10.0,8.0,2.0
998,10.0,7.0,2018,2018-07-08,13:10:00,silverstone,ocon,force_india,25,50,6,3.0,8.333333333333334,7.0,1.3333333333333333
998,13.0,8.0,2018,2018-07-08,13:10:00,silverstone,alonso,mclaren,25,3,13,5.0,12.333333333333334,10.666666666666666,1.6666666666666667
998,7.0,9.0,2018,2018-07-08,13:10:00,silverstone,kevin_magnussen,haas,25,30,7,-2.0,9.333333333333334,8.0,1.3333333333333333
998,12.0,10.0,2018,2018-07-08,13:10:00,silverstone,perez,force_india,25,51,6,2.0,11.666666666666666,11.0,0.6666666666666666
998,17.0,11.0,2018,2018-07-08,13:10:00,silverstone,vandoorne,mclaren,25,71,13,6.0,15.666666666666666,14.333333333333334,1.3333333333333333
998,19.0,12.0,2018,2018-07-08,13:10:00,silverstone,stroll,williams,25,67,22,7.0,16.666666666666668,16.0,0.6666666666666666
998,14.0,13.0,2018,2018-07-08,13:10:00,silverstone,gasly,toro_rosso,25,17,20,1.0,12.666666666666666,9.666666666666666,3.0
998,18.0,14.0,2018,2018-07-08,13:10:00,silverstone,sirotkin,williams,25,65,22,4.0,17.666666666666668,15.0,2.6666666666666665
999,14.0,1.0,2018,2018-07-22,13:10:00,hockenheimring,hamilton,mercedes,6,23,14,13.0,2.0,2.6666666666666665,-0.6666666666666666
999,2.0,2.0,2018,2018-07-22,13:10:00,hockenheimring,bottas,mercedes,6,7,14,0.0,2.6666666666666665,4.333333333333333,-1.6666666666666667
999,3.0,3.0,2018,2018-07-22,13:10:00,hockenheimring,raikkonen,ferrari,6,56,5,0.0,4.0,2.6666666666666665,1.3333333333333333
999,4.0,4.0,2018,2018-07-22,13:10:00,hockenheimring,max_verstappen,red_bull,6,43,17,0.0,3.6666666666666665,2.0,1.6666666666666667
999,7.0,5.0,2018,2018-07-22,13:10:00,hockenheimring,hulkenberg,renault,6,26,18,2.0,10.0,7.333333333333333,2.6666666666666665
999,6.0,6.0,2018,2018-07-22,13:10:00,hockenheimring,grosjean,haas,6,21,7,0.0,11.666666666666666,9.0,2.6666666666666665
999,10.0,7.0,2018,2018-07-22,13:10:00,hockenheimring,perez,force_india,6,51,6,3.0,12.666666666666666,10.333333333333334,2.3333333333333335
999,15.0,8.0,2018,2018-07-22,13:10:00,hockenheimring,ocon,force_india,6,50,6,7.0,9.666666666666666,7.333333333333333,2.3333333333333335
999,13.0,9.0,2018,2018-07-22,13:10:00,hockenheimring,ericsson,sauber,6,15,19,4.0,18.0,12.666666666666666,5.333333333333333
999,17.0,10.0,2018,2018-07-22,13:10:00,hockenheimring,brendon_hartley,toro_rosso,6,8,20,7.0,19.666666666666668,12.0,7.666666666666667
999,5.0,11.0,2018,2018-07-22,13:10:00,hockenheimring,kevin_magnussen,haas,6,30,7,-6.0,8.0,6.666666666666667,1.3333333333333333
999,8.0,12.0,2018,2018-07-22,13:10:00,hockenheimring,sainz,renault,6,63,18,-4.0,8.333333333333334,9.333333333333334,-1.0
999,19.0,13.0,2018,2018-07-22,13:10:00,hockenheimring,vandoorne,mclaren,6,71,13,6.0,16.333333333333332,12.666666666666666,3.6666666666666665
999,16.0,14.0,2018,2018-07-22,13:10:00,hockenheimring,gasly,toro_rosso,6,17,20,2.0,14.0,11.666666666666666,2.3333333333333335
999,9.0,15.0,2018,2018-07-22,13:10:00,hockenheimring,leclerc,sauber,6,38,19,-6.0,13.0,9.666666666666666,3.3333333333333335
999,11.0,16.0,2018,2018-07-22,13:10:00,hockenheimring,alonso,mclaren,6,3,13,-5.0,14.0,10.666666666666666,3.3333333333333335
1000,1.0,1.0,2018,2018-07-29,13:10:00,hungaroring,hamilton,mercedes,7,23,14,0.0,5.333333333333333,1.3333333333333333,4.0
1000,4.0,2.0,2018,2018-07-29,13:10:00,hungaroring,vettel,ferrari,7,73,5,2.0,3.6666666666666665,3.0,0.6666666666666666
1000,3.0,3.0,2018,2018-07-29,13:10:00,hungaroring,raikkonen,ferrari,7,56,5,0.0,3.0,2.6666666666666665,0.3333333333333333
1000,12.0,4.0,2018,2018-07-29,13:10:00,hungaroring,ricciardo,red_bull,7,58,17,8.0,5.666666666666667,4.333333333333333,1.3333333333333333
1000,2.0,5.0,2018,2018-07-29,13:10:00,hungaroring,bottas,mercedes,7,7,14,-3.0,2.6666666666666665,4.333333333333333,-1.6666666666666667
1000,6.0,6.0,2018,2018-07-29,13:10:00,hungaroring,gasly,toro_rosso,7,17,20,0.0,14.0,12.666666666666666,1.3333333333333333
1000,9.0,7.0,2018,2018-07-29,13:10:00,hungaroring,kevin_magnussen,haas,7,30,7,2.0,6.666666666666667,8.333333333333334,-1.6666666666666667
1000,11.0,8.0,2018,2018-07-29,13:10:00,hungaroring,alonso,mclaren,7,3,13,3.0,12.333333333333334,10.666666666666666,1.6666666666666667
1000,5.0,9.0,2018,2018-07-29,13:10:00,hungaroring,sainz,renault,7,63,18,-4.0,8.0,10.666666666666666,-2.6666666666666665
1000,10.0,10.0,2018,2018-07-29,13:10:00,hungaroring,grosjean,haas,7,21,7,0.0,7.0,7.0,0.0
1000,8.0,11.0,2018,2018-07-29,13:10:00,hungaroring,brendon_hartley,toro_rosso,7,8,20,-3.0,19.0,12.0,7.0
1000,13.0,12.0,2018,2018-07-29,13:10:00,hungaroring,hulkenberg,renault,7,26,18,1.0,10.0,6.666666666666667,3.3333333333333335
1000,18.0,13.0,2018,2018-07-29,13:10:00,hungaroring,ocon,force_india,7,50,6,5.0,12.0,7.0,5.0
1000,19.0,14.0,2018,2018-07-29,13:10:00,hungaroring,perez,force_india,7,51,6,5.0,12.666666666666666,8.0,4.666666666666667
1000,14.0,15.0,2018,2018-07-29,13:10:00,hungaroring,ericsson,sauber,7,15,19,-1.0,16.0,10.666666666666666,5.333333333333333
1000,20.0,16.0,2018,2018-07-29,13:10:00,hungaroring,sirotkin,williams,7,65,22,4.0,17.666666666666668,14.0,3.6666666666666665
1000,15.0,17.0,2018,2018-07-29,13:10:00,hungaroring,stroll,williams,7,67,22,-2.0,17.333333333333332,14.333333333333334,3.0
1001,2.0,1.0,2018,2018-08-26,13:10:00,spa,vettel,ferrari,27,73,5,1.0,4.0,2.0,2.0
1001,1.0,2.0,2018,2018-08-26,13:10:00,spa,hamilton,mercedes,27,23,14,-1.0,5.333333333333333,1.3333333333333333,4.0
1001,7.0,3.0,2018,2018-08-26,13:10:00,spa,max_verstappen,red_bull,27,43,17,4.0,4.0,2.3333333333333335,1.6666666666666667
1001,19.0,4.0,2018,2018-08-26,13:10:00,spa,bottas,mercedes,27,7,14,15.0,2.6666666666666665,3.6666666666666665,-1.0
1001,4.0,5.0,2018,2018-08-26,13:10:00,spa,perez,force_india,27,51,6,-1.0,13.666666666666666,10.333333333333334,3.3333333333333335
1001,3.0,6.0,2018,2018-08-26,13:10:00,spa,ocon,force_india,27,50,6,-3.0,14.333333333333334,9.333333333333334,5.0
1001,5.0,7.0,2018,2018-08-26,13:10:00,spa,grosjean,haas,27,21,7,-2.0,7.0,6.666666666666667,0.3333333333333333
1001,9.0,8.0,2018,2018-08-26,13:10:00,spa,kevin_magnussen,haas,27,30,7,1.0,7.0,9.0,-2.0
1001,10.0,9.0,2018,2018-08-26,13:10:00,spa,gasly,toro_rosso,27,17,20,1.0,12.0,11.0,1.0
1001,13.0,10.0,2018,2018-08-26,13:10:00,spa,ericsson,sauber,27,15,19,3.0,15.666666666666666,11.333333333333334,4.333333333333333
1001,14.0,11.0,2018,2018-08-26,13:10:00,spa,sainz,renault,27,63,18,3.0,7.333333333333333,11.0,-3.6666666666666665
1001,16.0,12.0,2018,2018-08-26,13:10:00,spa,sirotkin,williams,27,65,22,4.0,18.333333333333332,14.333333333333334,4.0
1001,17.0,13.0,2018,2018-08-26,13:10:00,spa,stroll,williams,27,67,22,4.0,16.0,14.333333333333334,1.6666666666666667
1001,11.0,14.0,2018,2018-08-26,13:10:00,spa,brendon_hartley,toro_rosso,27,8,20,-3.0,15.0,11.666666666666666,3.3333333333333335
1001,18.0,15.0,2018,2018-08-26,13:10:00,spa,vandoorne,mclaren,27,71,13,3.0,17.0,13.0,4.0
1002,3.0,1.0,2018,2018-09-02,13:10:00,monza,hamilton,mercedes,16,23,14,2.0,5.333333333333333,1.3333333333333333,4.0
1002,1.0,2.0,2018,2018-09-02,13:10:00,monza,raikkonen,ferrari,16,56,5,-1.0,3.0,3.0,0.0
1002,4.0,3.0,2018,2018-09-02,13:10:00,monza,bottas,mercedes,16,7,14,1.0,7.666666666666667,3.6666666666666665,4.0
1002,2.0,4.0,2018,2018-09-02,13:10:00,monza,vettel,ferrari,16,73,5,-2.0,2.6666666666666665,1.3333333333333333,1.3333333333333333
1002,5.0,5.0,2018,2018-09-02,13:10:00,monza,max_verstappen,red_bull,16,43,17,0.0,5.0,2.6666666666666665,2.3333333333333335
1002,8.0,6.0,2018,2018-09-02,13:10:00,monza,ocon,force_india,16,50,6,2.0,12.0,9.0,3.0
1002,14.0,7.0,2018,2018-09-02,13:10:00,monza,perez,force_india,16,51,6,7.0,11.0,8.666666666666666,2.3333333333333335
1002,7.0,8.0,2018,2018-09-02,13:10:00,monza,sainz,renault,16,63,18,-1.0,9.0,10.666666666666666,-1.6666666666666667
1002,10.0,9.0,2018,2018-09-02,13:10:00,monza,stroll,williams,16,67,22,1.0,17.0,14.0,3.0
1002,12.0,10.0,2018,2018-09-02,13:10:00,monza,sirotkin,williams,16,65,22,2.0,18.0,14.0,4.0
1002,15.0,11.0,2018,2018-09-02,13:10:00,monza,leclerc,sauber,16,38,19,4.0,11.666666666666666,11.333333333333334,0.3333333333333333
1002,17.0,12.0,2018,2018-09-02,13:10:00,monza,vandoorne,mclaren,16,71,13,5.0,18.0,13.0,5.0
1002,20.0,13.0,2018,2018-09-02,13:10:00,monza,hulkenberg,renault,16,26,18,7.0,10.333333333333334,7.666666666666667,2.6666666666666665
1002,9.0,14.0,2018,2018-09-02,13:10:00,monza,gasly,toro_rosso,16,17,20,-5.0,10.666666666666666,9.666666666666666,1.0
1002,18.0,15.0,2018,2018-09-02,13:10:00,monza,ericsson,sauber,16,15,19,3.0,13.333333333333334,11.333333333333334,2.0
1002,11.0,16.0,2018,2018-09-02,13:10:00,monza,kevin_magnussen,haas,16,30,7,-5.0,7.666666666666667,8.666666666666666,-1.0
1003,1.0,1.0,2018,2018-09-16,12:10:00,marina_bay,hamilton,mercedes,13,23,14,0.0,1.6666666666666667,1.3333333333333333,0.3333333333333333
1003,2.0,2.0,2018,2018-09-16,12:10:00,marina_bay,max_verstappen,red_bull,13,43,17,0.0,5.333333333333333,4.0,1.3333333333333333
1003,3.0,3.0,2018,2018-09-16,12:10:00,marina_bay,vettel,ferrari,13,73,5,0.0,2.6666666666666665,2.3333333333333335,0.3333333333333333
1003,4.0,4.0,2018,2018-09-16,12:10:00,marina_bay,bottas,mercedes,13,7,14,0.0,8.333333333333334,4.0,4.333333333333333
1003,5.0,5.0,2018,2018-09-16,12:10:00,marina_bay,raikkonen,ferrari,13,56,5,0.0,2.3333333333333335,2.6666666666666665,-0.3333333333333333
1003,6.0,6.0,2018,2018-09-16,12:10:00,marina_bay,ricciardo,red_bull,13,58,17,0.0,7.666666666666667,4.333333333333333,3.3333333333333335
1003,11.0,7.0,2018,2018-09-16,12:10:00,marina_bay,alonso,mclaren,13,3,13,4.0,11.666666666666666,10.666666666666666,1.0
1003,12.0,8.0,2018,2018-09-16,12:10:00,marina_bay,sainz,renault,13,63,18,4.0,8.666666666666666,9.333333333333334,-0.6666666666666666
1003,13.0,9.0,2018,2018-09-16,12:10:00,marina_bay,leclerc,sauber,13,38,19,4.0,14.0,11.666666666666666,2.3333333333333335
1003,10.0,10.0,2018,2018-09-16,12:10:00,marina_bay,hulkenberg,renault,13,26,18,0.0,13.333333333333334,10.0,3.3333333333333335
1003,14.0,11.0,2018,2018-09-16,12:10:00,marina_bay,ericsson,sauber,13,15,19,3.0,15.0,13.333333333333334,1.6666666666666667
1003,18.0,12.0,2018,2018-09-16,12:10:00,marina_bay,vandoorne,mclaren,13,71,13,6.0,18.0,13.333333333333334,4.666666666666667
1003,15.0,13.0,2018,2018-09-16,12:10:00,marina_bay,gasly,toro_rosso,13,17,20,2.0,8.333333333333334,9.666666666666666,-1.3333333333333333
1003,20.0,14.0,2018,2018-09-16,12:10:00,marina_bay,stroll,williams,13,67,22,6.0,14.0,13.0,1.0
1003,8.0,15.0,2018,2018-09-16,12:10:00,marina_bay,grosjean,haas,13,21,7,-7.0,7.0,7.666666666666667,-0.6666666666666666
1003,7.0,16.0,2018,2018-09-16,12:10:00,marina_bay,perez,force_india,13,51,6,-9.0,12.333333333333334,8.666666666666666,3.6666666666666665
1003,17.0,17.0,2018,2018-09-16,12:10:00,marina_bay,brendon_hartley,toro_rosso,13,8,20,0.0,12.0,11.666666666666666,0.3333333333333333
1003,16.0,18.0,2018,2018-09-16,12:10:00,marina_bay,kevin_magnussen,haas,13,30,7,-2.0,9.666666666666666,10.333333333333334,-0.6666666666666666
1003,19.0,19.0,2018,2018-09-16,12:10:00,marina_bay,sirotkin,williams,13,65,22,0.0,16.0,12.666666666666666,3.3333333333333335
1004,2.0,1.0,2018,2018-09-30,11:10:00,sochi,hamilton,mercedes,26,23,14,1.0,1.6666666666666667,1.3333333333333333,0.3333333333333333
1004,1.0,2.0,2018,2018-09-30,11:10:00,sochi,bottas,mercedes,26,7,14,-1.0,9.0,3.6666666666666665,5.333333333333333
1004,3.0,3.0,2018,2018-09-30,11:10:00,sochi,vettel,ferrari,26,73,5,0.0,2.3333333333333335,2.6666666666666665,-0.3333333333333333
1004,4.0,4.0,2018,2018-09-30,11:10:00,sochi,raikkonen,ferrari,26,56,5,0.0,3.0,3.3333333333333335,-0.3333333333333333
1004,19.0,5.0,2018,2018-09-30,11:10:00,sochi,max_verstappen,red_bull,26,43,17,14.0,4.666666666666667,3.3333333333333335,1.3333333333333333
1004,18.0,6.0,2018,2018-09-30,11:10:00,sochi,ricciardo,red_bull,26,58,17,12.0,8.0,5.0,3.0
1004,7.0,7.0,2018,2018-09-30,11:10:00,sochi,leclerc,sauber,26,38,19,0.0,12.333333333333334,11.666666666666666,0.6666666666666666
1004,5.0,8.0,2018,2018-09-30,11:10:00,sochi,kevin_magnussen,haas,26,30,7,-3.0,12.0,14.0,-2.0
1004,6.0,9.0,2018,2018-09-30,11:10:00,sochi,ocon,force_india,26,50,6,-3.0,9.666666666666666,8.333333333333334,1.3333333333333333
1004,8.0,10.0,2018,2018-09-30,11:10:00,sochi,perez,force_india,26,51,6,-2.0,8.333333333333334,9.333333333333334,-1.0
1004,9.0,11.0,2018,2018-09-30,11:10:00,sochi,grosjean,haas,26,21,7,-2.0,7.666666666666667,10.666666666666666,-3.0
1004,12.0,12.0,2018,2018-09-30,11:10:00,sochi,hulkenberg,renault,26,26,18,0.0,14.333333333333334,11.666666666666666,2.6666666666666665
1004,10.0,13.0,2018,2018-09-30,11:10:00,sochi,ericsson,sauber,26,15,19,-3.0,15.0,12.0,3.0
1004,16.0,14.0,2018,2018-09-30,11:10:00,sochi,alonso,mclaren,26,3,13,2.0,11.0,10.333333333333334,0.6666666666666666
1004,14.0,15.0,2018,2018-09-30,11:10:00,sochi,stroll,williams,26,67,22,-1.0,15.666666666666666,12.0,3.6666666666666665
1004,15.0,16.0,2018,2018-09-30,11:10:00,sochi,vandoorne,mclaren,26,71,13,-1.0,17.666666666666668,13.0,4.666666666666667
1004,11.0,17.0,2018,2018-09-30,11:10:00,sochi,sainz,renault,26,63,18,-6.0,11.0,9.0,2.0
1004,13.0,18.0,2018,2018-09-30,11:10:00,sochi,sirotkin,williams,26,65,22,-5.0,15.666666666666666,13.666666666666666,2.0
1005,1.0,1.0,2018,2018-10-07,05:10:00,suzuka,hamilton,mercedes,28,23,14,0.0,2.0,1.0,1.0
1005,2.0,2.0,2018,2018-10-07,05:10:00,suzuka,bottas,mercedes,28,7,14,0.0,3.0,3.0,0.0
1005,3.0,3.0,2018,2018-10-07,05:10:00,suzuka,max_verstappen,red_bull,28,43,17,0.0,8.666666666666666,4.0,4.666666666666667
1005,15.0,4.0,2018,2018-10-07,05:10:00,suzuka,ricciardo,red_bull,28,58,17,11.0,12.0,5.333333333333333,6.666666666666667
1005,4.0,5.0,2018,2018-10-07,05:10:00,suzuka,raikkonen,ferrari,28,56,5,-1.0,3.3333333333333335,3.6666666666666665,-0.3333333333333333
1005,8.0,6.0,2018,2018-10-07,05:10:00,suzuka,vettel,ferrari,28,73,5,2.0,2.6666666666666665,3.3333333333333335,-0.6666666666666666
1005,9.0,7.0,2018,2018-10-07,05:10:00,suzuka,perez,force_india,28,51,6,2.0,9.666666666666666,11.0,-1.3333333333333333
1005,5.0,8.0,2018,2018-10-07,05:10:00,suzuka,grosjean,haas,28,21,7,-3.0,7.333333333333333,11.0,-3.6666666666666665
1005,11.0,9.0,2018,2018-10-07,05:10:00,suzuka,ocon,force_india,28,50,6,2.0,5.666666666666667,7.0,-1.3333333333333333
1005,13.0,10.0,2018,2018-10-07,05:10:00,suzuka,sainz,renault,28,63,18,3.0,10.0,11.0,-1.0
1005,7.0,11.0,2018,2018-10-07,05:10:00,suzuka,gasly,toro_rosso,28,17,20,-4.0,11.333333333333334,12.0,-0.6666666666666666
1005,20.0,12.0,2018,2018-10-07,05:10:00,suzuka,ericsson,sauber,28,15,19,8.0,14.0,13.0,1.0
1005,6.0,13.0,2018,2018-10-07,05:10:00,suzuka,brendon_hartley,toro_rosso,28,8,20,-7.0,12.0,14.0,-2.0
1005,18.0,14.0,2018,2018-10-07,05:10:00,suzuka,alonso,mclaren,28,3,13,4.0,12.666666666666666,9.666666666666666,3.0
1005,19.0,15.0,2018,2018-10-07,05:10:00,suzuka,vandoorne,mclaren,28,71,13,4.0,16.666666666666668,13.333333333333334,3.3333333333333335
1005,17.0,16.0,2018,2018-10-07,05:10:00,suzuka,sirotkin,williams,28,65,22,1.0,14.666666666666666,15.666666666666666,-1.0
1005,14.0,17.0,2018,2018-10-07,05:10:00,suzuka,stroll,williams,28,67,22,-3.0,14.666666666666666,12.666666666666666,2.0
1006,2.0,1.0,2018,2018-10-21,18:10:00,americas,raikkonen,ferrari,1,56,5,1.0,4.333333333333333,4.666666666666667,-0.3333333333333333
1006,18.0,2.0,2018,2018-10-21,18:10:00,americas,max_verstappen,red_bull,1,43,17,16.0,8.0,3.3333333333333335,4.666666666666667
1006,1.0,3.0,2018,2018-10-21,18:10:00,americas,hamilton,mercedes,1,23,14,-2.0,1.3333333333333333,1.0,0.3333333333333333
1006,5.0,4.0,2018,2018-10-21,18:10:00,americas,vettel,ferrari,1,73,5,1.0,4.666666666666667,4.0,0.6666666666666666
1006,3.0,5.0,2018,2018-10-21,18:10:00,americas,bottas,mercedes,1,7,14,-2.0,2.3333333333333335,2.6666666666666665,-0.3333333333333333
1006,7.0,6.0,2018,2018-10-21,18:10:00,americas,hulkenberg,renault,1,26,18,1.0,14.0,11.666666666666666,2.3333333333333335
1006,11.0,7.0,2018,2018-10-21,18:10:00,americas,sainz,renault,1,63,18,4.0,12.0,11.666666666666666,0.3333333333333333
1006,10.0,8.0,2018,2018-10-21,18:10:00,americas,perez,force_india,1,51,6,2.0,8.0,11.0,-3.0
1006,20.0,9.0,2018,2018-10-21,18:10:00,americas,brendon_hartley,toro_rosso,1,8,20,11.0,11.333333333333334,14.666666666666666,-3.3333333333333335
1006,16.0,10.0,2018,2018-10-21,18:10:00,americas,ericsson,sauber,1,15,19,6.0,14.666666666666666,12.0,2.6666666666666665
1006,17.0,11.0,2018,2018-10-21,18:10:00,americas,vandoorne,mclaren,1,71,13,6.0,17.333333333333332,14.333333333333334,3.0
1006,19.0,12.0,2018,2018-10-21,18:10:00,americas,gasly,toro_rosso,1,17,20,7.0,10.333333333333334,12.666666666666666,-2.3333333333333335
1006,14.0,13.0,2018,2018-10-21,18:10:00,americas,sirotkin,williams,1,65,22,1.0,16.333333333333332,17.666666666666668,-1.3333333333333333
1006,15.0,14.0,2018,2018-10-21,18:10:00,americas,stroll,williams,1,67,22,1.0,16.0,15.333333333333334,0.6666666666666666
1007,2.0,1.0,2018,2018-10-28,19:10:00,rodriguez,max_verstappen,red_bull,22,43,17,1.0,13.333333333333334,3.3333333333333335,10.0
1007,4.0,2.0,2018,2018-10-28,19:10:00,rodriguez,vettel,ferrari,22,73,5,2.0,5.333333333333333,4.333333333333333,1.0
1007,6.0,3.0,2018,2018-10-28,19:10:00,rodriguez,raikkonen,ferrari,22,56,5,3.0,3.3333333333333335,3.3333333333333335,0.0
1007,3.0,4.0,2018,2018-10-28,19:10:00,rodriguez,hamilton,mercedes,22,23,14,-1.0,1.3333333333333333,1.6666666666666667,-0.3333333333333333
1007,5.0,5.0,2018,2018-10-28,19:10:00,rodriguez,bottas,mercedes,22,7,14,0.0,2.0,3.0,-1.0
1007,7.0,6.0,2018,2018-10-28,19:10:00,rodriguez,hulkenberg,renault,22,26,18,1.0,9.666666666666666,9.333333333333334,0.3333333333333333
1007,9.0,7.0,2018,2018-10-28,19:10:00,rodriguez,leclerc,sauber,22,38,19,2.0,11.666666666666666,9.0,2.6666666666666665
1007,15.0,8.0,2018,2018-10-28,19:10:00,rodriguez,vandoorne,mclaren,22,71,13,7.0,17.0,14.0,3.0
1007,10.0,9.0,2018,2018-10-28,19:10:00,rodriguez,ericsson,sauber,22,15,19,1.0,15.333333333333334,11.666666666666666,3.6666666666666665
1007,20.0,10.0,2018,2018-10-28,19:10:00,rodriguez,gasly,toro_rosso,22,17,20,10.0,13.666666666666666,12.0,1.6666666666666667
1007,11.0,11.0,2018,2018-10-28,19:10:00,rodriguez,ocon,force_india,22,50,6,0.0,8.333333333333334,8.0,0.3333333333333333
1007,17.0,12.0,2018,2018-10-28,19:10:00,rodriguez,stroll,williams,22,67,22,5.0,14.333333333333334,15.333333333333334,-1.0
1007,19.0,13.0,2018,2018-10-28,19:10:00,rodriguez,sirotkin,williams,22,65,22,6.0,14.666666666666666,15.666666666666666,-1.0
1007,14.0,14.0,2018,2018-10-28,19:10:00,rodriguez,brendon_hartley,toro_rosso,22,8,20,0.0,14.333333333333334,13.0,1.3333333333333333
1007,16.0,15.0,2018,2018-10-28,19:10:00,rodriguez,kevin_magnussen,haas,22,30,7,1.0,10.666666666666666,14.0,-3.3333333333333335
1007,18.0,16.0,2018,2018-10-28,19:10:00,rodriguez,grosjean,haas,22,21,7,2.0,7.333333333333333,11.333333333333334,-4.0
1008,1.0,1.0,2018,2018-11-11,17:10:00,interlagos,hamilton,mercedes,9,23,14,0.0,1.6666666666666667,2.6666666666666665,-1.0
1008,5.0,2.0,2018,2018-11-11,17:10:00,interlagos,max_verstappen,red_bull,9,43,17,3.0,7.666666666666667,2.0,5.666666666666667
1008,4.0,3.0,2018,2018-11-11,17:10:00,interlagos,raikkonen,ferrari,9,56,5,1.0,4.0,3.0,1.0
1008,11.0,4.0,2018,2018-11-11,17:10:00,interlagos,ricciardo,red_bull,9,58,17,7.0,13.0,5.333333333333333,7.666666666666667
1008,3.0,5.0,2018,2018-11-11,17:10:00,interlagos,bottas,mercedes,9,7,14,-2.0,3.3333333333333335,4.0,-0.6666666666666666
1008,2.0,6.0,2018,2018-11-11,17:10:00,interlagos,vettel,ferrari,9,73,5,-4.0,5.666666666666667,4.0,1.6666666666666667
1008,7.0,7.0,2018,2018-11-11,17:10:00,interlagos,leclerc,sauber,9,38,19,0.0,9.666666666666666,7.666666666666667,2.0
1008,8.0,8.0,2018,2018-11-11,17:10:00,interlagos,grosjean,haas,9,21,7,0.0,10.666666666666666,11.666666666666666,-1.0
1008,10.0,9.0,2018,2018-11-11,17:10:00,interlagos,kevin_magnussen,haas,9,30,7,1.0,12.333333333333334,13.666666666666666,-1.3333333333333333
1008,12.0,10.0,2018,2018-11-11,17:10:00,interlagos,perez,force_india,9,51,6,2.0,9.0,8.333333333333334,0.6666666666666666
1008,16.0,11.0,2018,2018-11-11,17:10:00,interlagos,brendon_hartley,toro_rosso,9,8,20,5.0,13.333333333333334,12.0,1.3333333333333333
1008,15.0,12.0,2018,2018-11-11,17:10:00,interlagos,sainz,renault,9,63,18,3.0,11.666666666666666,11.333333333333334,0.3333333333333333
1008,9.0,13.0,2018,2018-11-11,17:10:00,interlagos,gasly,toro_rosso,9,17,20,-4.0,15.333333333333334,11.0,4.333333333333333
1008,20.0,14.0,2018,2018-11-11,17:10:00,interlagos,vandoorne,mclaren,9,71,13,6.0,17.0,11.333333333333334,5.666666666666667
1008,18.0,15.0,2018,2018-11-11,17:10:00,interlagos,ocon,force_india,9,50,6,3.0,9.333333333333334,9.666666666666666,-0.3333333333333333
1008,14.0,16.0,2018,2018-11-11,17:10:00,interlagos,sirotkin,williams,9,65,22,-2.0,16.666666666666668,14.0,2.6666666666666665
1008,17.0,17.0,2018,2018-11-11,17:10:00,interlagos,alonso,mclaren,9,3,13,0.0,15.0,11.666666666666666,3.3333333333333335
1008,19.0,18.0,2018,2018-11-11,17:10:00,interlagos,stroll,williams,9,67,22,1.0,15.333333333333334,14.333333333333334,1.0
1009,1.0,1.0,2018,2018-11-25,13:10:00,yas_marina,hamilton,mercedes,32,23,14,0.0,1.6666666666666667,2.6666666666666665,-1.0
1009,3.0,2.0,2018,2018-11-25,13:10:00,yas_marina,vettel,ferrari,32,73,5,1.0,3.6666666666666665,4.0,-0.3333333333333333
1009,6.0,3.0,2018,2018-11-25,13:10:00,yas_marina,max_verstappen,red_bull,32,43,17,3.0,8.333333333333334,1.6666666666666667,6.666666666666667
1009,5.0,4.0,2018,2018-11-25,13:10:00,yas_marina,ricciardo,red_bull,32,58,17,1.0,14.666666666666666,4.666666666666667,10.0
1009,2.0,5.0,2018,2018-11-25,13:10:00,yas_marina,bottas,mercedes,32,7,14,-3.0,3.6666666666666665,5.0,-1.3333333333333333
1009,11.0,6.0,2018,2018-11-25,13:10:00,yas_marina,sainz,renault,32,63,18,5.0,13.0,9.666666666666666,3.3333333333333335
1009,8.0,7.0,2018,2018-11-25,13:10:00,yas_marina,leclerc,sauber,32,38,19,1.0,7.666666666666667,7.0,0.6666666666666666
1009,14.0,8.0,2018,2018-11-25,13:10:00,yas_marina,perez,force_india,32,51,6,6.0,10.333333333333334,8.333333333333334,2.0
1009,7.0,9.0,2018,2018-11-25,13:10:00,yas_marina,grosjean,haas,32,21,7,-2.0,10.333333333333334,10.666666666666666,-0.3333333333333333
1009,13.0,10.0,2018,2018-11-25,13:10:00,yas_marina,kevin_magnussen,haas,32,30,7,3.0,10.333333333333334,10.666666666666666,-0.3333333333333333
1009,15.0,11.0,2018,2018-11-25,13:10:00,yas_marina,alonso,mclaren,32,3,13,4.0,17.0,15.0,2.0
1009,16.0,12.0,2018,2018-11-25,13:10:00,yas_marina,brendon_hartley,toro_rosso,32,8,20,4.0,16.666666666666668,11.333333333333334,5.333333333333333
1009,20.0,13.0,2018,2018-11-25,13:10:00,yas_marina,stroll,williams,32,67,22,7.0,17.0,14.666666666666666,2.3333333333333335
1009,18.0,14.0,2018,2018-11-25,13:10:00,yas_marina,vandoorne,mclaren,32,71,13,4.0,17.333333333333332,11.0,6.333333333333333
1009,19.0,15.0,2018,2018-11-25,13:10:00,yas_marina,sirotkin,williams,32,65,22,4.0,15.666666666666666,14.0,1.6666666666666667
1010,2.0,1.0,2019,2019-03-17,05:10:00,albert_park,bottas,mercedes,0,7,14,1.0,3.3333333333333335,5.0,-1.6666666666666667
1010,1.0,2.0,2019,2019-03-17,05:10:00,albert_park,hamilton,mercedes,0,23,14,-1.0,1.6666666666666667,2.0,-0.3333333333333333
1010,4.0,3.0,2019,2019-03-17,05:10:00,albert_park,max_verstappen,red_bull,0,43,17,1.0,4.333333333333333,2.0,2.3333333333333335
1010,3.0,4.0,2019,2019-03-17,05:10:00,albert_park,vettel,ferrari,0,73,5,-1.0,3.0,3.3333333333333335,-0.3333333333333333
1010,5.0,5.0,2019,2019-03-17,05:10:00,albert_park,leclerc,ferrari,0,38,5,0.0,8.0,7.0,1.0
1010,7.0,6.0,2019,2019-03-17,05:10:00,albert_park,kevin_magnussen,haas,0,30,7,1.0,13.0,11.333333333333334,1.6666666666666667
1010,11.0,7.0,2019,2019-03-17,05:10:00,albert_park,hulkenberg,renault,0,26,18,4.0,8.666666666666666,8.0,0.6666666666666666
1010,9.0,8.0,2019,2019-03-17,05:10:00,albert_park,raikkonen,alfa,0,56,0,1.0,4.0,2.3333333333333335,1.6666666666666667
1010,16.0,9.0,2019,2019-03-17,05:10:00,albert_park,stroll,racing_point,0,67,15,7.0,18.666666666666668,14.333333333333334,4.333333333333333
1010,15.0,10.0,2019,2019-03-17,05:10:00,albert_park,kvyat,toro_rosso,0,35,20,5.0,12.666666666666666,11.333333333333334,1.3333333333333333
1010,17.0,11.0,2019,2019-03-17,05:10:00,albert_park,gasly,red_bull,0,17,17,6.0,16.0,11.666666666666666,4.333333333333333
1010,8.0,12.0,2019,2019-03-17,05:10:00,albert_park,norris,mclaren,0,49,13,-4.0,,,
1010,10.0,13.0,2019,2019-03-17,05:10:00,albert_park,perez,racing_point,0,51,15,-3.0,12.0,8.666666666666666,3.3333333333333335
1010,13.0,14.0,2019,2019-03-17,05:10:00,albert_park,albon,toro_rosso,0,1,20,-1.0,,,
1010,14.0,15.0,2019,2019-03-17,05:10:00,albert_park,giovinazzi,alfa,0,18,0,-1.0,,,
1010,19.0,16.0,2019,2019-03-17,05:10:00,albert_park,russell,williams,0,62,22,3.0,,,
1010,20.0,17.0,2019,2019-03-17,05:10:00,albert_park,kubica,williams,0,34,22,3.0,8.666666666666666,6.333333333333333,2.3333333333333335
1011,3.0,1.0,2019,2019-03-31,15:10:00,bahrain,hamilton,mercedes,2,23,14,2.0,1.0,1.3333333333333333,-0.3333333333333333
1011,4.0,2.0,2019,2019-03-31,15:10:00,bahrain,bottas,mercedes,2,7,14,2.0,2.3333333333333335,3.6666666666666665,-1.3333333333333333
1011,1.0,3.0,2019,2019-03-31,15:10:00,bahrain,leclerc,ferrari,2,38,5,-2.0,6.666666666666667,6.333333333333333,0.3333333333333333
1011,5.0,4.0,2019,2019-03-31,15:10:00,bahrain,max_verstappen,red_bull,2,43,17,1.0,5.0,2.6666666666666665,2.3333333333333335
1011,2.0,5.0,2019,2019-03-31,15:10:00,bahrain,vettel,ferrari,2,73,5,-3.0,2.6666666666666665,4.0,-1.3333333333333333
1011,9.0,6.0,2019,2019-03-31,15:10:00,bahrain,norris,mclaren,2,49,13,3.0,,,
1011,8.0,7.0,2019,2019-03-31,15:10:00,bahrain,raikkonen,alfa,2,56,0,1.0,6.333333333333333,4.666666666666667,1.6666666666666667
1011,13.0,8.0,2019,2019-03-31,15:10:00,bahrain,gasly,red_bull,2,17,17,5.0,15.333333333333334,11.333333333333334,4.0
1011,12.0,9.0,2019,2019-03-31,15:10:00,bahrain,albon,toro_rosso,2,1,20,3.0,,,
1011,14.0,10.0,2019,2019-03-31,15:10:00,bahrain,perez,racing_point,2,51,15,4.0,12.0,10.333333333333334,1.6666666666666667
1011,16.0,11.0,2019,2019-03-31,15:10:00,bahrain,giovinazzi,alfa,2,18,0,5.0,,,
1011,15.0,12.0,2019,2019-03-31,15:10:00,bahrain,kvyat,toro_rosso,2,35,20,3.0,11.333333333333334,10.666666666666666,0.6666666666666666
1011,6.0,13.0,2019,2019-03-31,15:10:00,bahrain,kevin_magnussen,haas,2,30,7,-7.0,10.0,8.333333333333334,1.6666666666666667
1011,18.0,14.0,2019,2019-03-31,15:10:00,bahrain,stroll,racing_point,2,67,15,4.0,18.333333333333332,13.333333333333334,5.0
1011,19.0,15.0,2019,2019-03-31,15:10:00,bahrain,russell,williams,2,62,22,4.0,,,
1011,20.0,16.0,2019,2019-03-31,15:10:00,bahrain,kubica,williams,2,34,22,4.0,12.666666666666666,10.333333333333334,2.3333333333333335
1012,2.0,1.0,2019,2019-04-14,06:10:00,shanghai,hamilton,mercedes,24,23,14,1.0,1.6666666666666667,1.3333333333333333,0.3333333333333333
1012,1.0,2.0,2019,2019-04-14,06:10:00,shanghai,bottas,mercedes,24,7,14,-1.0,2.6666666666666665,2.6666666666666665,0.0
1012,3.0,3.0,2019,2019-04-14,06:10:00,shanghai,vettel,ferrari,24,73,5,0.0,2.6666666666666665,3.6666666666666665,-1.0
1012,5.0,4.0,2019,2019-04-14,06:10:00,shanghai,max_verstappen,red_bull,24,43,17,1.0,5.0,3.3333333333333335,1.6666666666666667
1012,4.0,5.0,2019,2019-04-14,06:10:00,shanghai,leclerc,ferrari,24,38,5,-1.0,4.666666666666667,5.0,-0.3333333333333333
1012,6.0,6.0,2019,2019-04-14,06:10:00,shanghai,gasly,red_bull,24,17,17,0.0,13.0,10.666666666666666,2.3333333333333335
1012,7.0,7.0,2019,2019-04-14,06:10:00,shanghai,ricciardo,renault,24,58,18,0.0,10.333333333333334,4.0,6.333333333333333
1012,12.0,8.0,2019,2019-04-14,06:10:00,shanghai,perez,racing_point,24,51,15,4.0,12.666666666666666,10.333333333333334,2.3333333333333335
1012,13.0,9.0,2019,2019-04-14,06:10:00,shanghai,raikkonen,alfa,24,56,0,4.0,7.0,6.0,1.0
1012,0.0,10.0,2019,2019-04-14,06:10:00,shanghai,albon,toro_rosso,24,1,20,-10.0,,,
1012,10.0,11.0,2019,2019-04-14,06:10:00,shanghai,grosjean,haas,24,21,7,-1.0,11.0,11.0,0.0
1012,16.0,12.0,2019,2019-04-14,06:10:00,shanghai,stroll,racing_point,24,67,15,4.0,18.0,12.0,6.0
1012,9.0,13.0,2019,2019-04-14,06:10:00,shanghai,kevin_magnussen,haas,24,30,7,-4.0,8.666666666666666,9.666666666666666,-1.0
1012,14.0,14.0,2019,2019-04-14,06:10:00,shanghai,sainz,mclaren,24,63,13,0.0,12.333333333333334,8.333333333333334,4.0
1012,19.0,15.0,2019,2019-04-14,06:10:00,shanghai,giovinazzi,alfa,24,18,0,4.0,15.333333333333334,12.666666666666666,2.6666666666666665
1012,17.0,16.0,2019,2019-04-14,06:10:00,shanghai,russell,williams,24,62,22,1.0,,,
1012,18.0,17.0,2019,2019-04-14,06:10:00,shanghai,kubica,williams,24,34,22,1.0,17.0,12.666666666666666,4.333333333333333
1012,15.0,18.0,2019,2019-04-14,06:10:00,shanghai,norris,mclaren,24,49,13,-3.0,,,
1013,1.0,1.0,2019,2019-04-28,12:10:00,baku,bottas,mercedes,3,7,14,0.0,2.3333333333333335,1.6666666666666667,0.6666666666666666
1013,2.0,2.0,2019,2019-04-28,12:10:00,baku,hamilton,mercedes,3,23,14,0.0,2.0,1.3333333333333333,0.6666666666666666
1013,3.0,3.0,2019,2019-04-28,12:10:00,baku,vettel,ferrari,3,73,5,0.0,2.6666666666666665,4.0,-1.3333333333333333
1013,4.0,4.0,2019,2019-04-28,12:10:00,baku,max_verstappen,red_bull,3,43,17,0.0,4.666666666666667,3.6666666666666665,1.0
1013,8.0,5.0,2019,2019-04-28,12:10:00,baku,leclerc,ferrari,3,38,5,3.0,3.3333333333333335,4.333333333333333,-1.0
1013,5.0,6.0,2019,2019-04-28,12:10:00,baku,perez,racing_point,3,51,15,-1.0,12.0,10.333333333333334,1.6666666666666667
1013,9.0,7.0,2019,2019-04-28,12:10:00,baku,sainz,mclaren,3,63,13,2.0,13.333333333333334,10.666666666666666,2.6666666666666665
1013,7.0,8.0,2019,2019-04-28,12:10:00,baku,norris,mclaren,3,49,13,-1.0,10.666666666666666,12.0,-1.3333333333333333
1013,13.0,9.0,2019,2019-04-28,12:10:00,baku,stroll,racing_point,3,67,15,4.0,16.666666666666668,11.666666666666666,5.0
1013,0.0,10.0,2019,2019-04-28,12:10:00,baku,raikkonen,alfa,3,56,0,-10.0,10.0,8.0,2.0
1013,11.0,11.0,2019,2019-04-28,12:10:00,baku,albon,toro_rosso,3,1,20,0.0,8.333333333333334,11.0,-2.6666666666666665
1013,17.0,12.0,2019,2019-04-28,12:10:00,baku,giovinazzi,alfa,3,18,0,5.0,16.333333333333332,13.666666666666666,2.6666666666666665
1013,12.0,13.0,2019,2019-04-28,12:10:00,baku,kevin_magnussen,haas,3,30,7,-1.0,7.333333333333333,10.666666666666666,-3.3333333333333335
1013,15.0,14.0,2019,2019-04-28,12:10:00,baku,hulkenberg,renault,3,26,18,1.0,8.333333333333334,6.333333333333333,2.0
1013,16.0,15.0,2019,2019-04-28,12:10:00,baku,russell,williams,3,62,22,1.0,18.333333333333332,15.666666666666666,2.6666666666666665
1013,0.0,16.0,2019,2019-04-28,12:10:00,baku,kubica,williams,3,34,22,-16.0,19.333333333333332,16.666666666666668,2.6666666666666665
1014,2.0,1.0,2019,2019-05-12,13:10:00,catalunya,hamilton,mercedes,5,23,14,1.0,2.3333333333333335,1.3333333333333333,1.0
1014,1.0,2.0,2019,2019-05-12,13:10:00,catalunya,bottas,mercedes,5,7,14,-1.0,2.0,1.6666666666666667,0.3333333333333333
1014,4.0,3.0,2019,2019-05-12,13:10:00,catalunya,max_verstappen,red_bull,5,43,17,1.0,4.666666666666667,4.0,0.6666666666666666
1014,3.0,4.0,2019,2019-05-12,13:10:00,catalunya,vettel,ferrari,5,73,5,-1.0,2.6666666666666665,3.6666666666666665,-1.0
1014,5.0,5.0,2019,2019-05-12,13:10:00,catalunya,leclerc,ferrari,5,38,5,0.0,4.333333333333333,4.333333333333333,0.0
1014,6.0,6.0,2019,2019-05-12,13:10:00,catalunya,gasly,red_bull,5,17,17,0.0,12.0,8.333333333333334,3.6666666666666665
1014,8.0,7.0,2019,2019-05-12,13:10:00,catalunya,kevin_magnussen,haas,5,30,7,1.0,9.0,13.0,-4.0
1014,12.0,8.0,2019,2019-05-12,13:10:00,catalunya,sainz,mclaren,5,63,13,4.0,11.333333333333334,9.0,2.3333333333333335
1014,9.0,9.0,2019,2019-05-12,13:10:00,catalunya,kvyat,toro_rosso,5,35,20,0.0,13.666666666666666,10.666666666666666,3.0
1014,7.0,10.0,2019,2019-05-12,13:10:00,catalunya,grosjean,haas,5,21,7,-3.0,8.333333333333334,9.333333333333334,-1.0
1014,11.0,11.0,2019,2019-05-12,13:10:00,catalunya,albon,toro_rosso,5,1,20,0.0,7.666666666666667,10.0,-2.3333333333333335
1014,13.0,12.0,2019,2019-05-12,13:10:00,catalunya,ricciardo,renault,5,58,18,1.0,7.666666666666667,5.0,2.6666666666666665
1014,0.0,13.0,2019,2019-05-12,13:10:00,catalunya,hulkenberg,renault,5,26,18,-13.0,11.0,9.0,2.0
1014,14.0,14.0,2019,2019-05-12,13:10:00,catalunya,raikkonen,alfa,5,56,0,0.0,7.0,8.666666666666666,-1.6666666666666667
1014,15.0,15.0,2019,2019-05-12,13:10:00,catalunya,perez,racing_point,5,51,15,0.0,10.333333333333334,8.0,2.3333333333333335
1014,18.0,16.0,2019,2019-05-12,13:10:00,catalunya,giovinazzi,alfa,5,18,0,2.0,17.333333333333332,12.666666666666666,4.666666666666667
1014,19.0,17.0,2019,2019-05-12,13:10:00,catalunya,russell,williams,5,62,22,2.0,17.333333333333332,15.333333333333334,2.0
1014,17.0,18.0,2019,2019-05-12,13:10:00,catalunya,kubica,williams,5,34,22,-1.0,12.666666666666666,16.333333333333332,-3.6666666666666665
1015,1.0,1.0,2019,2019-05-26,13:10:00,monaco,hamilton,mercedes,15,23,14,0.0,2.0,1.3333333333333333,0.6666666666666666
1015,4.0,2.0,2019,2019-05-26,13:10:00,monaco,vettel,ferrari,15,73,5,2.0,3.0,3.3333333333333335,-0.3333333333333333
1015,2.0,3.0,2019,2019-05-26,13:10:00,monaco,bottas,mercedes,15,7,14,-1.0,1.0,1.6666666666666667,-0.6666666666666666
1015,3.0,4.0,2019,2019-05-26,13:10:00,monaco,max_verstappen,red_bull,15,43,17,-1.0,4.333333333333333,3.6666666666666665,0.6666666666666666
1015,8.0,5.0,2019,2019-05-26,13:10:00,monaco,gasly,red_bull,15,17,17,3.0,8.333333333333334,6.666666666666667,1.6666666666666667
1015,9.0,6.0,2019,2019-05-26,13:10:00,monaco,sainz,mclaren,15,63,13,3.0,11.666666666666666,9.666666666666666,2.0
1015,7.0,7.0,2019,2019-05-26,13:10:00,monaco,kvyat,toro_rosso,15,35,20,0.0,13.0,10.333333333333334,2.6666666666666665
1015,10.0,8.0,2019,2019-05-26,13:10:00,monaco,albon,toro_rosso,15,1,20,2.0,7.333333333333333,10.666666666666666,-3.3333333333333335
1015,6.0,9.0,2019,2019-05-26,13:10:00,monaco,ricciardo,renault,15,58,18,-3.0,8.333333333333334,7.666666666666667,0.6666666666666666
1015,13.0,10.0,2019,2019-05-26,13:10:00,monaco,grosjean,haas,15,21,7,3.0,8.0,10.0,-2.0
1015,12.0,11.0,2019,2019-05-26,13:10:00,monaco,norris,mclaren,15,49,13,1.0,10.333333333333334,10.666666666666666,-0.3333333333333333
1015,16.0,12.0,2019,2019-05-26,13:10:00,monaco,perez,racing_point,15,51,15,4.0,10.666666666666666,9.666666666666666,1.0
1015,11.0,13.0,2019,2019-05-26,13:10:00,monaco,hulkenberg,renault,15,26,18,-2.0,8.666666666666666,11.333333333333334,-2.6666666666666665
1015,5.0,14.0,2019,2019-05-26,13:10:00,monaco,kevin_magnussen,haas,15,30,7,-9.0,9.666666666666666,11.0,-1.3333333333333333
1015,19.0,15.0,2019,2019-05-26,13:10:00,monaco,russell,williams,15,62,22,4.0,17.333333333333332,16.0,1.3333333333333333
1015,17.0,16.0,2019,2019-05-26,13:10:00,monaco,stroll,racing_point,15,67,15,1.0,15.666666666666666,11.666666666666666,4.0
1015,14.0,17.0,2019,2019-05-26,13:10:00,monaco,raikkonen,alfa,15,56,0,-3.0,9.0,11.0,-2.0
1015,20.0,18.0,2019,2019-05-26,13:10:00,monaco,kubica,williams,15,34,22,2.0,11.666666666666666,17.0,-5.333333333333333
1015,18.0,19.0,2019,2019-05-26,13:10:00,monaco,giovinazzi,alfa,15,18,0,-1.0,18.0,14.333333333333334,3.6666666666666665
1016,2.0,1.0,2019,2019-06-09,18:10:00,villeneuve,hamilton,mercedes,31,23,14,1.0,1.6666666666666667,1.3333333333333333,0.3333333333333333
1016,1.0,2.0,2019,2019-06-09,18:10:00,villeneuve,vettel,ferrari,31,73,5,-1.0,3.3333333333333335,3.0,0.3333333333333333
1016,3.0,3.0,2019,2019-06-09,18:10:00,villeneuve,leclerc,ferrari,31,38,5,0.0,5.666666666666667,5.0,0.6666666666666666
1016,6.0,4.0,2019,2019-06-09,18:10:00,villeneuve,bottas,mercedes,31,7,14,2.0,1.3333333333333333,2.0,-0.6666666666666666
1016,9.0,5.0,2019,2019-06-09,18:10:00,villeneuve,max_verstappen,red_bull,31,43,17,4.0,3.6666666666666665,3.6666666666666665,0.0
1016,4.0,6.0,2019,2019-06-09,18:10:00,villeneuve,ricciardo,renault,31,58,18,-2.0,8.666666666666666,9.333333333333334,-0.6666666666666666
1016,7.0,7.0,2019,2019-06-09,18:10:00,villeneuve,hulkenberg,renault,31,26,18,0.0,8.666666666666666,13.333333333333334,-4.666666666666667
1016,5.0,8.0,2019,2019-06-09,18:10:00,villeneuve,gasly,red_bull,31,17,17,-3.0,6.666666666666667,5.666666666666667,1.0
1016,17.0,9.0,2019,2019-06-09,18:10:00,villeneuve,stroll,racing_point,31,67,15,8.0,15.333333333333334,12.333333333333334,3.0
1016,10.0,10.0,2019,2019-06-09,18:10:00,villeneuve,kvyat,toro_rosso,31,35,20,0.0,10.333333333333334,9.333333333333334,1.0
1016,11.0,11.0,2019,2019-06-09,18:10:00,villeneuve,sainz,mclaren,31,63,13,0.0,10.0,7.0,3.0
1016,15.0,12.0,2019,2019-06-09,18:10:00,villeneuve,perez,racing_point,31,51,15,3.0,12.0,11.0,1.0
1016,12.0,13.0,2019,2019-06-09,18:10:00,villeneuve,giovinazzi,alfa,31,18,0,-1.0,17.666666666666668,15.666666666666666,2.0
1016,14.0,14.0,2019,2019-06-09,18:10:00,villeneuve,grosjean,haas,31,21,7,0.0,10.0,10.333333333333334,-0.3333333333333333
1016,16.0,15.0,2019,2019-06-09,18:10:00,villeneuve,raikkonen,alfa,31,56,0,1.0,9.333333333333334,13.666666666666666,-4.333333333333333
1016,18.0,16.0,2019,2019-06-09,18:10:00,villeneuve,russell,williams,31,62,22,2.0,18.0,15.666666666666666,2.3333333333333335
1016,0.0,17.0,2019,2019-06-09,18:10:00,villeneuve,kevin_magnussen,haas,31,30,7,-17.0,8.333333333333334,11.333333333333334,-3.0
1016,19.0,18.0,2019,2019-06-09,18:10:00,villeneuve,kubica,williams,31,34,22,1.0,12.333333333333334,17.333333333333332,-5.0
1017,1.0,1.0,2019,2019-06-23,13:10:00,ricard,hamilton,mercedes,21,23,14,0.0,1.6666666666666667,1.0,0.6666666666666666
1017,2.0,2.0,2019,2019-06-23,13:10:00,ricard,bottas,mercedes,21,7,14,0.0,3.0,3.0,0.0
1017,3.0,3.0,2019,2019-06-23,13:10:00,ricard,leclerc,ferrari,21,38,5,0.0,5.333333333333333,4.333333333333333,1.0
1017,4.0,4.0,2019,2019-06-23,13:10:00,ricard,max_verstappen,red_bull,21,43,17,0.0,5.333333333333333,4.0,1.3333333333333333
1017,7.0,5.0,2019,2019-06-23,13:10:00,ricard,vettel,ferrari,21,73,5,2.0,2.6666666666666665,2.6666666666666665,0.0
1017,6.0,6.0,2019,2019-06-23,13:10:00,ricard,sainz,mclaren,21,63,13,0.0,10.666666666666666,8.333333333333334,2.3333333333333335
1017,12.0,7.0,2019,2019-06-23,13:10:00,ricard,raikkonen,alfa,21,56,0,5.0,14.666666666666666,15.333333333333334,-0.6666666666666666
1017,13.0,8.0,2019,2019-06-23,13:10:00,ricard,hulkenberg,renault,21,26,18,5.0,6.0,11.0,-5.0
1017,5.0,9.0,2019,2019-06-23,13:10:00,ricard,norris,mclaren,21,49,13,-4.0,11.333333333333334,12.333333333333334,-1.0
1017,9.0,10.0,2019,2019-06-23,13:10:00,ricard,gasly,red_bull,21,17,17,-1.0,6.333333333333333,6.333333333333333,0.0
1017,8.0,11.0,2019,2019-06-23,13:10:00,ricard,ricciardo,renault,21,58,18,-3.0,7.666666666666667,9.0,-1.3333333333333333
1017,14.0,12.0,2019,2019-06-23,13:10:00,ricard,perez,racing_point,21,51,15,2.0,15.333333333333334,13.0,2.3333333333333335
1017,17.0,13.0,2019,2019-06-23,13:10:00,ricard,stroll,racing_point,21,67,15,4.0,15.666666666666666,11.333333333333334,4.333333333333333
1017,19.0,14.0,2019,2019-06-23,13:10:00,ricard,kvyat,toro_rosso,21,35,20,5.0,8.666666666666666,8.666666666666666,0.0
1017,11.0,15.0,2019,2019-06-23,13:10:00,ricard,albon,toro_rosso,21,1,20,-4.0,10.666666666666666,10.0,0.6666666666666666
1017,10.0,16.0,2019,2019-06-23,13:10:00,ricard,giovinazzi,alfa,21,18,0,-6.0,16.0,16.0,0.0
1017,15.0,17.0,2019,2019-06-23,13:10:00,ricard,kevin_magnussen,haas,21,30,7,-2.0,4.333333333333333,12.666666666666666,-8.333333333333334
1017,18.0,18.0,2019,2019-06-23,13:10:00,ricard,kubica,williams,21,34,22,0.0,18.666666666666668,18.0,0.6666666666666666
1017,20.0,19.0,2019,2019-06-23,13:10:00,ricard,russell,williams,21,62,22,1.0,18.666666666666668,16.0,2.6666666666666665
1017,16.0,20.0,2019,2019-06-23,13:10:00,ricard,grosjean,haas,21,21,7,-4.0,11.333333333333334,11.333333333333334,0.0
1018,2.0,1.0,2019,2019-06-30,13:10:00,red_bull_ring,max_verstappen,red_bull,20,43,17,1.0,5.333333333333333,4.333333333333333,1.0
1018,1.0,2.0,2019,2019-06-30,13:10:00,red_bull_ring,leclerc,ferrari,20,38,5,-1.0,3.6666666666666665,3.6666666666666665,0.0
1018,3.0,3.0,2019,2019-06-30,13:10:00,red_bull_ring,bottas,mercedes,20,7,14,0.0,3.3333333333333335,3.0,0.3333333333333333
1018,9.0,4.0,2019,2019-06-30,13:10:00,red_bull_ring,vettel,ferrari,20,73,5,5.0,4.0,3.0,1.0
1018,4.0,5.0,2019,2019-06-30,13:10:00,red_bull_ring,hamilton,mercedes,20,23,14,-1.0,1.3333333333333333,1.0,0.3333333333333333
1018,5.0,6.0,2019,2019-06-30,13:10:00,red_bull_ring,norris,mclaren,20,49,13,-1.0,8.0,9.333333333333334,-1.3333333333333333
1018,8.0,7.0,2019,2019-06-30,13:10:00,red_bull_ring,gasly,red_bull,20,17,17,1.0,7.333333333333333,7.666666666666667,-0.3333333333333333
1018,19.0,8.0,2019,2019-06-30,13:10:00,red_bull_ring,sainz,mclaren,20,63,13,11.0,8.666666666666666,7.666666666666667,1.0
1018,6.0,9.0,2019,2019-06-30,13:10:00,red_bull_ring,raikkonen,alfa,20,56,0,-3.0,14.0,13.0,1.0
1018,7.0,10.0,2019,2019-06-30,13:10:00,red_bull_ring,giovinazzi,alfa,20,18,0,-3.0,13.333333333333334,16.0,-2.6666666666666665
1018,13.0,11.0,2019,2019-06-30,13:10:00,red_bull_ring,perez,racing_point,20,51,15,2.0,15.0,12.0,3.0
1018,12.0,12.0,2019,2019-06-30,13:10:00,red_bull_ring,ricciardo,renault,20,58,18,0.0,6.0,8.666666666666666,-2.6666666666666665
1018,15.0,13.0,2019,2019-06-30,13:10:00,red_bull_ring,hulkenberg,renault,20,26,18,2.0,10.333333333333334,9.333333333333334,1.0
1018,14.0,14.0,2019,2019-06-30,13:10:00,red_bull_ring,stroll,racing_point,20,67,15,0.0,17.0,12.666666666666666,4.333333333333333
1018,18.0,15.0,2019,2019-06-30,13:10:00,red_bull_ring,albon,toro_rosso,20,1,20,3.0,10.666666666666666,11.333333333333334,-0.6666666666666666
1018,11.0,16.0,2019,2019-06-30,13:10:00,red_bull_ring,grosjean,haas,20,21,7,-5.0,14.333333333333334,14.666666666666666,-0.3333333333333333
1018,16.0,17.0,2019,2019-06-30,13:10:00,red_bull_ring,kvyat,toro_rosso,20,35,20,-1.0,12.0,10.333333333333334,1.6666666666666667
1018,0.0,18.0,2019,2019-06-30,13:10:00,red_bull_ring,russell,williams,20,62,22,-18.0,19.0,16.666666666666668,2.3333333333333335
1018,10.0,19.0,2019,2019-06-30,13:10:00,red_bull_ring,kevin_magnussen,haas,20,30,7,-9.0,6.666666666666667,16.0,-9.333333333333334
1018,17.0,20.0,2019,2019-06-30,13:10:00,red_bull_ring,kubica,williams,20,34,22,-3.0,19.0,18.0,1.0
1019,2.0,1.0,2019,2019-07-14,13:10:00,silverstone,hamilton,mercedes,25,23,14,1.0,2.3333333333333335,2.3333333333333335,0.0
1019,1.0,2.0,2019,2019-07-14,13:10:00,silverstone,bottas,mercedes,25,7,14,-1.0,3.6666666666666665,3.0,0.6666666666666666
1019,3.0,3.0,2019,2019-07-14,13:10:00,silverstone,leclerc,ferrari,25,38,5,0.0,2.3333333333333335,2.6666666666666665,-0.3333333333333333
1019,5.0,4.0,2019,2019-07-14,13:10:00,silverstone,gasly,red_bull,25,17,17,1.0,7.333333333333333,8.333333333333334,-1.0
1019,4.0,5.0,2019,2019-07-14,13:10:00,silverstone,max_verstappen,red_bull,25,43,17,-1.0,5.0,3.3333333333333335,1.6666666666666667
1019,13.0,6.0,2019,2019-07-14,13:10:00,silverstone,sainz,mclaren,25,63,13,7.0,12.0,8.333333333333334,3.6666666666666665
1019,7.0,7.0,2019,2019-07-14,13:10:00,silverstone,ricciardo,renault,25,58,18,0.0,8.0,9.666666666666666,-1.6666666666666667
1019,12.0,8.0,2019,2019-07-14,13:10:00,silverstone,raikkonen,alfa,25,56,0,4.0,11.333333333333334,10.333333333333334,1.0
1019,17.0,9.0,2019,2019-07-14,13:10:00,silverstone,kvyat,toro_rosso,25,35,20,8.0,15.0,13.666666666666666,1.3333333333333333
1019,10.0,10.0,2019,2019-07-14,13:10:00,silverstone,hulkenberg,renault,25,26,18,0.0,11.666666666666666,9.333333333333334,2.3333333333333335
1019,8.0,11.0,2019,2019-07-14,13:10:00,silverstone,norris,mclaren,25,49,13,-3.0,7.333333333333333,8.666666666666666,-1.3333333333333333
1019,9.0,12.0,2019,2019-07-14,13:10:00,silverstone,albon,toro_rosso,25,1,20,-3.0,13.0,12.666666666666666,0.3333333333333333
1019,18.0,13.0,2019,2019-07-14,13:10:00,silverstone,stroll,racing_point,25,67,15,5.0,16.0,12.0,4.0
1019,19.0,14.0,2019,2019-07-14,13:10:00,silverstone,russell,williams,25,62,22,5.0,12.666666666666666,17.666666666666668,-5.0
1019,20.0,15.0,2019,2019-07-14,13:10:00,silverstone,kubica,williams,25,34,22,5.0,18.0,18.666666666666668,-0.6666666666666666
1019,6.0,16.0,2019,2019-07-14,13:10:00,silverstone,vettel,ferrari,25,73,5,-10.0,5.666666666666667,3.6666666666666665,2.0
1019,15.0,17.0,2019,2019-07-14,13:10:00,silverstone,perez,racing_point,25,51,15,-2.0,14.0,11.666666666666666,2.3333333333333335
1020,2.0,1.0,2019,2019-07-28,13:10:00,hockenheimring,max_verstappen,red_bull,6,43,17,1.0,3.3333333333333335,3.3333333333333335,0.0
1020,20.0,2.0,2019,2019-07-28,13:10:00,hockenheimring,vettel,ferrari,6,73,5,18.0,7.333333333333333,8.333333333333334,-1.0
1020,14.0,3.0,2019,2019-07-28,13:10:00,hockenheimring,kvyat,toro_rosso,6,35,20,11.0,17.333333333333332,13.333333333333334,4.0
1020,15.0,4.0,2019,2019-07-28,13:10:00,hockenheimring,stroll,racing_point,6,67,15,11.0,16.333333333333332,13.333333333333334,3.0
1020,7.0,5.0,2019,2019-07-28,13:10:00,hockenheimring,sainz,mclaren,6,63,13,2.0,12.666666666666666,6.666666666666667,6.0
1020,16.0,6.0,2019,2019-07-28,13:10:00,hockenheimring,albon,toro_rosso,6,1,20,10.0,12.666666666666666,14.0,-1.3333333333333333
1020,6.0,7.0,2019,2019-07-28,13:10:00,hockenheimring,grosjean,haas,6,21,7,-1.0,13.666666666666666,16.666666666666668,-3.0
1020,12.0,8.0,2019,2019-07-28,13:10:00,hockenheimring,kevin_magnussen,haas,6,30,7,4.0,8.333333333333334,17.666666666666668,-9.333333333333334
1020,1.0,9.0,2019,2019-07-28,13:10:00,hockenheimring,hamilton,mercedes,6,23,14,-8.0,2.3333333333333335,2.3333333333333335,0.0
1020,18.0,10.0,2019,2019-07-28,13:10:00,hockenheimring,kubica,williams,6,34,22,8.0,18.333333333333332,17.666666666666668,0.6666666666666666
1020,17.0,11.0,2019,2019-07-28,13:10:00,hockenheimring,russell,williams,6,62,22,6.0,13.0,17.0,-4.0
1020,5.0,12.0,2019,2019-07-28,13:10:00,hockenheimring,raikkonen,alfa,6,56,0,-7.0,10.0,8.0,2.0
1020,11.0,13.0,2019,2019-07-28,13:10:00,hockenheimring,giovinazzi,alfa,6,18,0,-2.0,9.666666666666666,13.0,-3.3333333333333335
1020,4.0,14.0,2019,2019-07-28,13:10:00,hockenheimring,gasly,red_bull,6,17,17,-10.0,7.333333333333333,7.0,0.3333333333333333
1021,3.0,1.0,2019,2019-08-04,13:10:00,hungaroring,hamilton,mercedes,7,23,14,2.0,2.3333333333333335,5.0,-2.6666666666666665
1021,1.0,2.0,2019,2019-08-04,13:10:00,hungaroring,max_verstappen,red_bull,7,43,17,-1.0,2.6666666666666665,2.3333333333333335,0.3333333333333333
1021,5.0,3.0,2019,2019-08-04,13:10:00,hungaroring,vettel,ferrari,7,73,5,2.0,11.666666666666666,7.333333333333333,4.333333333333333
1021,4.0,4.0,2019,2019-08-04,13:10:00,hungaroring,leclerc,ferrari,7,38,5,0.0,2.3333333333333335,2.6666666666666665,-0.3333333333333333
1021,8.0,5.0,2019,2019-08-04,13:10:00,hungaroring,sainz,mclaren,7,63,13,3.0,13.0,6.333333333333333,6.666666666666667
1021,6.0,6.0,2019,2019-08-04,13:10:00,hungaroring,gasly,red_bull,7,17,17,0.0,5.666666666666667,8.333333333333334,-2.6666666666666665
1021,10.0,7.0,2019,2019-08-04,13:10:00,hungaroring,raikkonen,alfa,7,56,0,3.0,7.666666666666667,9.666666666666666,-2.0
1021,2.0,8.0,2019,2019-08-04,13:10:00,hungaroring,bottas,mercedes,7,7,14,-6.0,2.0,2.3333333333333335,-0.3333333333333333
1021,7.0,9.0,2019,2019-08-04,13:10:00,hungaroring,norris,mclaren,7,49,13,-2.0,6.0,8.666666666666666,-2.6666666666666665
1021,12.0,10.0,2019,2019-08-04,13:10:00,hungaroring,albon,toro_rosso,7,1,20,2.0,14.333333333333334,11.0,3.3333333333333335
1021,16.0,11.0,2019,2019-08-04,13:10:00,hungaroring,perez,racing_point,7,51,15,5.0,14.0,13.333333333333334,0.6666666666666666
1021,11.0,12.0,2019,2019-08-04,13:10:00,hungaroring,hulkenberg,renault,7,26,18,-1.0,12.666666666666666,10.333333333333334,2.3333333333333335
1021,14.0,13.0,2019,2019-08-04,13:10:00,hungaroring,kevin_magnussen,haas,7,30,7,1.0,12.333333333333334,14.666666666666666,-2.3333333333333335
1021,20.0,14.0,2019,2019-08-04,13:10:00,hungaroring,ricciardo,renault,7,58,18,6.0,9.0,10.0,-1.0
1021,13.0,15.0,2019,2019-08-04,13:10:00,hungaroring,kvyat,toro_rosso,7,35,20,-2.0,15.666666666666666,9.666666666666666,6.0
1021,15.0,16.0,2019,2019-08-04,13:10:00,hungaroring,russell,williams,7,62,22,-1.0,12.0,14.333333333333334,-2.3333333333333335
1021,18.0,17.0,2019,2019-08-04,13:10:00,hungaroring,stroll,racing_point,7,67,15,1.0,15.666666666666666,10.333333333333334,5.333333333333333
1021,17.0,18.0,2019,2019-08-04,13:10:00,hungaroring,giovinazzi,alfa,7,18,0,-1.0,9.333333333333334,13.0,-3.6666666666666665
1021,19.0,19.0,2019,2019-08-04,13:10:00,hungaroring,kubica,williams,7,34,22,0.0,18.333333333333332,15.0,3.3333333333333335
1022,1.0,1.0,2019,2019-09-01,13:10:00,spa,leclerc,ferrari,27,38,5,0.0,2.6666666666666665,3.0,-0.3333333333333333
1022,3.0,2.0,2019,2019-09-01,13:10:00,spa,hamilton,mercedes,27,23,14,1.0,2.0,3.6666666666666665,-1.6666666666666667
1022,4.0,3.0,2019,2019-09-01,13:10:00,spa,bottas,mercedes,27,7,14,1.0,2.0,4.333333333333333,-2.3333333333333335
1022,2.0,4.0,2019,2019-09-01,13:10:00,spa,vettel,ferrari,27,73,5,-2.0,10.333333333333334,7.0,3.3333333333333335
1022,17.0,5.0,2019,2019-09-01,13:10:00,spa,albon,red_bull,27,1,17,12.0,12.333333333333334,9.333333333333334,3.0
1022,7.0,6.0,2019,2019-09-01,13:10:00,spa,perez,racing_point,27,51,15,1.0,14.666666666666666,13.0,1.6666666666666667
1022,19.0,7.0,2019,2019-09-01,13:10:00,spa,kvyat,toro_rosso,27,35,20,12.0,14.666666666666666,9.0,5.666666666666667
1022,12.0,8.0,2019,2019-09-01,13:10:00,spa,hulkenberg,renault,27,26,18,4.0,12.0,11.666666666666666,0.3333333333333333
1022,13.0,9.0,2019,2019-09-01,13:10:00,spa,gasly,toro_rosso,27,17,20,4.0,5.0,8.0,-3.0
1022,16.0,10.0,2019,2019-09-01,13:10:00,spa,stroll,racing_point,27,67,15,6.0,17.0,11.333333333333334,5.666666666666667
1022,11.0,11.0,2019,2019-09-01,13:10:00,spa,norris,mclaren,27,49,13,0.0,6.666666666666667,8.666666666666666,-2.0
1022,8.0,12.0,2019,2019-09-01,13:10:00,spa,kevin_magnussen,haas,27,30,7,-4.0,12.0,13.333333333333334,-1.3333333333333333
1022,9.0,13.0,2019,2019-09-01,13:10:00,spa,grosjean,haas,27,21,7,-4.0,11.0,14.333333333333334,-3.3333333333333335
1022,10.0,14.0,2019,2019-09-01,13:10:00,spa,ricciardo,renault,27,58,18,-4.0,13.0,11.0,2.0
1022,14.0,15.0,2019,2019-09-01,13:10:00,spa,russell,williams,27,62,22,-1.0,17.0,13.666666666666666,3.3333333333333335
1022,6.0,16.0,2019,2019-09-01,13:10:00,spa,raikkonen,alfa,27,56,0,-10.0,9.0,9.0,0.0
1022,0.0,17.0,2019,2019-09-01,13:10:00,spa,kubica,williams,27,34,22,-17.0,19.0,14.666666666666666,4.333333333333333
1022,18.0,18.0,2019,2019-09-01,13:10:00,spa,giovinazzi,alfa,27,18,0,0.0,11.666666666666666,13.666666666666666,-2.0
1023,1.0,1.0,2019,2019-09-08,13:10:00,monza,leclerc,ferrari,16,38,5,0.0,2.6666666666666665,2.6666666666666665,0.0
1023,3.0,2.0,2019,2019-09-08,13:10:00,monza,bottas,mercedes,16,7,14,1.0,2.3333333333333335,4.333333333333333,-2.0
1023,2.0,3.0,2019,2019-09-08,13:10:00,monza,hamilton,mercedes,16,23,14,-1.0,2.3333333333333335,4.0,-1.6666666666666667
1023,5.0,4.0,2019,2019-09-08,13:10:00,monza,ricciardo,renault,16,58,18,1.0,12.333333333333334,11.666666666666666,0.6666666666666666
1023,6.0,5.0,2019,2019-09-08,13:10:00,monza,hulkenberg,renault,16,26,18,1.0,11.0,10.0,1.0
1023,8.0,6.0,2019,2019-09-08,13:10:00,monza,albon,red_bull,16,1,17,2.0,15.0,7.0,8.0
1023,18.0,7.0,2019,2019-09-08,13:10:00,monza,perez,racing_point,16,51,15,11.0,12.666666666666666,11.333333333333334,1.3333333333333333
1023,19.0,8.0,2019,2019-09-08,13:10:00,monza,max_verstappen,red_bull,16,43,17,11.0,2.3333333333333335,2.6666666666666665,-0.3333333333333333
1023,10.0,9.0,2019,2019-09-08,13:10:00,monza,giovinazzi,alfa,16,18,0,1.0,15.333333333333334,16.333333333333332,-1.0
1023,16.0,10.0,2019,2019-09-08,13:10:00,monza,norris,mclaren,16,49,13,6.0,8.666666666666666,10.333333333333334,-1.6666666666666667
1023,17.0,11.0,2019,2019-09-08,13:10:00,monza,gasly,toro_rosso,16,17,20,6.0,7.666666666666667,9.666666666666666,-2.0
1023,9.0,12.0,2019,2019-09-08,13:10:00,monza,stroll,racing_point,16,67,15,-3.0,16.333333333333332,10.333333333333334,6.0
1023,4.0,13.0,2019,2019-09-08,13:10:00,monza,vettel,ferrari,16,73,5,-9.0,9.0,3.0,6.0
1023,14.0,14.0,2019,2019-09-08,13:10:00,monza,russell,williams,16,62,22,0.0,15.333333333333334,14.0,1.3333333333333333
1023,0.0,15.0,2019,2019-09-08,13:10:00,monza,raikkonen,alfa,16,56,0,-15.0,7.0,11.666666666666666,-4.666666666666667
1023,13.0,16.0,2019,2019-09-08,13:10:00,monza,grosjean,haas,16,21,7,-3.0,8.666666666666666,12.0,-3.3333333333333335
1023,15.0,17.0,2019,2019-09-08,13:10:00,monza,kubica,williams,16,34,22,-2.0,12.333333333333334,15.333333333333334,-3.0
1024,3.0,1.0,2019,2019-09-22,12:10:00,marina_bay,vettel,ferrari,13,73,5,2.0,3.6666666666666665,6.666666666666667,-3.0
1024,1.0,2.0,2019,2019-09-22,12:10:00,marina_bay,leclerc,ferrari,13,38,5,-1.0,2.0,2.0,0.0
1024,4.0,3.0,2019,2019-09-22,12:10:00,marina_bay,max_verstappen,red_bull,13,43,17,1.0,7.333333333333333,3.6666666666666665,3.6666666666666665
1024,2.0,4.0,2019,2019-09-22,12:10:00,marina_bay,hamilton,mercedes,13,23,14,-2.0,2.6666666666666665,2.0,0.6666666666666666
1024,5.0,5.0,2019,2019-09-22,12:10:00,marina_bay,bottas,mercedes,13,7,14,0.0,3.0,4.333333333333333,-1.3333333333333333
1024,6.0,6.0,2019,2019-09-22,12:10:00,marina_bay,albon,red_bull,13,1,17,0.0,12.333333333333334,7.0,5.333333333333333
1024,9.0,7.0,2019,2019-09-22,12:10:00,marina_bay,norris,mclaren,13,49,13,2.0,11.333333333333334,10.0,1.3333333333333333
1024,11.0,8.0,2019,2019-09-22,12:10:00,marina_bay,gasly,toro_rosso,13,17,20,3.0,12.0,8.666666666666666,3.3333333333333335
1024,8.0,9.0,2019,2019-09-22,12:10:00,marina_bay,hulkenberg,renault,13,26,18,-1.0,9.666666666666666,8.333333333333334,1.3333333333333333
1024,10.0,10.0,2019,2019-09-22,12:10:00,marina_bay,giovinazzi,alfa,13,18,0,0.0,15.0,15.0,0.0
1024,17.0,11.0,2019,2019-09-22,12:10:00,marina_bay,grosjean,haas,13,21,7,6.0,9.333333333333334,12.0,-2.6666666666666665
1024,7.0,12.0,2019,2019-09-22,12:10:00,marina_bay,sainz,mclaren,13,63,13,-5.0,9.333333333333334,5.333333333333333,4.0
1024,16.0,13.0,2019,2019-09-22,12:10:00,marina_bay,stroll,racing_point,13,67,15,3.0,14.333333333333334,13.0,1.3333333333333333
1024,20.0,14.0,2019,2019-09-22,12:10:00,marina_bay,ricciardo,renault,13,58,18,6.0,11.666666666666666,10.666666666666666,1.0
1024,14.0,15.0,2019,2019-09-22,12:10:00,marina_bay,kvyat,toro_rosso,13,35,20,-1.0,15.333333333333334,8.333333333333334,7.0
1024,19.0,16.0,2019,2019-09-22,12:10:00,marina_bay,kubica,williams,13,34,22,3.0,11.333333333333334,17.666666666666668,-6.333333333333333
1024,13.0,17.0,2019,2019-09-22,12:10:00,marina_bay,kevin_magnussen,haas,13,30,7,-4.0,11.333333333333334,11.0,0.3333333333333333
1025,2.0,1.0,2019,2019-09-29,11:10:00,sochi,hamilton,mercedes,26,23,14,1.0,2.3333333333333335,3.0,-0.6666666666666666
1025,4.0,2.0,2019,2019-09-29,11:10:00,sochi,bottas,mercedes,26,7,14,2.0,4.0,3.3333333333333335,0.6666666666666666
1025,1.0,3.0,2019,2019-09-29,11:10:00,sochi,leclerc,ferrari,26,38,5,-2.0,1.0,1.3333333333333333,-0.3333333333333333
1025,9.0,4.0,2019,2019-09-29,11:10:00,sochi,max_verstappen,red_bull,26,43,17,5.0,8.0,4.333333333333333,3.6666666666666665
1025,0.0,5.0,2019,2019-09-29,11:10:00,sochi,albon,red_bull,26,1,17,-5.0,10.333333333333334,5.666666666666667,4.666666666666667
1025,5.0,6.0,2019,2019-09-29,11:10:00,sochi,sainz,mclaren,26,63,13,-1.0,7.333333333333333,7.333333333333333,0.0
1025,11.0,7.0,2019,2019-09-29,11:10:00,sochi,perez,racing_point,26,51,15,4.0,13.666666666666666,8.0,5.666666666666667
1025,7.0,8.0,2019,2019-09-29,11:10:00,sochi,norris,mclaren,26,49,13,-1.0,12.0,9.333333333333334,2.6666666666666665
1025,13.0,9.0,2019,2019-09-29,11:10:00,sochi,kevin_magnussen,haas,26,30,7,4.0,11.666666666666666,14.0,-2.3333333333333335
1025,6.0,10.0,2019,2019-09-29,11:10:00,sochi,hulkenberg,renault,26,26,18,-4.0,8.666666666666666,7.333333333333333,1.3333333333333333
1025,14.0,11.0,2019,2019-09-29,11:10:00,sochi,stroll,racing_point,26,67,15,3.0,13.666666666666666,11.666666666666666,2.0
1025,19.0,12.0,2019,2019-09-29,11:10:00,sochi,kvyat,toro_rosso,26,35,20,7.0,15.333333333333334,12.333333333333334,3.0
1025,15.0,13.0,2019,2019-09-29,11:10:00,sochi,raikkonen,alfa,26,56,0,2.0,5.333333333333333,12.666666666666666,-7.333333333333333
1025,16.0,14.0,2019,2019-09-29,11:10:00,sochi,gasly,toro_rosso,26,17,20,2.0,13.666666666666666,9.333333333333334,4.333333333333333
1025,12.0,15.0,2019,2019-09-29,11:10:00,sochi,giovinazzi,alfa,26,18,0,-3.0,12.666666666666666,12.333333333333334,0.3333333333333333
1026,3.0,1.0,2019,2019-10-13,05:10:00,suzuka,bottas,mercedes,28,7,14,2.0,4.0,3.0,1.0
1026,1.0,2.0,2019,2019-10-13,05:10:00,suzuka,vettel,ferrari,28,73,5,-1.0,3.0,6.0,-3.0
1026,4.0,3.0,2019,2019-10-13,05:10:00,suzuka,hamilton,mercedes,28,23,14,1.0,2.0,2.6666666666666665,-0.6666666666666666
1026,6.0,4.0,2019,2019-10-13,05:10:00,suzuka,albon,red_bull,28,1,17,2.0,4.666666666666667,5.666666666666667,-1.0
1026,7.0,5.0,2019,2019-10-13,05:10:00,suzuka,sainz,mclaren,28,63,13,2.0,6.666666666666667,7.666666666666667,-1.0
1026,2.0,6.0,2019,2019-10-13,05:10:00,suzuka,leclerc,ferrari,28,38,5,-4.0,1.0,2.0,-1.0
1026,9.0,7.0,2019,2019-10-13,05:10:00,suzuka,gasly,toro_rosso,28,17,20,2.0,14.666666666666666,11.0,3.6666666666666665
1026,17.0,8.0,2019,2019-10-13,05:10:00,suzuka,perez,racing_point,28,51,15,9.0,12.0,6.666666666666667,5.333333333333333
1026,12.0,9.0,2019,2019-10-13,05:10:00,suzuka,stroll,racing_point,28,67,15,3.0,13.0,12.0,1.0
1026,14.0,10.0,2019,2019-10-13,05:10:00,suzuka,kvyat,toro_rosso,28,35,20,4.0,17.333333333333332,11.333333333333334,6.0
1026,8.0,11.0,2019,2019-10-13,05:10:00,suzuka,norris,mclaren,28,49,13,-3.0,10.666666666666666,8.333333333333334,2.3333333333333335
1026,13.0,12.0,2019,2019-10-13,05:10:00,suzuka,raikkonen,alfa,28,56,0,1.0,7.0,14.666666666666666,-7.666666666666667
1026,10.0,13.0,2019,2019-10-13,05:10:00,suzuka,grosjean,haas,28,21,7,-3.0,13.0,13.333333333333334,-0.3333333333333333
1026,11.0,14.0,2019,2019-10-13,05:10:00,suzuka,giovinazzi,alfa,28,18,0,-3.0,10.666666666666666,11.333333333333334,-0.6666666666666666
1026,19.0,15.0,2019,2019-10-13,05:10:00,suzuka,kevin_magnussen,haas,28,30,7,4.0,11.333333333333334,12.666666666666666,-1.3333333333333333
1026,18.0,16.0,2019,2019-10-13,05:10:00,suzuka,russell,williams,28,62,22,2.0,14.333333333333334,15.0,-0.6666666666666666
1026,0.0,17.0,2019,2019-10-13,05:10:00,suzuka,kubica,williams,28,34,22,-17.0,11.333333333333334,16.666666666666668,-5.333333333333333
1027,3.0,1.0,2019,2019-10-27,19:10:00,rodriguez,hamilton,mercedes,22,23,14,2.0,2.6666666666666665,2.6666666666666665,0.0
1027,2.0,2.0,2019,2019-10-27,19:10:00,rodriguez,vettel,ferrari,22,73,5,0.0,2.6666666666666665,5.333333333333333,-2.6666666666666665
1027,6.0,3.0,2019,2019-10-27,19:10:00,rodriguez,bottas,mercedes,22,7,14,3.0,4.0,2.6666666666666665,1.3333333333333333
1027,1.0,4.0,2019,2019-10-27,19:10:00,rodriguez,leclerc,ferrari,22,38,5,-3.0,1.3333333333333333,3.6666666666666665,-2.3333333333333335
1027,5.0,5.0,2019,2019-10-27,19:10:00,rodriguez,albon,red_bull,22,1,17,0.0,4.0,5.0,-1.0
1027,4.0,6.0,2019,2019-10-27,19:10:00,rodriguez,max_verstappen,red_bull,22,43,17,-2.0,10.666666666666666,5.0,5.666666666666667
1027,11.0,7.0,2019,2019-10-27,19:10:00,rodriguez,perez,racing_point,22,51,15,4.0,15.333333333333334,7.333333333333333,8.0
1027,13.0,8.0,2019,2019-10-27,19:10:00,rodriguez,ricciardo,renault,22,58,18,5.0,11.666666666666666,10.666666666666666,1.0
1027,10.0,9.0,2019,2019-10-27,19:10:00,rodriguez,gasly,toro_rosso,22,17,20,1.0,12.0,9.666666666666666,2.3333333333333335
1027,12.0,10.0,2019,2019-10-27,19:10:00,rodriguez,hulkenberg,renault,22,26,18,2.0,6.666666666666667,8.0,-1.3333333333333333
1027,9.0,11.0,2019,2019-10-27,19:10:00,rodriguez,kvyat,toro_rosso,22,35,20,-2.0,15.666666666666666,12.333333333333334,3.3333333333333335
1027,16.0,12.0,2019,2019-10-27,19:10:00,rodriguez,stroll,racing_point,22,67,15,4.0,14.0,11.0,3.0
1027,7.0,13.0,2019,2019-10-27,19:10:00,rodriguez,sainz,mclaren,22,63,13,-6.0,6.333333333333333,7.666666666666667,-1.3333333333333333
1027,15.0,14.0,2019,2019-10-27,19:10:00,rodriguez,giovinazzi,alfa,22,18,0,1.0,11.0,13.0,-2.0
1027,17.0,15.0,2019,2019-10-27,19:10:00,rodriguez,kevin_magnussen,haas,22,30,7,2.0,15.0,13.666666666666666,1.3333333333333333
1027,19.0,16.0,2019,2019-10-27,19:10:00,rodriguez,russell,williams,22,62,22,3.0,15.333333333333334,15.0,0.3333333333333333
1027,18.0,17.0,2019,2019-10-27,19:10:00,rodriguez,grosjean,haas,22,21,7,1.0,13.333333333333334,13.333333333333334,0.0
1027,20.0,18.0,2019,2019-10-27,19:10:00,rodriguez,kubica,williams,22,34,22,2.0,11.333333333333334,16.666666666666668,-5.333333333333333
1028,1.0,1.0,2019,2019-11-03,19:10:00,americas,bottas,mercedes,1,7,14,0.0,4.333333333333333,2.0,2.3333333333333335
1028,5.0,2.0,2019,2019-11-03,19:10:00,americas,hamilton,mercedes,1,23,14,3.0,3.0,1.6666666666666667,1.3333333333333333
1028,3.0,3.0,2019,2019-11-03,19:10:00,americas,max_verstappen,red_bull,1,43,17,0.0,5.666666666666667,4.333333333333333,1.3333333333333333
1028,4.0,4.0,2019,2019-11-03,19:10:00,americas,leclerc,ferrari,1,38,5,0.0,1.3333333333333333,4.333333333333333,-3.0
1028,6.0,5.0,2019,2019-11-03,19:10:00,americas,albon,red_bull,1,1,17,1.0,3.6666666666666665,4.666666666666667,-1.0
1028,9.0,6.0,2019,2019-11-03,19:10:00,americas,ricciardo,renault,1,58,18,3.0,12.666666666666666,8.666666666666666,4.0
1028,8.0,7.0,2019,2019-11-03,19:10:00,americas,norris,mclaren,1,49,13,1.0,8.0,8.666666666666666,-0.6666666666666666
1028,7.0,8.0,2019,2019-11-03,19:10:00,americas,sainz,mclaren,1,63,13,-1.0,6.333333333333333,8.0,-1.6666666666666667
1028,11.0,9.0,2019,2019-11-03,19:10:00,americas,hulkenberg,renault,1,26,18,2.0,8.666666666666666,9.666666666666666,-1.0
1028,0.0,10.0,2019,2019-11-03,19:10:00,americas,perez,racing_point,1,51,15,-10.0,13.0,7.333333333333333,5.666666666666667
1028,17.0,11.0,2019,2019-11-03,19:10:00,americas,raikkonen,alfa,1,56,0,6.0,9.333333333333334,13.333333333333334,-4.0
1028,13.0,12.0,2019,2019-11-03,19:10:00,americas,kvyat,toro_rosso,1,35,20,1.0,14.0,11.0,3.0
1028,14.0,13.0,2019,2019-11-03,19:10:00,americas,stroll,racing_point,1,67,15,1.0,14.0,10.666666666666666,3.3333333333333335
1028,16.0,14.0,2019,2019-11-03,19:10:00,americas,giovinazzi,alfa,1,18,0,2.0,12.666666666666666,14.333333333333334,-1.6666666666666667
1028,15.0,15.0,2019,2019-11-03,19:10:00,americas,grosjean,haas,1,21,7,0.0,15.0,13.666666666666666,1.3333333333333333
1028,10.0,16.0,2019,2019-11-03,19:10:00,americas,gasly,toro_rosso,1,17,20,-6.0,11.666666666666666,10.0,1.6666666666666667
1028,18.0,17.0,2019,2019-11-03,19:10:00,americas,russell,williams,1,62,22,1.0,17.0,15.333333333333334,1.6666666666666667
1028,12.0,18.0,2019,2019-11-03,19:10:00,americas,kevin_magnussen,haas,1,30,7,-6.0,16.333333333333332,13.0,3.3333333333333335
1029,1.0,1.0,2019,2019-11-17,17:10:00,interlagos,max_verstappen,red_bull,9,43,17,0.0,5.333333333333333,4.333333333333333,1.0
1029,6.0,2.0,2019,2019-11-17,17:10:00,interlagos,gasly,toro_rosso,9,17,20,4.0,9.666666666666666,10.666666666666666,-1.0
1029,20.0,3.0,2019,2019-11-17,17:10:00,interlagos,sainz,mclaren,9,63,13,17.0,7.0,8.666666666666666,-1.6666666666666667
1029,8.0,4.0,2019,2019-11-17,17:10:00,interlagos,raikkonen,alfa,9,56,0,4.0,15.0,12.0,3.0
1029,12.0,5.0,2019,2019-11-17,17:10:00,interlagos,giovinazzi,alfa,9,18,0,7.0,14.0,14.0,0.0
1029,11.0,6.0,2019,2019-11-17,17:10:00,interlagos,ricciardo,renault,9,58,18,5.0,14.0,9.333333333333334,4.666666666666667
1029,3.0,7.0,2019,2019-11-17,17:10:00,interlagos,hamilton,mercedes,9,23,14,-4.0,4.0,2.0,2.0
1029,10.0,8.0,2019,2019-11-17,17:10:00,interlagos,norris,mclaren,9,49,13,2.0,7.666666666666667,8.666666666666666,-1.0
1029,15.0,9.0,2019,2019-11-17,17:10:00,interlagos,perez,racing_point,9,51,15,6.0,9.333333333333334,8.333333333333334,1.0
1029,16.0,10.0,2019,2019-11-17,17:10:00,interlagos,kvyat,toro_rosso,9,35,20,6.0,12.0,11.0,1.0
1029,9.0,11.0,2019,2019-11-17,17:10:00,interlagos,kevin_magnussen,haas,9,30,7,-2.0,16.0,16.0,0.0
1029,18.0,12.0,2019,2019-11-17,17:10:00,interlagos,russell,williams,9,62,22,6.0,18.333333333333332,16.333333333333332,2.0
1029,7.0,13.0,2019,2019-11-17,17:10:00,interlagos,grosjean,haas,9,21,7,-6.0,14.333333333333334,15.0,-0.6666666666666666
1029,5.0,14.0,2019,2019-11-17,17:10:00,interlagos,albon,red_bull,9,1,17,-9.0,5.666666666666667,4.666666666666667,1.0
1029,13.0,15.0,2019,2019-11-17,17:10:00,interlagos,hulkenberg,renault,9,26,18,-2.0,9.666666666666666,9.666666666666666,0.0
1029,19.0,16.0,2019,2019-11-17,17:10:00,interlagos,kubica,williams,9,34,22,3.0,13.0,17.0,-4.0
1029,2.0,17.0,2019,2019-11-17,17:10:00,interlagos,vettel,ferrari,9,73,5,-15.0,2.0,1.6666666666666667,0.3333333333333333
1029,14.0,18.0,2019,2019-11-17,17:10:00,interlagos,leclerc,ferrari,9,38,5,-4.0,2.3333333333333335,4.666666666666667,-2.3333333333333335
1029,17.0,19.0,2019,2019-11-17,17:10:00,interlagos,stroll,racing_point,9,67,15,-2.0,14.0,11.333333333333334,2.6666666666666665
1030,1.0,1.0,2019,2019-12-01,13:10:00,yas_marina,hamilton,mercedes,32,23,14,0.0,3.6666666666666665,3.3333333333333335,0.3333333333333333
1030,2.0,2.0,2019,2019-12-01,13:10:00,yas_marina,max_verstappen,red_bull,32,43,17,0.0,2.6666666666666665,3.3333333333333335,-0.6666666666666666
1030,3.0,3.0,2019,2019-12-01,13:10:00,yas_marina,leclerc,ferrari,32,38,5,0.0,6.333333333333333,8.666666666666666,-2.3333333333333335
1030,20.0,4.0,2019,2019-12-01,13:10:00,yas_marina,bottas,mercedes,32,7,14,16.0,3.3333333333333335,1.6666666666666667,1.6666666666666667
1030,4.0,5.0,2019,2019-12-01,13:10:00,yas_marina,vettel,ferrari,32,73,5,-1.0,1.6666666666666667,7.0,-5.333333333333333
1030,5.0,6.0,2019,2019-12-01,13:10:00,yas_marina,albon,red_bull,32,1,17,-1.0,5.333333333333333,8.0,-2.6666666666666665
1030,10.0,7.0,2019,2019-12-01,13:10:00,yas_marina,perez,racing_point,32,51,15,3.0,8.666666666666666,8.666666666666666,0.0
1030,6.0,8.0,2019,2019-12-01,13:10:00,yas_marina,norris,mclaren,32,49,13,-2.0,8.666666666666666,8.666666666666666,0.0
1030,13.0,9.0,2019,2019-12-01,13:10:00,yas_marina,kvyat,toro_rosso,32,35,20,4.0,12.666666666666666,11.0,1.6666666666666667
1030,8.0,10.0,2019,2019-12-01,13:10:00,yas_marina,sainz,mclaren,32,63,13,-2.0,11.333333333333334,8.0,3.3333333333333335
1030,7.0,11.0,2019,2019-12-01,13:10:00,yas_marina,ricciardo,renault,32,58,18,-4.0,11.0,6.666666666666667,4.333333333333333
1030,9.0,12.0,2019,2019-12-01,13:10:00,yas_marina,hulkenberg,renault,32,26,18,-3.0,12.0,11.333333333333334,0.6666666666666666
1030,17.0,13.0,2019,2019-12-01,13:10:00,yas_marina,raikkonen,alfa,32,56,0,4.0,12.666666666666666,9.0,3.6666666666666665
1030,14.0,14.0,2019,2019-12-01,13:10:00,yas_marina,kevin_magnussen,haas,32,30,7,0.0,12.666666666666666,14.666666666666666,-2.0
1030,15.0,15.0,2019,2019-12-01,13:10:00,yas_marina,grosjean,haas,32,21,7,0.0,13.333333333333334,15.0,-1.6666666666666667
1030,16.0,16.0,2019,2019-12-01,13:10:00,yas_marina,giovinazzi,alfa,32,18,0,0.0,14.333333333333334,11.0,3.3333333333333335
1030,18.0,17.0,2019,2019-12-01,13:10:00,yas_marina,russell,williams,32,62,22,1.0,18.333333333333332,15.0,3.3333333333333335
1030,11.0,18.0,2019,2019-12-01,13:10:00,yas_marina,gasly,toro_rosso,32,17,20,-7.0,8.666666666666666,9.0,-0.3333333333333333
1030,19.0,19.0,2019,2019-12-01,13:10:00,yas_marina,kubica,williams,32,34,22,0.0,13.0,17.0,-4.0
1031,1.0,1.0,2020,2020-07-05,13:10:00,red_bull_ring,bottas,mercedes,20,7,14,0.0,9.0,2.6666666666666665,6.333333333333333
1031,7.0,2.0,2020,2020-07-05,13:10:00,red_bull_ring,leclerc,ferrari,20,38,5,5.0,7.0,8.333333333333334,-1.3333333333333333
1031,3.0,3.0,2020,2020-07-05,13:10:00,red_bull_ring,norris,mclaren,20,49,13,0.0,8.0,7.666666666666667,0.3333333333333333
1031,5.0,4.0,2020,2020-07-05,13:10:00,red_bull_ring,hamilton,mercedes,20,23,14,1.0,3.0,3.3333333333333335,-0.3333333333333333
1031,8.0,5.0,2020,2020-07-05,13:10:00,red_bull_ring,sainz,mclaren,20,63,13,3.0,11.666666666666666,7.0,4.666666666666667
1031,6.0,6.0,2020,2020-07-05,13:10:00,red_bull_ring,perez,racing_point,20,51,15,0.0,8.333333333333334,8.666666666666666,-0.3333333333333333
1031,12.0,7.0,2020,2020-07-05,13:10:00,red_bull_ring,gasly,alphatauri,20,17,1,5.0,9.0,12.0,-3.0
1031,14.0,8.0,2020,2020-07-05,13:10:00,red_bull_ring,ocon,renault,20,50,18,6.0,13.333333333333334,11.666666666666666,1.6666666666666667
1031,18.0,9.0,2020,2020-07-05,13:10:00,red_bull_ring,giovinazzi,alfa,20,18,0,9.0,14.666666666666666,11.666666666666666,3.0
1031,11.0,10.0,2020,2020-07-05,13:10:00,red_bull_ring,vettel,ferrari,20,73,5,1.0,2.6666666666666665,8.0,-5.333333333333333
1031,20.0,11.0,2020,2020-07-05,13:10:00,red_bull_ring,latifi,williams,20,36,22,9.0,,,
1031,13.0,12.0,2020,2020-07-05,13:10:00,red_bull_ring,kvyat,alphatauri,20,35,1,1.0,14.0,10.333333333333334,3.6666666666666665
1031,4.0,13.0,2020,2020-07-05,13:10:00,red_bull_ring,albon,red_bull,20,1,17,-9.0,5.333333333333333,8.333333333333334,-3.0
1032,1.0,1.0,2020,2020-07-12,13:10:00,red_bull_ring,hamilton,mercedes,20,23,14,0.0,3.0,4.0,-1.0
1032,4.0,2.0,2020,2020-07-12,13:10:00,red_bull_ring,bottas,mercedes,20,7,14,2.0,7.333333333333333,2.0,5.333333333333333
1032,2.0,3.0,2020,2020-07-12,13:10:00,red_bull_ring,max_verstappen,red_bull,20,43,17,-1.0,2.0,2.0,0.0
1032,6.0,4.0,2020,2020-07-12,13:10:00,red_bull_ring,albon,red_bull,20,1,17,2.0,4.666666666666667,11.0,-6.333333333333333
1032,9.0,5.0,2020,2020-07-12,13:10:00,red_bull_ring,norris,mclaren,20,49,13,4.0,6.333333333333333,6.333333333333333,0.0
1032,17.0,6.0,2020,2020-07-12,13:10:00,red_bull_ring,perez,racing_point,20,51,15,11.0,10.333333333333334,7.333333333333333,3.0
1032,12.0,7.0,2020,2020-07-12,13:10:00,red_bull_ring,stroll,racing_point,20,67,15,5.0,15.666666666666666,14.666666666666666,1.0
1032,8.0,8.0,2020,2020-07-12,13:10:00,red_bull_ring,ricciardo,renault,20,58,18,0.0,9.0,7.666666666666667,1.3333333333333333
1032,3.0,9.0,2020,2020-07-12,13:10:00,red_bull_ring,sainz,mclaren,20,63,13,-6.0,12.0,6.0,6.0
1032,13.0,10.0,2020,2020-07-12,13:10:00,red_bull_ring,kvyat,alphatauri,20,35,1,3.0,14.0,10.333333333333334,3.6666666666666665
1032,16.0,11.0,2020,2020-07-12,13:10:00,red_bull_ring,raikkonen,alfa,20,56,0,5.0,14.0,9.333333333333334,4.666666666666667
1032,15.0,12.0,2020,2020-07-12,13:10:00,red_bull_ring,kevin_magnussen,haas,20,30,7,3.0,11.666666666666666,14.333333333333334,-2.6666666666666665
1032,0.0,13.0,2020,2020-07-12,13:10:00,red_bull_ring,grosjean,haas,20,21,7,-13.0,12.333333333333334,14.333333333333334,-2.0
1032,19.0,14.0,2020,2020-07-12,13:10:00,red_bull_ring,giovinazzi,alfa,20,18,0,5.0,15.333333333333334,10.0,5.333333333333333
1032,7.0,15.0,2020,2020-07-12,13:10:00,red_bull_ring,gasly,alphatauri,20,17,1,-8.0,9.666666666666666,9.0,0.6666666666666666
1032,11.0,16.0,2020,2020-07-12,13:10:00,red_bull_ring,russell,williams,20,62,22,-5.0,18.0,15.333333333333334,2.6666666666666665
1032,18.0,17.0,2020,2020-07-12,13:10:00,red_bull_ring,latifi,williams,20,36,22,1.0,,,
1033,1.0,1.0,2020,2020-07-19,13:10:00,hungaroring,hamilton,mercedes,7,23,14,0.0,2.3333333333333335,2.0,0.3333333333333333
1033,7.0,2.0,2020,2020-07-19,13:10:00,hungaroring,max_verstappen,red_bull,7,43,17,5.0,1.6666666666666667,2.0,-0.3333333333333333
1033,2.0,3.0,2020,2020-07-19,13:10:00,hungaroring,bottas,mercedes,7,7,14,-1.0,8.333333333333334,2.3333333333333335,6.0
1033,3.0,4.0,2020,2020-07-19,13:10:00,hungaroring,stroll,racing_point,7,67,15,-1.0,14.333333333333334,13.0,1.3333333333333333
1033,13.0,5.0,2020,2020-07-19,13:10:00,hungaroring,albon,red_bull,7,1,17,8.0,5.0,7.666666666666667,-2.6666666666666665
1033,5.0,6.0,2020,2020-07-19,13:10:00,hungaroring,vettel,ferrari,7,73,5,-1.0,5.666666666666667,10.666666666666666,-5.0
1033,4.0,7.0,2020,2020-07-19,13:10:00,hungaroring,perez,racing_point,7,51,15,-3.0,11.0,6.333333333333333,4.666666666666667
1033,11.0,8.0,2020,2020-07-19,13:10:00,hungaroring,ricciardo,renault,7,58,18,3.0,8.666666666666666,8.333333333333334,0.3333333333333333
1033,9.0,9.0,2020,2020-07-19,13:10:00,hungaroring,sainz,mclaren,7,63,13,0.0,6.333333333333333,8.0,-1.6666666666666667
1033,0.0,10.0,2020,2020-07-19,13:10:00,hungaroring,kevin_magnussen,haas,7,30,7,-10.0,12.666666666666666,12.333333333333334,0.3333333333333333
1033,6.0,11.0,2020,2020-07-19,13:10:00,hungaroring,leclerc,ferrari,7,38,5,-5.0,8.0,7.666666666666667,0.3333333333333333
1033,17.0,12.0,2020,2020-07-19,13:10:00,hungaroring,kvyat,alphatauri,7,35,1,5.0,13.0,10.333333333333334,2.6666666666666665
1033,8.0,13.0,2020,2020-07-19,13:10:00,hungaroring,norris,mclaren,7,49,13,-5.0,6.0,5.333333333333333,0.6666666666666666
1033,14.0,14.0,2020,2020-07-19,13:10:00,hungaroring,ocon,renault,7,50,18,0.0,14.333333333333334,11.333333333333334,3.0
1033,20.0,15.0,2020,2020-07-19,13:10:00,hungaroring,raikkonen,alfa,7,56,0,5.0,13.666666666666666,9.333333333333334,4.333333333333333
1033,0.0,16.0,2020,2020-07-19,13:10:00,hungaroring,grosjean,haas,7,21,7,-16.0,7.333333333333333,13.666666666666666,-6.333333333333333
1033,19.0,17.0,2020,2020-07-19,13:10:00,hungaroring,giovinazzi,alfa,7,18,0,2.0,17.666666666666668,13.0,4.666666666666667
1033,12.0,18.0,2020,2020-07-19,13:10:00,hungaroring,russell,williams,7,62,22,-6.0,15.666666666666666,15.0,0.6666666666666666
1033,15.0,19.0,2020,2020-07-19,13:10:00,hungaroring,latifi,williams,7,36,22,-4.0,,,
1034,1.0,1.0,2020,2020-08-02,13:10:00,silverstone,hamilton,mercedes,25,23,14,0.0,2.3333333333333335,2.0,0.3333333333333333
1034,3.0,2.0,2020,2020-08-02,13:10:00,silverstone,max_verstappen,red_bull,25,43,17,1.0,3.6666666666666665,2.3333333333333335,1.3333333333333333
1034,4.0,3.0,2020,2020-08-02,13:10:00,silverstone,leclerc,ferrari,25,38,5,1.0,5.333333333333333,5.333333333333333,0.0
1034,8.0,4.0,2020,2020-08-02,13:10:00,silverstone,ricciardo,renault,25,58,18,4.0,8.666666666666666,9.0,-0.3333333333333333
1034,5.0,5.0,2020,2020-08-02,13:10:00,silverstone,norris,mclaren,25,49,13,0.0,6.666666666666667,7.0,-0.3333333333333333
1034,9.0,6.0,2020,2020-08-02,13:10:00,silverstone,ocon,renault,25,50,18,3.0,15.333333333333334,12.333333333333334,3.0
1034,11.0,7.0,2020,2020-08-02,13:10:00,silverstone,gasly,alphatauri,25,17,1,4.0,10.0,13.333333333333334,-3.3333333333333335
1034,12.0,8.0,2020,2020-08-02,13:10:00,silverstone,albon,red_bull,25,1,17,4.0,7.666666666666667,7.333333333333333,0.3333333333333333
1034,6.0,9.0,2020,2020-08-02,13:10:00,silverstone,stroll,racing_point,25,67,15,-3.0,10.666666666666666,10.0,0.6666666666666666
1034,10.0,10.0,2020,2020-08-02,13:10:00,silverstone,vettel,ferrari,25,73,5,0.0,6.666666666666667,7.0,-0.3333333333333333
1034,2.0,11.0,2020,2020-08-02,13:10:00,silverstone,bottas,mercedes,25,7,14,-9.0,2.3333333333333335,2.0,0.3333333333333333
1034,20.0,12.0,2020,2020-08-02,13:10:00,silverstone,russell,williams,25,62,22,8.0,13.666666666666666,17.0,-3.3333333333333335
1034,7.0,13.0,2020,2020-08-02,13:10:00,silverstone,sainz,mclaren,25,63,13,-6.0,6.666666666666667,7.666666666666667,-1.0
1034,15.0,14.0,2020,2020-08-02,13:10:00,silverstone,giovinazzi,alfa,25,18,0,1.0,18.666666666666668,13.333333333333334,5.333333333333333
1034,18.0,15.0,2020,2020-08-02,13:10:00,silverstone,latifi,williams,25,36,22,3.0,17.666666666666668,15.666666666666666,2.0
1034,17.0,16.0,2020,2020-08-02,13:10:00,silverstone,grosjean,haas,25,21,7,1.0,5.0,14.666666666666666,-9.666666666666666
1034,16.0,17.0,2020,2020-08-02,13:10:00,silverstone,raikkonen,alfa,25,56,0,-1.0,17.666666666666668,13.0,4.666666666666667
1035,4.0,1.0,2020,2020-08-09,13:10:00,silverstone,max_verstappen,red_bull,25,43,17,3.0,4.0,2.3333333333333335,1.6666666666666667
1035,2.0,2.0,2020,2020-08-09,13:10:00,silverstone,hamilton,mercedes,25,23,14,0.0,1.0,1.0,0.0
1035,1.0,3.0,2020,2020-08-09,13:10:00,silverstone,bottas,mercedes,25,7,14,-2.0,2.6666666666666665,5.333333333333333,-2.6666666666666665
1035,8.0,4.0,2020,2020-08-09,13:10:00,silverstone,leclerc,ferrari,25,38,5,4.0,5.666666666666667,5.333333333333333,0.3333333333333333
1035,9.0,5.0,2020,2020-08-09,13:10:00,silverstone,albon,red_bull,25,1,17,4.0,10.333333333333334,5.666666666666667,4.666666666666667
1035,6.0,6.0,2020,2020-08-09,13:10:00,silverstone,stroll,racing_point,25,67,15,0.0,7.0,6.666666666666667,0.3333333333333333
1035,3.0,7.0,2020,2020-08-09,13:10:00,silverstone,hulkenberg,racing_point,25,26,15,-4.0,11.0,12.0,-1.0
1035,14.0,8.0,2020,2020-08-09,13:10:00,silverstone,ocon,renault,25,50,18,6.0,12.333333333333334,9.333333333333334,3.0
1035,10.0,9.0,2020,2020-08-09,13:10:00,silverstone,norris,mclaren,25,49,13,1.0,7.333333333333333,7.666666666666667,-0.3333333333333333
1035,16.0,10.0,2020,2020-08-09,13:10:00,silverstone,kvyat,alphatauri,25,35,1,6.0,14.333333333333334,11.333333333333334,3.0
1035,7.0,11.0,2020,2020-08-09,13:10:00,silverstone,gasly,alphatauri,25,17,1,-4.0,10.0,9.666666666666666,0.3333333333333333
1035,11.0,12.0,2020,2020-08-09,13:10:00,silverstone,vettel,ferrari,25,73,5,-1.0,8.666666666666666,8.666666666666666,0.0
1035,12.0,13.0,2020,2020-08-09,13:10:00,silverstone,sainz,mclaren,25,63,13,-1.0,6.333333333333333,10.333333333333334,-4.0
1035,5.0,14.0,2020,2020-08-09,13:10:00,silverstone,ricciardo,renault,25,58,18,-9.0,9.0,6.666666666666667,2.3333333333333335
1035,20.0,15.0,2020,2020-08-09,13:10:00,silverstone,raikkonen,alfa,25,56,0,5.0,17.333333333333332,14.333333333333334,3.0
1035,13.0,16.0,2020,2020-08-09,13:10:00,silverstone,grosjean,haas,25,21,7,-3.0,5.666666666666667,15.0,-9.333333333333334
1035,19.0,17.0,2020,2020-08-09,13:10:00,silverstone,giovinazzi,alfa,25,18,0,2.0,17.666666666666668,15.0,2.6666666666666665
1035,15.0,18.0,2020,2020-08-09,13:10:00,silverstone,russell,williams,25,62,22,-3.0,14.333333333333334,15.333333333333334,-1.0
1035,18.0,19.0,2020,2020-08-09,13:10:00,silverstone,latifi,williams,25,36,22,-1.0,17.0,17.0,0.0
1036,1.0,1.0,2020,2020-08-16,13:10:00,catalunya,hamilton,mercedes,5,23,14,0.0,1.3333333333333333,1.3333333333333333,0.0
1036,3.0,2.0,2020,2020-08-16,13:10:00,catalunya,max_verstappen,red_bull,5,43,17,1.0,4.666666666666667,1.6666666666666667,3.0
1036,2.0,3.0,2020,2020-08-16,13:10:00,catalunya,bottas,mercedes,5,7,14,-1.0,1.6666666666666667,5.666666666666667,-4.0
1036,5.0,4.0,2020,2020-08-16,13:10:00,catalunya,stroll,racing_point,5,67,15,1.0,5.0,6.333333333333333,-1.3333333333333333
1036,4.0,5.0,2020,2020-08-16,13:10:00,catalunya,perez,racing_point,5,51,15,-1.0,9.0,6.333333333333333,2.6666666666666665
1036,7.0,6.0,2020,2020-08-16,13:10:00,catalunya,sainz,mclaren,5,63,13,1.0,9.333333333333334,11.666666666666666,-2.3333333333333335
1036,11.0,7.0,2020,2020-08-16,13:10:00,catalunya,vettel,ferrari,5,73,5,4.0,8.666666666666666,9.333333333333334,-0.6666666666666666
1036,6.0,8.0,2020,2020-08-16,13:10:00,catalunya,albon,red_bull,5,1,17,-2.0,11.333333333333334,6.0,5.333333333333333
1036,10.0,9.0,2020,2020-08-16,13:10:00,catalunya,gasly,alphatauri,5,17,1,1.0,8.333333333333334,11.0,-2.6666666666666665
1036,8.0,10.0,2020,2020-08-16,13:10:00,catalunya,norris,mclaren,5,49,13,-2.0,7.666666666666667,9.0,-1.3333333333333333
1036,13.0,11.0,2020,2020-08-16,13:10:00,catalunya,ricciardo,renault,5,58,18,2.0,8.0,8.666666666666666,-0.6666666666666666
1036,12.0,12.0,2020,2020-08-16,13:10:00,catalunya,kvyat,alphatauri,5,35,1,0.0,15.333333333333334,10.666666666666666,4.666666666666667
1036,15.0,13.0,2020,2020-08-16,13:10:00,catalunya,ocon,renault,5,50,18,2.0,12.333333333333334,9.333333333333334,3.0
1036,14.0,14.0,2020,2020-08-16,13:10:00,catalunya,raikkonen,alfa,5,56,0,0.0,18.666666666666668,15.666666666666666,3.0
1036,16.0,15.0,2020,2020-08-16,13:10:00,catalunya,kevin_magnussen,haas,5,30,7,1.0,9.666666666666666,12.0,-2.3333333333333335
1036,20.0,16.0,2020,2020-08-16,13:10:00,catalunya,giovinazzi,alfa,5,18,0,4.0,17.666666666666668,16.0,1.6666666666666667
1036,18.0,17.0,2020,2020-08-16,13:10:00,catalunya,russell,williams,5,62,22,1.0,15.666666666666666,16.0,-0.3333333333333333
1036,19.0,18.0,2020,2020-08-16,13:10:00,catalunya,latifi,williams,5,36,22,1.0,17.0,17.666666666666668,-0.6666666666666666
1036,17.0,19.0,2020,2020-08-16,13:10:00,catalunya,grosjean,haas,5,21,7,-2.0,10.0,16.0,-6.0
1037,1.0,1.0,2020,2020-08-30,13:10:00,spa,hamilton,mercedes,27,23,14,0.0,1.3333333333333333,1.3333333333333333,0.0
1037,2.0,2.0,2020,2020-08-30,13:10:00,spa,bottas,mercedes,27,7,14,0.0,1.6666666666666667,5.666666666666667,-4.0
1037,3.0,3.0,2020,2020-08-30,13:10:00,spa,max_verstappen,red_bull,27,43,17,0.0,3.3333333333333335,1.6666666666666667,1.6666666666666667
1037,4.0,4.0,2020,2020-08-30,13:10:00,spa,ricciardo,renault,27,58,18,0.0,8.666666666666666,9.666666666666666,-1.0
1037,6.0,5.0,2020,2020-08-30,13:10:00,spa,ocon,renault,27,50,18,1.0,12.666666666666666,9.0,3.6666666666666665
1037,5.0,6.0,2020,2020-08-30,13:10:00,spa,albon,red_bull,27,1,17,-1.0,9.0,7.0,2.0
1037,10.0,7.0,2020,2020-08-30,13:10:00,spa,norris,mclaren,27,49,13,3.0,7.666666666666667,8.0,-0.3333333333333333
1037,12.0,8.0,2020,2020-08-30,13:10:00,spa,gasly,alphatauri,27,17,1,4.0,9.333333333333334,9.0,0.3333333333333333
1037,9.0,9.0,2020,2020-08-30,13:10:00,spa,stroll,racing_point,27,67,15,0.0,5.666666666666667,6.333333333333333,-0.6666666666666666
1037,8.0,10.0,2020,2020-08-30,13:10:00,spa,perez,racing_point,27,51,15,-2.0,8.333333333333334,6.0,2.3333333333333335
1037,11.0,11.0,2020,2020-08-30,13:10:00,spa,kvyat,alphatauri,27,35,1,0.0,15.0,11.333333333333334,3.6666666666666665
1037,16.0,12.0,2020,2020-08-30,13:10:00,spa,raikkonen,alfa,27,56,0,4.0,16.666666666666668,15.333333333333334,1.3333333333333333
1037,14.0,13.0,2020,2020-08-30,13:10:00,spa,vettel,ferrari,27,73,5,1.0,10.666666666666666,9.666666666666666,1.0
1037,13.0,14.0,2020,2020-08-30,13:10:00,spa,leclerc,ferrari,27,38,5,-1.0,6.0,6.0,0.0
1037,17.0,15.0,2020,2020-08-30,13:10:00,spa,grosjean,haas,27,21,7,2.0,15.666666666666666,17.0,-1.3333333333333333
1037,19.0,16.0,2020,2020-08-30,13:10:00,spa,latifi,williams,27,36,22,3.0,18.333333333333332,17.333333333333332,1.0
1037,20.0,17.0,2020,2020-08-30,13:10:00,spa,kevin_magnussen,haas,27,30,7,3.0,10.333333333333334,12.333333333333334,-2.0
1038,10.0,1.0,2020,2020-09-06,13:10:00,monza,gasly,alphatauri,16,17,1,9.0,9.666666666666666,9.333333333333334,0.3333333333333333
1038,3.0,2.0,2020,2020-09-06,13:10:00,monza,sainz,mclaren,16,63,13,1.0,8.666666666666666,10.666666666666666,-2.0
1038,8.0,3.0,2020,2020-09-06,13:10:00,monza,stroll,racing_point,16,67,15,5.0,6.666666666666667,6.333333333333333,0.3333333333333333
1038,6.0,4.0,2020,2020-09-06,13:10:00,monza,norris,mclaren,16,49,13,2.0,9.333333333333334,8.666666666666666,0.6666666666666666
1038,2.0,5.0,2020,2020-09-06,13:10:00,monza,bottas,mercedes,16,7,14,-3.0,1.6666666666666667,2.6666666666666665,-1.0
1038,7.0,6.0,2020,2020-09-06,13:10:00,monza,ricciardo,renault,16,58,18,1.0,7.333333333333333,9.666666666666666,-2.3333333333333335
1038,1.0,7.0,2020,2020-09-06,13:10:00,monza,hamilton,mercedes,16,23,14,-6.0,1.3333333333333333,1.3333333333333333,0.0
1038,12.0,8.0,2020,2020-09-06,13:10:00,monza,ocon,renault,16,50,18,4.0,11.666666666666666,8.666666666666666,3.0
1038,11.0,9.0,2020,2020-09-06,13:10:00,monza,kvyat,alphatauri,16,35,1,2.0,13.0,11.0,2.0
1038,4.0,10.0,2020,2020-09-06,13:10:00,monza,perez,racing_point,16,51,15,-6.0,5.333333333333333,7.333333333333333,-2.0
1038,20.0,11.0,2020,2020-09-06,13:10:00,monza,latifi,williams,16,36,22,9.0,18.666666666666668,17.666666666666668,1.0
1038,16.0,12.0,2020,2020-09-06,13:10:00,monza,grosjean,haas,16,21,7,4.0,15.666666666666666,16.666666666666668,-1.0
1038,14.0,13.0,2020,2020-09-06,13:10:00,monza,raikkonen,alfa,16,56,0,1.0,16.666666666666668,13.666666666666666,3.0
1038,19.0,14.0,2020,2020-09-06,13:10:00,monza,russell,williams,16,62,22,5.0,17.666666666666668,15.666666666666666,2.0
1038,9.0,15.0,2020,2020-09-06,13:10:00,monza,albon,red_bull,16,1,17,-6.0,6.666666666666667,6.333333333333333,0.3333333333333333
1038,18.0,16.0,2020,2020-09-06,13:10:00,monza,giovinazzi,alfa,16,18,0,2.0,18.0,15.666666666666666,2.3333333333333335
1039,1.0,1.0,2020,2020-09-13,13:10:00,mugello,hamilton,mercedes,17,23,14,0.0,1.0,3.0,-2.0
1039,2.0,2.0,2020,2020-09-13,13:10:00,mugello,bottas,mercedes,17,7,14,0.0,2.0,3.3333333333333335,-1.3333333333333333
1039,4.0,3.0,2020,2020-09-13,13:10:00,mugello,albon,red_bull,17,1,17,1.0,6.666666666666667,9.666666666666666,-3.0
1039,8.0,4.0,2020,2020-09-13,13:10:00,mugello,ricciardo,renault,17,58,18,4.0,8.0,7.0,1.0
1039,7.0,5.0,2020,2020-09-13,13:10:00,mugello,perez,racing_point,17,51,15,2.0,5.333333333333333,8.333333333333334,-3.0
1039,11.0,6.0,2020,2020-09-13,13:10:00,mugello,norris,mclaren,17,49,13,5.0,8.0,7.0,1.0
1039,12.0,7.0,2020,2020-09-13,13:10:00,mugello,kvyat,alphatauri,17,35,1,5.0,11.333333333333334,10.666666666666666,0.6666666666666666
1039,5.0,8.0,2020,2020-09-13,13:10:00,mugello,leclerc,ferrari,17,38,5,-3.0,8.333333333333334,7.0,1.3333333333333333
1039,13.0,9.0,2020,2020-09-13,13:10:00,mugello,raikkonen,alfa,17,56,0,4.0,14.666666666666666,13.0,1.6666666666666667
1039,14.0,10.0,2020,2020-09-13,13:10:00,mugello,vettel,ferrari,17,73,5,4.0,12.0,10.666666666666666,1.3333333333333333
1039,18.0,11.0,2020,2020-09-13,13:10:00,mugello,russell,williams,17,62,22,7.0,17.333333333333332,16.333333333333332,1.0
1039,15.0,12.0,2020,2020-09-13,13:10:00,mugello,grosjean,haas,17,21,7,3.0,16.666666666666668,15.333333333333334,1.3333333333333333
1040,3.0,1.0,2020,2020-09-27,11:10:00,sochi,bottas,mercedes,26,7,14,2.0,2.0,3.0,-1.0
1040,2.0,2.0,2020,2020-09-27,11:10:00,sochi,max_verstappen,red_bull,26,43,17,0.0,3.3333333333333335,2.0,1.3333333333333333
1040,1.0,3.0,2020,2020-09-27,11:10:00,sochi,hamilton,mercedes,26,23,14,-2.0,1.0,3.0,-2.0
1040,4.0,4.0,2020,2020-09-27,11:10:00,sochi,perez,racing_point,26,51,15,0.0,6.333333333333333,8.333333333333334,-2.0
1040,5.0,5.0,2020,2020-09-27,11:10:00,sochi,ricciardo,renault,26,58,18,0.0,6.333333333333333,4.666666666666667,1.6666666666666667
1040,10.0,6.0,2020,2020-09-27,11:10:00,sochi,leclerc,ferrari,26,38,5,4.0,8.666666666666666,8.666666666666666,0.0
1040,7.0,7.0,2020,2020-09-27,11:10:00,sochi,ocon,renault,26,50,18,0.0,11.0,8.666666666666666,2.3333333333333335
1040,11.0,8.0,2020,2020-09-27,11:10:00,sochi,kvyat,alphatauri,26,35,1,3.0,11.333333333333334,9.0,2.3333333333333335
1040,9.0,9.0,2020,2020-09-27,11:10:00,sochi,gasly,alphatauri,26,17,1,0.0,10.666666666666666,6.0,4.666666666666667
1040,15.0,10.0,2020,2020-09-27,11:10:00,sochi,albon,red_bull,26,1,17,5.0,6.0,8.0,-2.0
1040,17.0,11.0,2020,2020-09-27,11:10:00,sochi,giovinazzi,alfa,26,18,0,6.0,19.0,16.333333333333332,2.6666666666666665
1040,18.0,12.0,2020,2020-09-27,11:10:00,sochi,kevin_magnussen,haas,26,30,7,6.0,12.0,14.0,-2.0
1040,14.0,13.0,2020,2020-09-27,11:10:00,sochi,vettel,ferrari,26,73,5,1.0,13.0,10.0,3.0
1040,19.0,14.0,2020,2020-09-27,11:10:00,sochi,raikkonen,alfa,26,56,0,5.0,14.333333333333334,11.333333333333334,3.0
1040,8.0,15.0,2020,2020-09-27,11:10:00,sochi,norris,mclaren,26,49,13,-7.0,9.0,5.666666666666667,3.3333333333333335
1040,20.0,16.0,2020,2020-09-27,11:10:00,sochi,latifi,williams,26,36,22,4.0,19.333333333333332,15.0,4.333333333333333
1040,16.0,17.0,2020,2020-09-27,11:10:00,sochi,grosjean,haas,26,21,7,-1.0,16.0,13.0,3.0
1040,13.0,18.0,2020,2020-09-27,11:10:00,sochi,russell,williams,26,62,22,-5.0,18.333333333333332,14.0,4.333333333333333
1041,2.0,1.0,2020,2020-10-11,13:10:00,nurburgring,hamilton,mercedes,18,23,14,1.0,1.0,3.6666666666666665,-2.6666666666666665
1041,3.0,2.0,2020,2020-10-11,13:10:00,nurburgring,max_verstappen,red_bull,18,43,17,1.0,2.6666666666666665,2.3333333333333335,0.3333333333333333
1041,6.0,3.0,2020,2020-10-11,13:10:00,nurburgring,ricciardo,renault,18,58,18,3.0,6.666666666666667,5.0,1.6666666666666667
1041,9.0,4.0,2020,2020-10-11,13:10:00,nurburgring,perez,racing_point,18,51,15,5.0,5.0,6.333333333333333,-1.3333333333333333
1041,10.0,5.0,2020,2020-10-11,13:10:00,nurburgring,sainz,mclaren,18,63,13,5.0,7.333333333333333,7.0,0.3333333333333333
1041,12.0,6.0,2020,2020-10-11,13:10:00,nurburgring,gasly,alphatauri,18,17,1,6.0,10.333333333333334,6.0,4.333333333333333
1041,4.0,7.0,2020,2020-10-11,13:10:00,nurburgring,leclerc,ferrari,18,38,5,-3.0,9.333333333333334,9.333333333333334,0.0
1041,20.0,8.0,2020,2020-10-11,13:10:00,nurburgring,hulkenberg,racing_point,18,26,15,12.0,8.333333333333334,11.333333333333334,-3.0
1041,16.0,9.0,2020,2020-10-11,13:10:00,nurburgring,grosjean,haas,18,21,7,7.0,15.666666666666666,13.666666666666666,2.0
1041,14.0,10.0,2020,2020-10-11,13:10:00,nurburgring,giovinazzi,alfa,18,18,0,4.0,18.333333333333332,14.333333333333334,4.0
1041,11.0,11.0,2020,2020-10-11,13:10:00,nurburgring,vettel,ferrari,18,73,5,0.0,14.0,12.0,2.0
1041,19.0,12.0,2020,2020-10-11,13:10:00,nurburgring,raikkonen,alfa,18,56,0,7.0,15.333333333333334,12.0,3.3333333333333335
1041,15.0,13.0,2020,2020-10-11,13:10:00,nurburgring,kevin_magnussen,haas,18,30,7,2.0,18.0,14.666666666666666,3.3333333333333335
1041,18.0,14.0,2020,2020-10-11,13:10:00,nurburgring,latifi,williams,18,36,22,4.0,19.666666666666668,14.333333333333334,5.333333333333333
1041,13.0,15.0,2020,2020-10-11,13:10:00,nurburgring,kvyat,alphatauri,18,35,1,-2.0,11.333333333333334,8.0,3.3333333333333335
1042,1.0,1.0,2020,2020-10-25,12:10:00,portimao,hamilton,mercedes,19,23,14,0.0,1.3333333333333333,1.6666666666666667,-0.3333333333333333
1042,2.0,2.0,2020,2020-10-25,12:10:00,portimao,bottas,mercedes,19,7,14,0.0,2.3333333333333335,2.6666666666666665,-0.3333333333333333
1042,3.0,3.0,2020,2020-10-25,12:10:00,portimao,max_verstappen,red_bull,19,43,17,0.0,2.6666666666666665,2.3333333333333335,0.3333333333333333
1042,4.0,4.0,2020,2020-10-25,12:10:00,portimao,leclerc,ferrari,19,38,5,0.0,6.333333333333333,7.0,-0.6666666666666666
1042,9.0,5.0,2020,2020-10-25,12:10:00,portimao,gasly,alphatauri,19,17,1,4.0,10.333333333333334,5.333333333333333,5.0
1042,7.0,6.0,2020,2020-10-25,12:10:00,portimao,sainz,mclaren,19,63,13,1.0,6.666666666666667,4.333333333333333,2.3333333333333335
1042,5.0,7.0,2020,2020-10-25,12:10:00,portimao,perez,racing_point,19,51,15,-2.0,6.666666666666667,4.333333333333333,2.3333333333333335
1042,11.0,8.0,2020,2020-10-25,12:10:00,portimao,ocon,renault,19,50,18,3.0,8.333333333333334,6.666666666666667,1.6666666666666667
1042,10.0,9.0,2020,2020-10-25,12:10:00,portimao,ricciardo,renault,19,58,18,1.0,6.333333333333333,4.0,2.3333333333333335
1042,15.0,10.0,2020,2020-10-25,12:10:00,portimao,vettel,ferrari,19,73,5,5.0,13.0,11.333333333333334,1.6666666666666667
1042,16.0,11.0,2020,2020-10-25,12:10:00,portimao,raikkonen,alfa,19,56,0,5.0,17.0,11.666666666666666,5.333333333333333
1042,6.0,12.0,2020,2020-10-25,12:10:00,portimao,albon,red_bull,19,1,17,-6.0,9.333333333333334,9.333333333333334,0.0
1042,8.0,13.0,2020,2020-10-25,12:10:00,portimao,norris,mclaren,19,49,13,-5.0,8.333333333333334,8.333333333333334,0.0
1042,14.0,14.0,2020,2020-10-25,12:10:00,portimao,russell,williams,19,62,22,0.0,16.666666666666668,14.333333333333334,2.3333333333333335
1042,17.0,15.0,2020,2020-10-25,12:10:00,portimao,giovinazzi,alfa,19,18,0,2.0,16.333333333333332,12.333333333333334,4.0
1042,19.0,16.0,2020,2020-10-25,12:10:00,portimao,kevin_magnussen,haas,19,30,7,3.0,17.666666666666668,14.0,3.6666666666666665
1042,18.0,17.0,2020,2020-10-25,12:10:00,portimao,grosjean,haas,19,21,7,1.0,15.666666666666666,12.666666666666666,3.0
1042,20.0,18.0,2020,2020-10-25,12:10:00,portimao,latifi,williams,19,36,22,2.0,19.333333333333332,13.666666666666666,5.666666666666667
1042,13.0,19.0,2020,2020-10-25,12:10:00,portimao,kvyat,alphatauri,19,35,1,-6.0,12.0,10.0,2.0
1043,2.0,1.0,2020,2020-11-01,12:10:00,imola,hamilton,mercedes,8,23,14,1.0,1.3333333333333333,1.6666666666666667,-0.3333333333333333
1043,1.0,2.0,2020,2020-11-01,12:10:00,imola,bottas,mercedes,8,7,14,-1.0,2.3333333333333335,1.6666666666666667,0.6666666666666666
1043,5.0,3.0,2020,2020-11-01,12:10:00,imola,ricciardo,renault,8,58,18,2.0,7.0,5.666666666666667,1.3333333333333333
1043,8.0,4.0,2020,2020-11-01,12:10:00,imola,kvyat,alphatauri,8,35,1,4.0,12.333333333333334,14.0,-1.6666666666666667
1043,7.0,5.0,2020,2020-11-01,12:10:00,imola,leclerc,ferrari,8,38,5,2.0,6.0,5.666666666666667,0.3333333333333333
1043,11.0,6.0,2020,2020-11-01,12:10:00,imola,perez,racing_point,8,51,15,5.0,6.0,5.0,1.0
1043,10.0,7.0,2020,2020-11-01,12:10:00,imola,sainz,mclaren,8,63,13,3.0,6.666666666666667,4.333333333333333,2.3333333333333335
1043,9.0,8.0,2020,2020-11-01,12:10:00,imola,norris,mclaren,8,49,13,1.0,9.0,11.333333333333334,-2.3333333333333335
1043,18.0,9.0,2020,2020-11-01,12:10:00,imola,raikkonen,alfa,8,56,0,9.0,18.0,12.333333333333334,5.666666666666667
1043,20.0,10.0,2020,2020-11-01,12:10:00,imola,giovinazzi,alfa,8,18,0,10.0,16.0,12.0,4.0
1043,19.0,11.0,2020,2020-11-01,12:10:00,imola,latifi,williams,8,36,22,8.0,19.333333333333332,16.0,3.3333333333333335
1043,14.0,12.0,2020,2020-11-01,12:10:00,imola,vettel,ferrari,8,73,5,2.0,13.333333333333334,11.333333333333334,2.0
1043,15.0,13.0,2020,2020-11-01,12:10:00,imola,stroll,racing_point,8,67,15,2.0,7.333333333333333,5.333333333333333,2.0
1043,16.0,14.0,2020,2020-11-01,12:10:00,imola,grosjean,haas,8,21,7,2.0,16.666666666666668,14.333333333333334,2.3333333333333335
1043,6.0,15.0,2020,2020-11-01,12:10:00,imola,albon,red_bull,8,1,17,-9.0,8.333333333333334,8.333333333333334,0.0
1044,6.0,1.0,2020,2020-11-15,10:10:00,istanbul,hamilton,mercedes,10,23,14,5.0,1.6666666666666667,1.0,0.6666666666666666
1044,3.0,2.0,2020,2020-11-15,10:10:00,istanbul,perez,racing_point,10,51,15,1.0,8.333333333333334,5.666666666666667,2.6666666666666665
1044,11.0,3.0,2020,2020-11-15,10:10:00,istanbul,vettel,ferrari,10,73,5,8.0,13.333333333333334,11.0,2.3333333333333335
1044,12.0,4.0,2020,2020-11-15,10:10:00,istanbul,leclerc,ferrari,10,38,5,8.0,5.0,5.333333333333333,-0.3333333333333333
1044,15.0,5.0,2020,2020-11-15,10:10:00,istanbul,sainz,mclaren,10,63,13,10.0,9.0,6.0,3.0
1044,2.0,6.0,2020,2020-11-15,10:10:00,istanbul,max_verstappen,red_bull,10,43,17,-4.0,2.6666666666666665,2.3333333333333335,0.3333333333333333
1044,4.0,7.0,2020,2020-11-15,10:10:00,istanbul,albon,red_bull,10,1,17,-3.0,9.0,12.333333333333334,-3.3333333333333335
1044,14.0,8.0,2020,2020-11-15,10:10:00,istanbul,norris,mclaren,10,49,13,6.0,8.333333333333334,12.0,-3.6666666666666665
1044,1.0,9.0,2020,2020-11-15,10:10:00,istanbul,stroll,racing_point,10,67,15,-8.0,10.666666666666666,8.333333333333334,2.3333333333333335
1044,5.0,10.0,2020,2020-11-15,10:10:00,istanbul,ricciardo,renault,10,58,18,-5.0,7.0,5.0,2.0
1044,7.0,11.0,2020,2020-11-15,10:10:00,istanbul,ocon,renault,10,50,18,-4.0,10.0,7.666666666666667,2.3333333333333335
1044,16.0,12.0,2020,2020-11-15,10:10:00,istanbul,kvyat,alphatauri,10,35,1,4.0,11.333333333333334,12.666666666666666,-1.3333333333333333
1044,19.0,13.0,2020,2020-11-15,10:10:00,istanbul,gasly,alphatauri,10,17,1,6.0,10.0,6.666666666666667,3.3333333333333335
1044,9.0,14.0,2020,2020-11-15,10:10:00,istanbul,bottas,mercedes,10,7,14,-5.0,2.0,1.6666666666666667,0.3333333333333333
1044,8.0,15.0,2020,2020-11-15,10:10:00,istanbul,raikkonen,alfa,10,56,0,-7.0,17.666666666666668,10.666666666666666,7.0
1044,0.0,16.0,2020,2020-11-15,10:10:00,istanbul,russell,williams,10,62,22,-16.0,15.0,14.333333333333334,0.6666666666666666
1044,13.0,17.0,2020,2020-11-15,10:10:00,istanbul,kevin_magnussen,haas,10,30,7,-4.0,17.333333333333332,13.666666666666666,3.6666666666666665
1045,1.0,1.0,2020,2020-11-29,14:10:00,bahrain,hamilton,mercedes,2,23,14,0.0,3.0,1.0,2.0
1045,3.0,2.0,2020,2020-11-29,14:10:00,bahrain,max_verstappen,red_bull,2,43,17,1.0,2.6666666666666665,3.6666666666666665,-1.0
1045,4.0,3.0,2020,2020-11-29,14:10:00,bahrain,albon,red_bull,2,1,17,1.0,5.333333333333333,11.333333333333334,-6.0
1045,9.0,4.0,2020,2020-11-29,14:10:00,bahrain,norris,mclaren,2,49,13,5.0,10.333333333333334,9.666666666666666,0.6666666666666666
1045,15.0,5.0,2020,2020-11-29,14:10:00,bahrain,sainz,mclaren,2,63,13,10.0,10.666666666666666,6.0,4.666666666666667
1045,8.0,6.0,2020,2020-11-29,14:10:00,bahrain,gasly,alphatauri,2,17,1,2.0,13.333333333333334,8.0,5.333333333333333
1045,6.0,7.0,2020,2020-11-29,14:10:00,bahrain,ricciardo,renault,2,58,18,-1.0,6.666666666666667,7.333333333333333,-0.6666666666666666
1045,2.0,8.0,2020,2020-11-29,14:10:00,bahrain,bottas,mercedes,2,7,14,-6.0,4.0,6.0,-2.0
1045,7.0,9.0,2020,2020-11-29,14:10:00,bahrain,ocon,renault,2,50,18,-2.0,8.333333333333334,8.666666666666666,-0.3333333333333333
1045,12.0,10.0,2020,2020-11-29,14:10:00,bahrain,leclerc,ferrari,2,38,5,2.0,7.666666666666667,4.333333333333333,3.3333333333333335
1045,10.0,11.0,2020,2020-11-29,14:10:00,bahrain,kvyat,alphatauri,2,35,1,-1.0,12.333333333333334,11.666666666666666,0.6666666666666666
1045,14.0,12.0,2020,2020-11-29,14:10:00,bahrain,russell,williams,2,62,22,2.0,9.0,16.0,-7.0
1045,11.0,13.0,2020,2020-11-29,14:10:00,bahrain,vettel,ferrari,2,73,5,-2.0,13.333333333333334,8.333333333333334,5.0
1045,20.0,14.0,2020,2020-11-29,14:10:00,bahrain,latifi,williams,2,36,22,6.0,19.0,14.333333333333334,4.666666666666667
1045,17.0,15.0,2020,2020-11-29,14:10:00,bahrain,raikkonen,alfa,2,56,0,2.0,14.0,11.666666666666666,2.3333333333333335
1045,16.0,16.0,2020,2020-11-29,14:10:00,bahrain,giovinazzi,alfa,2,18,0,0.0,17.0,11.666666666666666,5.333333333333333
1045,18.0,17.0,2020,2020-11-29,14:10:00,bahrain,kevin_magnussen,haas,2,30,7,1.0,15.666666666666666,15.333333333333334,0.3333333333333333
1045,5.0,18.0,2020,2020-11-29,14:10:00,bahrain,perez,racing_point,2,51,15,-13.0,6.333333333333333,5.0,1.3333333333333333
1046,5.0,1.0,2020,2020-12-06,17:10:00,bahrain,perez,racing_point,2,51,15,4.0,6.333333333333333,8.666666666666666,-2.3333333333333335
1046,11.0,2.0,2020,2020-12-06,17:10:00,bahrain,ocon,renault,2,50,18,9.0,8.333333333333334,9.333333333333334,-1.0
1046,10.0,3.0,2020,2020-12-06,17:10:00,bahrain,stroll,racing_point,2,67,15,7.0,8.0,8.333333333333334,-0.3333333333333333
1046,8.0,4.0,2020,2020-12-06,17:10:00,bahrain,sainz,mclaren,2,63,13,4.0,13.333333333333334,5.666666666666667,7.666666666666667
1046,7.0,5.0,2020,2020-12-06,17:10:00,bahrain,ricciardo,renault,2,58,18,2.0,5.333333333333333,6.666666666666667,-1.3333333333333333
1046,12.0,6.0,2020,2020-12-06,17:10:00,bahrain,albon,red_bull,2,1,17,6.0,4.666666666666667,8.333333333333334,-3.6666666666666665
1046,6.0,7.0,2020,2020-12-06,17:10:00,bahrain,kvyat,alphatauri,2,35,1,-1.0,11.333333333333334,9.0,2.3333333333333335
1046,1.0,8.0,2020,2020-12-06,17:10:00,bahrain,bottas,mercedes,2,7,14,-7.0,4.0,8.0,-4.0
1046,2.0,9.0,2020,2020-12-06,17:10:00,bahrain,russell,mercedes,2,62,14,-7.0,9.333333333333334,14.0,-4.666666666666667
1046,19.0,10.0,2020,2020-12-06,17:10:00,bahrain,norris,mclaren,2,49,13,9.0,10.666666666666666,6.666666666666667,4.0
1046,9.0,11.0,2020,2020-12-06,17:10:00,bahrain,gasly,alphatauri,2,17,1,-2.0,12.0,8.0,4.0
1046,13.0,12.0,2020,2020-12-06,17:10:00,bahrain,vettel,ferrari,2,73,5,1.0,12.0,9.333333333333334,2.6666666666666665
1046,14.0,13.0,2020,2020-12-06,17:10:00,bahrain,giovinazzi,alfa,2,18,0,1.0,17.666666666666668,13.666666666666666,4.0
1046,18.0,14.0,2020,2020-12-06,17:10:00,bahrain,raikkonen,alfa,2,56,0,4.0,14.333333333333334,13.0,1.3333333333333333
1046,15.0,15.0,2020,2020-12-06,17:10:00,bahrain,kevin_magnussen,haas,2,30,7,0.0,16.666666666666668,16.666666666666668,0.0
1046,17.0,16.0,2020,2020-12-06,17:10:00,bahrain,aitken,williams,2,0,22,1.0,,,
1046,20.0,17.0,2020,2020-12-06,17:10:00,bahrain,pietro_fittipaldi,haas,2,55,7,3.0,,,
1047,1.0,1.0,2020,2020-12-13,13:10:00,yas_marina,max_verstappen,red_bull,32,43,17,0.0,2.6666666666666665,3.6666666666666665,-1.0
1047,2.0,2.0,2020,2020-12-13,13:10:00,yas_marina,bottas,mercedes,32,7,14,0.0,4.0,10.0,-6.0
1047,3.0,3.0,2020,2020-12-13,13:10:00,yas_marina,hamilton,mercedes,32,23,14,0.0,3.0,1.0,2.0
1047,5.0,4.0,2020,2020-12-13,13:10:00,yas_marina,albon,red_bull,32,1,17,1.0,6.666666666666667,5.333333333333333,1.3333333333333333
1047,4.0,5.0,2020,2020-12-13,13:10:00,yas_marina,norris,mclaren,32,49,13,-1.0,14.0,7.333333333333333,6.666666666666667
1047,6.0,6.0,2020,2020-12-13,13:10:00,yas_marina,sainz,mclaren,32,63,13,0.0,12.666666666666666,4.666666666666667,8.0
1047,11.0,7.0,2020,2020-12-13,13:10:00,yas_marina,ricciardo,renault,32,58,18,4.0,6.0,7.333333333333333,-1.3333333333333333
1047,9.0,8.0,2020,2020-12-13,13:10:00,yas_marina,gasly,alphatauri,32,17,1,1.0,12.0,10.0,2.0
1047,10.0,9.0,2020,2020-12-13,13:10:00,yas_marina,ocon,renault,32,50,18,1.0,8.333333333333334,7.333333333333333,1.0
1047,8.0,10.0,2020,2020-12-13,13:10:00,yas_marina,stroll,racing_point,32,67,15,-2.0,8.666666666666666,8.333333333333334,0.3333333333333333
1047,7.0,11.0,2020,2020-12-13,13:10:00,yas_marina,kvyat,alphatauri,32,35,1,-4.0,10.666666666666666,10.0,0.6666666666666666
1047,15.0,12.0,2020,2020-12-13,13:10:00,yas_marina,raikkonen,alfa,32,56,0,3.0,14.333333333333334,14.666666666666666,-0.3333333333333333
1047,12.0,13.0,2020,2020-12-13,13:10:00,yas_marina,leclerc,ferrari,32,38,5,-1.0,10.333333333333334,6.333333333333333,4.0
1047,13.0,14.0,2020,2020-12-13,13:10:00,yas_marina,vettel,ferrari,32,73,5,-1.0,11.666666666666666,9.333333333333334,2.3333333333333335
1047,16.0,15.0,2020,2020-12-13,13:10:00,yas_marina,russell,williams,32,62,22,1.0,5.333333333333333,12.333333333333334,-7.0
1047,14.0,16.0,2020,2020-12-13,13:10:00,yas_marina,giovinazzi,alfa,32,18,0,-2.0,16.666666666666668,13.0,3.6666666666666665
1047,18.0,17.0,2020,2020-12-13,13:10:00,yas_marina,latifi,williams,32,36,22,1.0,19.666666666666668,14.333333333333334,5.333333333333333
1047,20.0,18.0,2020,2020-12-13,13:10:00,yas_marina,kevin_magnussen,haas,32,30,7,2.0,15.333333333333334,16.333333333333332,-1.0
1047,17.0,19.0,2020,2020-12-13,13:10:00,yas_marina,pietro_fittipaldi,haas,32,55,7,-2.0,,,
1051,1.0,1.0,2021,2021-11-21,14:00:00,losail,hamilton,mercedes,12,23,14,0.0,3.3333333333333335,1.6666666666666667,1.6666666666666667
1051,7.0,2.0,2021,2021-11-21,14:00:00,losail,max_verstappen,red_bull,12,43,17,5.0,2.0,3.0,-1.0
1051,3.0,3.0,2021,2021-11-21,14:00:00,losail,alonso,alpine,12,3,2,0.0,16.666666666666668,14.0,2.6666666666666665
1051,11.0,4.0,2021,2021-11-21,14:00:00,losail,perez,red_bull,12,51,17,7.0,4.333333333333333,7.0,-2.6666666666666665
1051,9.0,5.0,2021,2021-11-21,14:00:00,losail,ocon,alpine,12,50,2,4.0,9.333333333333334,6.666666666666667,2.6666666666666665
1051,12.0,6.0,2021,2021-11-21,14:00:00,losail,stroll,aston_martin,12,67,3,6.0,6.333333333333333,7.333333333333333,-1.0
1051,5.0,7.0,2021,2021-11-21,14:00:00,losail,sainz,ferrari,12,63,5,-2.0,9.666666666666666,5.0,4.666666666666667
1051,13.0,8.0,2021,2021-11-21,14:00:00,losail,leclerc,ferrari,12,38,5,5.0,12.0,9.0,3.0
1051,4.0,9.0,2021,2021-11-21,14:00:00,losail,norris,mclaren,12,49,13,-5.0,10.666666666666666,6.333333333333333,4.333333333333333
1051,10.0,10.0,2021,2021-11-21,14:00:00,losail,vettel,aston_martin,12,73,3,0.0,12.333333333333334,13.0,-0.6666666666666666
1051,2.0,11.0,2021,2021-11-21,14:00:00,losail,gasly,alphatauri,12,17,1,-9.0,8.666666666666666,8.333333333333334,0.3333333333333333
1051,14.0,12.0,2021,2021-11-21,14:00:00,losail,ricciardo,mclaren,12,58,13,2.0,8.0,6.333333333333333,1.6666666666666667
1051,8.0,13.0,2021,2021-11-21,14:00:00,losail,tsunoda,alphatauri,12,70,1,-5.0,,,
1051,16.0,14.0,2021,2021-11-21,14:00:00,losail,raikkonen,alfa,12,56,0,2.0,16.666666666666668,13.666666666666666,3.0
1051,18.0,15.0,2021,2021-11-21,14:00:00,losail,giovinazzi,alfa,12,18,0,3.0,14.666666666666666,15.0,-0.3333333333333333
1051,19.0,16.0,2021,2021-11-21,14:00:00,losail,mick_schumacher,haas,12,47,7,3.0,,,
1051,15.0,17.0,2021,2021-11-21,14:00:00,losail,russell,williams,12,62,22,-2.0,10.666666666666666,12.0,-1.3333333333333333
1051,20.0,18.0,2021,2021-11-21,14:00:00,losail,mazepin,haas,12,44,7,2.0,,,
1052,2.0,1.0,2021,2021-03-28,15:00:00,bahrain,hamilton,mercedes,2,23,14,1.0,1.6666666666666667,1.6666666666666667,0.0
1052,1.0,2.0,2021,2021-03-28,15:00:00,bahrain,max_verstappen,red_bull,2,43,17,-1.0,3.6666666666666665,1.6666666666666667,2.0
1052,3.0,3.0,2021,2021-03-28,15:00:00,bahrain,bottas,mercedes,2,7,14,0.0,1.6666666666666667,6.0,-4.333333333333333
1052,7.0,4.0,2021,2021-03-28,15:00:00,bahrain,norris,mclaren,2,49,13,3.0,9.0,8.0,1.0
1052,0.0,5.0,2021,2021-03-28,15:00:00,bahrain,perez,red_bull,2,51,17,-5.0,7.0,7.666666666666667,-0.6666666666666666
1052,4.0,6.0,2021,2021-03-28,15:00:00,bahrain,leclerc,ferrari,2,38,5,-2.0,12.333333333333334,10.333333333333334,2.0
1052,6.0,7.0,2021,2021-03-28,15:00:00,bahrain,ricciardo,mclaren,2,58,13,-1.0,10.666666666666666,8.0,2.6666666666666665
1052,8.0,8.0,2021,2021-03-28,15:00:00,bahrain,sainz,ferrari,2,63,5,0.0,6.333333333333333,5.666666666666667,0.6666666666666666
1052,13.0,9.0,2021,2021-03-28,15:00:00,bahrain,tsunoda,alphatauri,2,70,1,4.0,,,
1052,10.0,10.0,2021,2021-03-28,15:00:00,bahrain,stroll,aston_martin,2,67,3,0.0,10.0,6.333333333333333,3.6666666666666665
1052,14.0,11.0,2021,2021-03-28,15:00:00,bahrain,raikkonen,alfa,2,56,0,3.0,16.333333333333332,13.333333333333334,3.0
1052,12.0,12.0,2021,2021-03-28,15:00:00,bahrain,giovinazzi,alfa,2,18,0,0.0,15.333333333333334,14.666666666666666,0.6666666666666666
1052,16.0,13.0,2021,2021-03-28,15:00:00,bahrain,ocon,alpine,2,50,2,3.0,10.0,5.333333333333333,4.666666666666667
1052,15.0,14.0,2021,2021-03-28,15:00:00,bahrain,russell,williams,2,62,22,1.0,11.0,13.666666666666666,-2.6666666666666665
1052,20.0,15.0,2021,2021-03-28,15:00:00,bahrain,vettel,aston_martin,2,73,3,5.0,12.0,12.0,0.0
1052,18.0,16.0,2021,2021-03-28,15:00:00,bahrain,mick_schumacher,haas,2,47,7,2.0,,,
1052,5.0,17.0,2021,2021-03-28,15:00:00,bahrain,gasly,alphatauri,2,17,1,-12.0,6.666666666666667,10.0,-3.3333333333333335
1052,17.0,18.0,2021,2021-03-28,15:00:00,bahrain,latifi,williams,2,36,22,-1.0,19.0,14.0,5.0
1053,3.0,1.0,2021,2021-04-18,13:00:00,imola,max_verstappen,red_bull,8,43,17,2.0,3.0,1.6666666666666667,1.3333333333333333
1053,1.0,2.0,2021,2021-04-18,13:00:00,imola,hamilton,mercedes,8,23,14,-1.0,2.0,1.6666666666666667,0.3333333333333333
1053,7.0,3.0,2021,2021-04-18,13:00:00,imola,norris,mclaren,8,49,13,4.0,5.0,6.0,-1.0
1053,4.0,4.0,2021,2021-04-18,13:00:00,imola,leclerc,ferrari,8,38,5,0.0,9.666666666666666,9.0,0.6666666666666666
1053,11.0,5.0,2021,2021-04-18,13:00:00,imola,sainz,ferrari,8,63,5,6.0,6.333333333333333,7.0,-0.6666666666666666
1053,6.0,6.0,2021,2021-04-18,13:00:00,imola,ricciardo,mclaren,8,58,13,0.0,10.333333333333334,8.666666666666666,1.6666666666666667
1053,5.0,7.0,2021,2021-04-18,13:00:00,imola,gasly,alphatauri,8,17,1,-2.0,5.333333333333333,12.0,-6.666666666666667
1053,10.0,8.0,2021,2021-04-18,13:00:00,imola,stroll,aston_martin,8,67,3,2.0,10.0,8.666666666666666,1.3333333333333333
1053,9.0,9.0,2021,2021-04-18,13:00:00,imola,ocon,alpine,8,50,2,0.0,11.666666666666666,9.0,2.6666666666666665
1053,15.0,10.0,2021,2021-04-18,13:00:00,imola,alonso,alpine,8,3,2,5.0,11.666666666666666,10.333333333333334,1.3333333333333333
1053,2.0,11.0,2021,2021-04-18,13:00:00,imola,perez,red_bull,8,51,17,-9.0,5.333333333333333,3.3333333333333335,2.0
1053,20.0,12.0,2021,2021-04-18,13:00:00,imola,tsunoda,alphatauri,8,70,1,8.0,,,
1053,16.0,13.0,2021,2021-04-18,13:00:00,imola,raikkonen,alfa,8,56,0,3.0,15.0,12.333333333333334,2.6666666666666665
1053,17.0,14.0,2021,2021-04-18,13:00:00,imola,giovinazzi,alfa,8,18,0,3.0,14.666666666666666,14.333333333333334,0.3333333333333333
1053,0.0,15.0,2021,2021-04-18,13:00:00,imola,vettel,aston_martin,8,73,3,-15.0,14.333333333333334,13.0,1.3333333333333333
1053,18.0,16.0,2021,2021-04-18,13:00:00,imola,mick_schumacher,haas,8,47,7,2.0,,,
1053,19.0,17.0,2021,2021-04-18,13:00:00,imola,mazepin,haas,8,44,7,2.0,,,
1054,2.0,1.0,2021,2021-05-02,14:00:00,portimao,hamilton,mercedes,19,23,14,1.0,1.3333333333333333,1.3333333333333333,0.0
1054,3.0,2.0,2021,2021-05-02,14:00:00,portimao,max_verstappen,red_bull,19,43,17,1.0,3.6666666666666665,1.6666666666666667,2.0
1054,1.0,3.0,2021,2021-05-02,14:00:00,portimao,bottas,mercedes,19,7,14,-2.0,2.0,4.333333333333333,-2.3333333333333335
1054,4.0,4.0,2021,2021-05-02,14:00:00,portimao,perez,red_bull,19,51,17,0.0,4.333333333333333,6.666666666666667,-2.3333333333333335
1054,7.0,5.0,2021,2021-05-02,14:00:00,portimao,norris,mclaren,19,49,13,2.0,6.0,5.333333333333333,0.6666666666666666
1054,8.0,6.0,2021,2021-05-02,14:00:00,portimao,leclerc,ferrari,19,38,5,2.0,7.0,6.0,1.0
1054,6.0,7.0,2021,2021-05-02,14:00:00,portimao,ocon,alpine,19,50,2,-1.0,11.333333333333334,9.0,2.3333333333333335
1054,13.0,8.0,2021,2021-05-02,14:00:00,portimao,alonso,alpine,19,3,2,5.0,11.0,8.0,3.0
1054,16.0,9.0,2021,2021-05-02,14:00:00,portimao,ricciardo,mclaren,19,58,13,7.0,8.666666666666666,8.333333333333334,0.3333333333333333
1054,9.0,10.0,2021,2021-05-02,14:00:00,portimao,gasly,alphatauri,19,17,1,-1.0,4.0,11.666666666666666,-7.666666666666667
1054,5.0,11.0,2021,2021-05-02,14:00:00,portimao,sainz,ferrari,19,63,5,-6.0,8.0,6.666666666666667,1.3333333333333333
1054,12.0,12.0,2021,2021-05-02,14:00:00,portimao,giovinazzi,alfa,19,18,0,0.0,15.666666666666666,13.666666666666666,2.0
1054,10.0,13.0,2021,2021-05-02,14:00:00,portimao,vettel,aston_martin,19,73,3,-3.0,10.0,13.333333333333334,-3.3333333333333335
1054,17.0,14.0,2021,2021-05-02,14:00:00,portimao,stroll,aston_martin,19,67,3,3.0,10.666666666666666,8.0,2.6666666666666665
1054,14.0,15.0,2021,2021-05-02,14:00:00,portimao,tsunoda,alphatauri,19,70,1,-1.0,13.666666666666666,11.333333333333334,2.3333333333333335
1054,11.0,16.0,2021,2021-05-02,14:00:00,portimao,russell,williams,19,62,22,-5.0,15.333333333333334,15.333333333333334,0.0
1054,19.0,17.0,2021,2021-05-02,14:00:00,portimao,mick_schumacher,haas,19,47,7,2.0,18.333333333333332,16.0,2.3333333333333335
1054,18.0,18.0,2021,2021-05-02,14:00:00,portimao,latifi,williams,19,36,22,0.0,18.333333333333332,16.333333333333332,2.0
1054,20.0,19.0,2021,2021-05-02,14:00:00,portimao,mazepin,haas,19,44,7,1.0,,,
1055,1.0,1.0,2021,2021-05-09,13:00:00,catalunya,hamilton,mercedes,5,23,14,0.0,1.6666666666666667,1.3333333333333333,0.3333333333333333
1055,2.0,2.0,2021,2021-05-09,13:00:00,catalunya,max_verstappen,red_bull,5,43,17,0.0,2.3333333333333335,1.6666666666666667,0.6666666666666666
1055,3.0,3.0,2021,2021-05-09,13:00:00,catalunya,bottas,mercedes,5,7,14,0.0,2.0,2.6666666666666665,-0.6666666666666666
1055,4.0,4.0,2021,2021-05-09,13:00:00,catalunya,leclerc,ferrari,5,38,5,0.0,5.333333333333333,5.333333333333333,0.0
1055,8.0,5.0,2021,2021-05-09,13:00:00,catalunya,perez,red_bull,5,51,17,3.0,2.0,6.666666666666667,-4.666666666666667
1055,7.0,6.0,2021,2021-05-09,13:00:00,catalunya,ricciardo,mclaren,5,58,13,1.0,9.333333333333334,7.333333333333333,2.0
1055,6.0,7.0,2021,2021-05-09,13:00:00,catalunya,sainz,ferrari,5,63,5,-1.0,8.0,8.0,0.0
1055,9.0,8.0,2021,2021-05-09,13:00:00,catalunya,norris,mclaren,5,49,13,1.0,7.0,4.0,3.0
1055,5.0,9.0,2021,2021-05-09,13:00:00,catalunya,ocon,alpine,5,50,2,-4.0,10.333333333333334,9.666666666666666,0.6666666666666666
1055,12.0,10.0,2021,2021-05-09,13:00:00,catalunya,gasly,alphatauri,5,17,1,2.0,6.333333333333333,11.333333333333334,-5.0
1055,11.0,11.0,2021,2021-05-09,13:00:00,catalunya,stroll,aston_martin,5,67,3,0.0,12.333333333333334,10.666666666666666,1.6666666666666667
1055,17.0,12.0,2021,2021-05-09,13:00:00,catalunya,raikkonen,alfa,5,56,0,5.0,15.333333333333334,12.666666666666666,2.6666666666666665
1055,13.0,13.0,2021,2021-05-09,13:00:00,catalunya,vettel,aston_martin,5,73,3,0.0,10.0,14.333333333333334,-4.333333333333333
1055,15.0,14.0,2021,2021-05-09,13:00:00,catalunya,russell,williams,5,62,22,1.0,13.666666666666666,15.666666666666666,-2.0
1055,14.0,15.0,2021,2021-05-09,13:00:00,catalunya,giovinazzi,alfa,5,18,0,-1.0,13.666666666666666,12.666666666666666,1.0
1055,19.0,16.0,2021,2021-05-09,13:00:00,catalunya,latifi,williams,5,36,22,3.0,17.666666666666668,17.666666666666668,0.0
1055,10.0,17.0,2021,2021-05-09,13:00:00,catalunya,alonso,alpine,5,3,2,-7.0,10.333333333333334,7.0,3.3333333333333335
1055,18.0,18.0,2021,2021-05-09,13:00:00,catalunya,mick_schumacher,haas,5,47,7,0.0,18.333333333333332,16.333333333333332,2.0
1055,20.0,19.0,2021,2021-05-09,13:00:00,catalunya,mazepin,haas,5,44,7,1.0,19.666666666666668,18.0,1.6666666666666667
1056,2.0,1.0,2021,2021-05-23,13:00:00,monaco,max_verstappen,red_bull,15,43,17,1.0,2.6666666666666665,1.6666666666666667,1.0
1056,4.0,2.0,2021,2021-05-23,13:00:00,monaco,sainz,ferrari,15,63,5,2.0,7.333333333333333,7.666666666666667,-0.3333333333333333
1056,5.0,3.0,2021,2021-05-23,13:00:00,monaco,norris,mclaren,15,49,13,2.0,7.666666666666667,5.333333333333333,2.3333333333333335
1056,9.0,4.0,2021,2021-05-23,13:00:00,monaco,perez,red_bull,15,51,17,5.0,4.666666666666667,6.666666666666667,-2.0
1056,8.0,5.0,2021,2021-05-23,13:00:00,monaco,vettel,aston_martin,15,73,3,3.0,7.666666666666667,13.666666666666666,-6.0
1056,6.0,6.0,2021,2021-05-23,13:00:00,monaco,gasly,alphatauri,15,17,1,0.0,8.666666666666666,9.0,-0.3333333333333333
1056,7.0,7.0,2021,2021-05-23,13:00:00,monaco,hamilton,mercedes,15,23,14,0.0,1.3333333333333333,1.3333333333333333,0.0
1056,13.0,8.0,2021,2021-05-23,13:00:00,monaco,stroll,aston_martin,15,67,3,5.0,12.666666666666666,11.0,1.6666666666666667
1056,11.0,9.0,2021,2021-05-23,13:00:00,monaco,ocon,alpine,15,50,2,2.0,6.666666666666667,8.333333333333334,-1.6666666666666667
1056,10.0,10.0,2021,2021-05-23,13:00:00,monaco,giovinazzi,alfa,15,18,0,0.0,14.333333333333334,13.666666666666666,0.6666666666666666
1056,14.0,11.0,2021,2021-05-23,13:00:00,monaco,raikkonen,alfa,15,56,0,3.0,15.666666666666666,12.0,3.6666666666666665
1056,12.0,12.0,2021,2021-05-23,13:00:00,monaco,ricciardo,mclaren,15,58,13,0.0,9.666666666666666,7.0,2.6666666666666665
1056,17.0,13.0,2021,2021-05-23,13:00:00,monaco,alonso,alpine,15,3,2,4.0,12.666666666666666,11.666666666666666,1.0
1056,15.0,14.0,2021,2021-05-23,13:00:00,monaco,russell,williams,15,62,22,1.0,13.666666666666666,14.666666666666666,-1.0
1056,18.0,15.0,2021,2021-05-23,13:00:00,monaco,latifi,williams,15,36,22,3.0,18.0,17.333333333333332,0.6666666666666666
1056,16.0,16.0,2021,2021-05-23,13:00:00,monaco,tsunoda,alphatauri,15,70,1,0.0,15.666666666666666,12.0,3.6666666666666665
1056,19.0,17.0,2021,2021-05-23,13:00:00,monaco,mazepin,haas,15,44,7,2.0,19.666666666666668,18.333333333333332,1.3333333333333333
1056,20.0,18.0,2021,2021-05-23,13:00:00,monaco,mick_schumacher,haas,15,47,7,2.0,18.333333333333332,17.0,1.3333333333333333
1057,6.0,1.0,2021,2021-06-06,12:00:00,baku,perez,red_bull,3,51,17,5.0,7.0,4.333333333333333,2.6666666666666665
1057,11.0,2.0,2021,2021-06-06,12:00:00,baku,vettel,aston_martin,3,73,3,9.0,10.333333333333334,10.333333333333334,0.0
1057,4.0,3.0,2021,2021-06-06,12:00:00,baku,gasly,alphatauri,3,17,1,1.0,9.0,8.666666666666666,0.3333333333333333
1057,1.0,4.0,2021,2021-06-06,12:00:00,baku,leclerc,ferrari,3,38,5,-3.0,5.333333333333333,4.666666666666667,0.6666666666666666
1057,9.0,5.0,2021,2021-06-06,12:00:00,baku,norris,mclaren,3,49,13,4.0,7.0,5.333333333333333,1.6666666666666667
1057,8.0,6.0,2021,2021-06-06,12:00:00,baku,alonso,alpine,3,3,2,2.0,13.333333333333334,12.666666666666666,0.6666666666666666
1057,7.0,7.0,2021,2021-06-06,12:00:00,baku,tsunoda,alphatauri,3,70,1,0.0,16.666666666666668,14.333333333333334,2.3333333333333335
1057,5.0,8.0,2021,2021-06-06,12:00:00,baku,sainz,ferrari,3,63,5,-3.0,5.0,6.666666666666667,-1.6666666666666667
1057,13.0,9.0,2021,2021-06-06,12:00:00,baku,ricciardo,mclaren,3,58,13,4.0,11.666666666666666,9.0,2.6666666666666665
1057,14.0,10.0,2021,2021-06-06,12:00:00,baku,raikkonen,alfa,3,56,0,4.0,15.666666666666666,12.0,3.6666666666666665
1057,20.0,11.0,2021,2021-06-06,12:00:00,baku,giovinazzi,alfa,3,18,0,9.0,12.0,12.333333333333334,-0.3333333333333333
1057,10.0,12.0,2021,2021-06-06,12:00:00,baku,bottas,mercedes,3,7,14,-2.0,2.3333333333333335,3.0,-0.6666666666666666
1057,17.0,13.0,2021,2021-06-06,12:00:00,baku,mick_schumacher,haas,3,47,7,4.0,19.0,17.666666666666668,1.3333333333333333
1057,18.0,14.0,2021,2021-06-06,12:00:00,baku,mazepin,haas,3,44,7,4.0,19.666666666666668,18.333333333333332,1.3333333333333333
1057,2.0,15.0,2021,2021-06-06,12:00:00,baku,hamilton,mercedes,3,23,14,-13.0,3.3333333333333335,3.0,0.3333333333333333
1057,16.0,16.0,2021,2021-06-06,12:00:00,baku,latifi,williams,3,36,22,0.0,18.333333333333332,16.333333333333332,2.0
1058,1.0,1.0,2021,2021-06-27,13:00:00,red_bull_ring,max_verstappen,red_bull,20,43,17,0.0,2.3333333333333335,1.6666666666666667,0.6666666666666666
1058,2.0,2.0,2021,2021-06-27,13:00:00,red_bull_ring,hamilton,mercedes,20,23,14,0.0,3.3333333333333335,7.666666666666667,-4.333333333333333
1058,5.0,3.0,2021,2021-06-27,13:00:00,red_bull_ring,bottas,mercedes,20,7,14,2.0,4.666666666666667,6.0,-1.3333333333333333
1058,4.0,4.0,2021,2021-06-27,13:00:00,red_bull_ring,perez,red_bull,20,51,17,0.0,7.666666666666667,3.3333333333333335,4.333333333333333
1058,3.0,5.0,2021,2021-06-27,13:00:00,red_bull_ring,norris,mclaren,20,49,13,-2.0,7.666666666666667,5.333333333333333,2.3333333333333335
1058,12.0,6.0,2021,2021-06-27,13:00:00,red_bull_ring,sainz,ferrari,20,63,5,6.0,5.0,5.666666666666667,-0.6666666666666666
1058,7.0,7.0,2021,2021-06-27,13:00:00,red_bull_ring,leclerc,ferrari,20,38,5,0.0,4.333333333333333,4.666666666666667,-0.3333333333333333
1058,9.0,8.0,2021,2021-06-27,13:00:00,red_bull_ring,stroll,aston_martin,20,67,3,1.0,13.666666666666666,11.0,2.6666666666666665
1058,8.0,9.0,2021,2021-06-27,13:00:00,red_bull_ring,alonso,alpine,20,3,2,-1.0,11.666666666666666,12.0,-0.3333333333333333
1058,11.0,10.0,2021,2021-06-27,13:00:00,red_bull_ring,tsunoda,alphatauri,20,70,1,1.0,12.333333333333334,12.666666666666666,-0.3333333333333333
1058,18.0,11.0,2021,2021-06-27,13:00:00,red_bull_ring,raikkonen,alfa,20,56,0,7.0,15.0,11.0,4.0
1058,14.0,12.0,2021,2021-06-27,13:00:00,red_bull_ring,vettel,aston_martin,20,73,3,2.0,10.666666666666666,6.666666666666667,4.0
1058,13.0,13.0,2021,2021-06-27,13:00:00,red_bull_ring,ricciardo,mclaren,20,58,13,0.0,10.666666666666666,9.0,1.6666666666666667
1058,17.0,14.0,2021,2021-06-27,13:00:00,red_bull_ring,ocon,alpine,20,50,2,3.0,7.333333333333333,8.333333333333334,-1.0
1058,15.0,15.0,2021,2021-06-27,13:00:00,red_bull_ring,giovinazzi,alfa,20,18,0,0.0,14.666666666666666,12.0,2.6666666666666665
1058,19.0,16.0,2021,2021-06-27,13:00:00,red_bull_ring,mick_schumacher,haas,20,47,7,3.0,18.333333333333332,16.333333333333332,2.0
1058,16.0,17.0,2021,2021-06-27,13:00:00,red_bull_ring,latifi,williams,20,36,22,-1.0,17.666666666666668,15.666666666666666,2.0
1058,20.0,18.0,2021,2021-06-27,13:00:00,red_bull_ring,mazepin,haas,20,44,7,2.0,19.0,16.666666666666668,2.3333333333333335
1059,1.0,1.0,2021,2021-06-20,13:00:00,ricard,max_verstappen,red_bull,21,43,17,0.0,1.6666666666666667,1.3333333333333333,0.3333333333333333
1059,2.0,2.0,2021,2021-06-20,13:00:00,ricard,hamilton,mercedes,21,23,14,0.0,3.6666666666666665,8.0,-4.333333333333333
1059,4.0,3.0,2021,2021-06-20,13:00:00,ricard,perez,red_bull,21,51,17,1.0,6.333333333333333,3.0,3.3333333333333335
1059,3.0,4.0,2021,2021-06-20,13:00:00,ricard,bottas,mercedes,21,7,14,-1.0,6.0,6.0,0.0
1059,8.0,5.0,2021,2021-06-20,13:00:00,ricard,norris,mclaren,21,49,13,3.0,5.666666666666667,4.333333333333333,1.3333333333333333
1059,10.0,6.0,2021,2021-06-20,13:00:00,ricard,ricciardo,mclaren,21,58,13,4.0,12.666666666666666,11.333333333333334,1.3333333333333333
1059,6.0,7.0,2021,2021-06-20,13:00:00,ricard,gasly,alphatauri,21,17,1,-1.0,7.333333333333333,6.333333333333333,1.0
1059,9.0,8.0,2021,2021-06-20,13:00:00,ricard,alonso,alpine,21,3,2,1.0,11.0,9.333333333333334,1.6666666666666667
1059,12.0,9.0,2021,2021-06-20,13:00:00,ricard,vettel,aston_martin,21,73,3,3.0,11.0,6.333333333333333,4.666666666666667
1059,19.0,10.0,2021,2021-06-20,13:00:00,ricard,stroll,aston_martin,21,67,3,9.0,11.0,9.0,2.0
1059,5.0,11.0,2021,2021-06-20,13:00:00,ricard,sainz,ferrari,21,63,5,-6.0,7.0,5.333333333333333,1.6666666666666667
1059,14.0,12.0,2021,2021-06-20,13:00:00,ricard,russell,williams,21,62,22,2.0,13.666666666666666,14.666666666666666,-1.0
1059,0.0,13.0,2021,2021-06-20,13:00:00,ricard,tsunoda,alphatauri,21,70,1,-13.0,11.333333333333334,11.0,0.3333333333333333
1059,11.0,14.0,2021,2021-06-20,13:00:00,ricard,ocon,alpine,21,50,2,-3.0,11.0,10.666666666666666,0.3333333333333333
1059,13.0,15.0,2021,2021-06-20,13:00:00,ricard,giovinazzi,alfa,21,18,0,-2.0,15.0,12.0,3.0
1059,7.0,16.0,2021,2021-06-20,13:00:00,ricard,leclerc,ferrari,21,38,5,-9.0,4.0,5.0,-1.0
1059,17.0,17.0,2021,2021-06-20,13:00:00,ricard,raikkonen,alfa,21,56,0,0.0,15.333333333333334,10.666666666666666,4.666666666666667
1059,16.0,18.0,2021,2021-06-20,13:00:00,ricard,latifi,williams,21,36,22,-2.0,16.666666666666668,16.0,0.6666666666666666
1059,15.0,19.0,2021,2021-06-20,13:00:00,ricard,mick_schumacher,haas,21,47,7,-4.0,18.666666666666668,15.666666666666666,3.0
1059,18.0,20.0,2021,2021-06-20,13:00:00,ricard,mazepin,haas,21,44,7,-2.0,19.0,16.333333333333332,2.6666666666666665
1060,1.0,1.0,2021,2021-07-04,13:00:00,red_bull_ring,max_verstappen,red_bull,20,43,17,0.0,1.3333333333333333,1.0,0.3333333333333333
1060,5.0,2.0,2021,2021-07-04,13:00:00,red_bull_ring,bottas,mercedes,20,7,14,3.0,6.0,6.333333333333333,-0.3333333333333333
1060,2.0,3.0,2021,2021-07-04,13:00:00,red_bull_ring,norris,mclaren,20,49,13,-1.0,6.666666666666667,5.0,1.6666666666666667
1060,4.0,4.0,2021,2021-07-04,13:00:00,red_bull_ring,hamilton,mercedes,20,23,14,0.0,2.0,6.333333333333333,-4.333333333333333
1060,10.0,5.0,2021,2021-07-04,13:00:00,red_bull_ring,sainz,ferrari,20,63,5,5.0,7.333333333333333,8.333333333333334,-1.0
1060,3.0,6.0,2021,2021-07-04,13:00:00,red_bull_ring,perez,red_bull,20,51,17,-3.0,4.666666666666667,2.6666666666666665,2.0
1060,13.0,7.0,2021,2021-07-04,13:00:00,red_bull_ring,ricciardo,mclaren,20,58,13,6.0,12.0,9.333333333333334,2.6666666666666665
1060,12.0,8.0,2021,2021-07-04,13:00:00,red_bull_ring,leclerc,ferrari,20,38,5,4.0,5.0,9.0,-4.0
1060,6.0,9.0,2021,2021-07-04,13:00:00,red_bull_ring,gasly,alphatauri,20,17,1,-3.0,5.333333333333333,5.333333333333333,0.0
1060,14.0,10.0,2021,2021-07-04,13:00:00,red_bull_ring,alonso,alpine,20,3,2,4.0,8.333333333333334,7.666666666666667,0.6666666666666666
1060,8.0,11.0,2021,2021-07-04,13:00:00,red_bull_ring,russell,williams,20,62,22,-3.0,14.666666666666666,13.333333333333334,1.3333333333333333
1060,7.0,12.0,2021,2021-07-04,13:00:00,red_bull_ring,tsunoda,alphatauri,20,70,1,-5.0,6.0,10.0,-4.0
1060,9.0,13.0,2021,2021-07-04,13:00:00,red_bull_ring,stroll,aston_martin,20,67,3,-4.0,13.666666666666666,8.666666666666666,5.0
1060,15.0,14.0,2021,2021-07-04,13:00:00,red_bull_ring,giovinazzi,alfa,20,18,0,1.0,16.0,13.666666666666666,2.3333333333333335
1060,16.0,15.0,2021,2021-07-04,13:00:00,red_bull_ring,raikkonen,alfa,20,56,0,1.0,16.333333333333332,12.666666666666666,3.6666666666666665
1060,18.0,16.0,2021,2021-07-04,13:00:00,red_bull_ring,latifi,williams,20,36,22,2.0,16.0,17.0,-1.0
1060,11.0,17.0,2021,2021-07-04,13:00:00,red_bull_ring,vettel,aston_martin,20,73,3,-6.0,12.333333333333334,7.666666666666667,4.666666666666667
1060,19.0,18.0,2021,2021-07-04,13:00:00,red_bull_ring,mick_schumacher,haas,20,47,7,1.0,17.0,16.0,1.0
1060,20.0,19.0,2021,2021-07-04,13:00:00,red_bull_ring,mazepin,haas,20,44,7,1.0,18.666666666666668,17.333333333333332,1.3333333333333333
1061,2.0,1.0,2021,2021-07-18,14:00:00,silverstone,hamilton,mercedes,25,23,14,1.0,2.6666666666666665,2.6666666666666665,0.0
1061,4.0,2.0,2021,2021-07-18,14:00:00,silverstone,leclerc,ferrari,25,38,5,2.0,8.666666666666666,10.333333333333334,-1.6666666666666667
1061,3.0,3.0,2021,2021-07-18,14:00:00,silverstone,bottas,mercedes,25,7,14,0.0,4.333333333333333,3.0,1.3333333333333333
1061,5.0,4.0,2021,2021-07-18,14:00:00,silverstone,norris,mclaren,25,49,13,1.0,4.333333333333333,4.333333333333333,0.0
1061,6.0,5.0,2021,2021-07-18,14:00:00,silverstone,ricciardo,mclaren,25,58,13,1.0,12.0,8.666666666666666,3.3333333333333335
1061,10.0,6.0,2021,2021-07-18,14:00:00,silverstone,sainz,ferrari,25,63,5,4.0,9.0,7.333333333333333,1.6666666666666667
1061,7.0,7.0,2021,2021-07-18,14:00:00,silverstone,alonso,alpine,25,3,2,0.0,10.333333333333334,9.0,1.3333333333333333
1061,14.0,8.0,2021,2021-07-18,14:00:00,silverstone,stroll,aston_martin,25,67,3,6.0,12.333333333333334,10.333333333333334,2.0
1061,9.0,9.0,2021,2021-07-18,14:00:00,silverstone,ocon,alpine,25,50,2,0.0,13.0,12.333333333333334,0.6666666666666666
1061,16.0,10.0,2021,2021-07-18,14:00:00,silverstone,tsunoda,alphatauri,25,70,1,6.0,6.0,11.666666666666666,-5.666666666666667
1061,11.0,11.0,2021,2021-07-18,14:00:00,silverstone,gasly,alphatauri,25,17,1,0.0,5.333333333333333,6.333333333333333,-1.0
1061,12.0,12.0,2021,2021-07-18,14:00:00,silverstone,russell,williams,25,62,22,0.0,12.333333333333334,12.333333333333334,0.0
1061,15.0,13.0,2021,2021-07-18,14:00:00,silverstone,giovinazzi,alfa,25,18,0,2.0,14.333333333333334,14.666666666666666,-0.3333333333333333
1061,17.0,14.0,2021,2021-07-18,14:00:00,silverstone,latifi,williams,25,36,22,3.0,16.666666666666668,17.0,-0.3333333333333333
1061,13.0,15.0,2021,2021-07-18,14:00:00,silverstone,raikkonen,alfa,25,56,0,-2.0,17.0,14.333333333333334,2.6666666666666665
1061,0.0,16.0,2021,2021-07-18,14:00:00,silverstone,perez,red_bull,25,51,17,-16.0,3.6666666666666665,4.333333333333333,-0.6666666666666666
1061,19.0,17.0,2021,2021-07-18,14:00:00,silverstone,mazepin,haas,25,44,7,2.0,19.333333333333332,19.0,0.3333333333333333
1061,18.0,18.0,2021,2021-07-18,14:00:00,silverstone,mick_schumacher,haas,25,47,7,0.0,17.666666666666668,17.666666666666668,0.0
1062,8.0,1.0,2021,2021-08-01,13:00:00,hungaroring,ocon,alpine,7,50,2,7.0,12.333333333333334,12.333333333333334,0.0
1062,1.0,2.0,2021,2021-08-01,13:00:00,hungaroring,hamilton,mercedes,7,23,14,-1.0,2.6666666666666665,2.3333333333333335,0.3333333333333333
1062,15.0,3.0,2021,2021-08-01,13:00:00,hungaroring,sainz,ferrari,7,63,5,12.0,8.333333333333334,7.333333333333333,1.0
1062,9.0,4.0,2021,2021-08-01,13:00:00,hungaroring,alonso,alpine,7,3,2,5.0,10.0,8.333333333333334,1.6666666666666667
1062,5.0,5.0,2021,2021-08-01,13:00:00,hungaroring,gasly,alphatauri,7,17,1,0.0,7.666666666666667,9.0,-1.3333333333333333
1062,16.0,6.0,2021,2021-08-01,13:00:00,hungaroring,tsunoda,alphatauri,7,70,1,10.0,7.666666666666667,11.666666666666666,-4.0
1062,18.0,7.0,2021,2021-08-01,13:00:00,hungaroring,latifi,williams,7,36,22,11.0,17.0,16.0,1.0
1062,17.0,8.0,2021,2021-08-01,13:00:00,hungaroring,russell,williams,7,62,22,9.0,11.333333333333334,11.666666666666666,-0.3333333333333333
1062,3.0,9.0,2021,2021-08-01,13:00:00,hungaroring,max_verstappen,red_bull,7,43,17,-6.0,1.0,1.0,0.0
1062,13.0,10.0,2021,2021-08-01,13:00:00,hungaroring,raikkonen,alfa,7,56,0,3.0,15.333333333333334,15.666666666666666,-0.3333333333333333
1062,11.0,11.0,2021,2021-08-01,13:00:00,hungaroring,ricciardo,mclaren,7,58,13,0.0,9.666666666666666,6.0,3.6666666666666665
1062,20.0,12.0,2021,2021-08-01,13:00:00,hungaroring,mick_schumacher,haas,7,47,7,8.0,17.333333333333332,18.333333333333332,-1.0
1062,0.0,13.0,2021,2021-08-01,13:00:00,hungaroring,giovinazzi,alfa,7,18,0,-13.0,14.333333333333334,14.0,0.3333333333333333
1063,1.0,1.0,2021,2021-08-29,13:00:00,spa,max_verstappen,red_bull,27,43,17,0.0,1.6666666666666667,3.6666666666666665,-2.0
1063,2.0,2.0,2021,2021-08-29,13:00:00,spa,russell,williams,27,62,22,0.0,12.333333333333334,10.333333333333334,2.0
1063,3.0,3.0,2021,2021-08-29,13:00:00,spa,hamilton,mercedes,27,23,14,0.0,2.3333333333333335,2.3333333333333335,0.0
1063,4.0,4.0,2021,2021-08-29,13:00:00,spa,ricciardo,mclaren,27,58,13,0.0,10.0,7.666666666666667,2.3333333333333335
1063,5.0,5.0,2021,2021-08-29,13:00:00,spa,vettel,aston_martin,27,73,3,0.0,12.333333333333334,12.666666666666666,-0.3333333333333333
1063,6.0,6.0,2021,2021-08-29,13:00:00,spa,gasly,alphatauri,27,17,1,0.0,7.333333333333333,8.333333333333334,-1.0
1063,8.0,7.0,2021,2021-08-29,13:00:00,spa,ocon,alpine,27,50,2,1.0,9.333333333333334,8.0,1.3333333333333333
1063,9.0,8.0,2021,2021-08-29,13:00:00,spa,leclerc,ferrari,27,38,5,1.0,7.666666666666667,8.666666666666666,-1.0
1063,10.0,9.0,2021,2021-08-29,13:00:00,spa,latifi,williams,27,36,22,1.0,17.666666666666668,12.333333333333334,5.333333333333333
1063,11.0,10.0,2021,2021-08-29,13:00:00,spa,sainz,ferrari,27,63,5,1.0,11.666666666666666,4.666666666666667,7.0
1063,12.0,11.0,2021,2021-08-29,13:00:00,spa,alonso,alpine,27,3,2,1.0,10.0,7.0,3.0
1063,13.0,12.0,2021,2021-08-29,13:00:00,spa,bottas,mercedes,27,7,14,1.0,3.6666666666666665,3.0,0.6666666666666666
1063,14.0,13.0,2021,2021-08-29,13:00:00,spa,giovinazzi,alfa,27,18,0,1.0,10.0,13.333333333333334,-3.3333333333333335
1063,15.0,14.0,2021,2021-08-29,13:00:00,spa,norris,mclaren,27,49,13,1.0,5.0,4.0,1.0
1063,16.0,15.0,2021,2021-08-29,13:00:00,spa,tsunoda,alphatauri,27,70,1,1.0,13.0,9.333333333333334,3.6666666666666665
1063,17.0,16.0,2021,2021-08-29,13:00:00,spa,mick_schumacher,haas,27,47,7,1.0,19.0,16.0,3.0
1063,18.0,17.0,2021,2021-08-29,13:00:00,spa,mazepin,haas,27,44,7,1.0,19.0,18.666666666666668,0.3333333333333333
1063,0.0,18.0,2021,2021-08-29,13:00:00,spa,raikkonen,alfa,27,56,0,-18.0,14.0,13.333333333333334,0.6666666666666666
1063,0.0,19.0,2021,2021-08-29,13:00:00,spa,perez,red_bull,27,51,17,-19.0,2.3333333333333335,8.333333333333334,-6.0
1063,19.0,20.0,2021,2021-08-29,13:00:00,spa,stroll,aston_martin,27,67,3,-1.0,14.0,10.333333333333334,3.6666666666666665
1064,1.0,1.0,2021,2021-09-05,13:00:00,zandvoort,max_verstappen,red_bull,34,43,17,0.0,1.6666666666666667,3.6666666666666665,-2.0
1064,2.0,2.0,2021,2021-09-05,13:00:00,zandvoort,hamilton,mercedes,34,23,14,0.0,2.0,2.0,0.0
1064,3.0,3.0,2021,2021-09-05,13:00:00,zandvoort,bottas,mercedes,34,7,14,0.0,7.0,5.666666666666667,1.3333333333333333
1064,4.0,4.0,2021,2021-09-05,13:00:00,zandvoort,gasly,alphatauri,34,17,1,0.0,7.333333333333333,7.333333333333333,0.0
1064,5.0,5.0,2021,2021-09-05,13:00:00,zandvoort,leclerc,ferrari,34,38,5,0.0,8.333333333333334,6.0,2.3333333333333335
1064,9.0,6.0,2021,2021-09-05,13:00:00,zandvoort,alonso,alpine,34,3,2,3.0,9.333333333333334,7.333333333333333,2.0
1064,6.0,7.0,2021,2021-09-05,13:00:00,zandvoort,sainz,ferrari,34,63,5,-1.0,12.0,6.333333333333333,5.666666666666667
1064,0.0,8.0,2021,2021-09-05,13:00:00,zandvoort,perez,red_bull,34,51,17,-8.0,1.0,13.666666666666666,-12.666666666666666
1064,8.0,9.0,2021,2021-09-05,13:00:00,zandvoort,ocon,alpine,34,50,2,-1.0,8.333333333333334,5.666666666666667,2.6666666666666665
1064,13.0,10.0,2021,2021-09-05,13:00:00,zandvoort,norris,mclaren,34,49,13,3.0,7.333333333333333,7.0,0.3333333333333333
1064,10.0,11.0,2021,2021-09-05,13:00:00,zandvoort,ricciardo,mclaren,34,58,13,-1.0,7.0,6.666666666666667,0.3333333333333333
1064,12.0,12.0,2021,2021-09-05,13:00:00,zandvoort,stroll,aston_martin,34,67,3,0.0,14.0,13.666666666666666,0.3333333333333333
1064,15.0,13.0,2021,2021-09-05,13:00:00,zandvoort,vettel,aston_martin,34,73,3,2.0,9.333333333333334,10.333333333333334,-1.0
1064,7.0,14.0,2021,2021-09-05,13:00:00,zandvoort,giovinazzi,alfa,34,18,0,-7.0,9.666666666666666,13.0,-3.3333333333333335
1064,16.0,15.0,2021,2021-09-05,13:00:00,zandvoort,kubica,alfa,34,34,0,1.0,19.333333333333332,17.666666666666668,1.6666666666666667
1064,0.0,16.0,2021,2021-09-05,13:00:00,zandvoort,latifi,williams,34,36,22,-16.0,15.0,10.0,5.0
1064,11.0,17.0,2021,2021-09-05,13:00:00,zandvoort,russell,williams,34,62,22,-6.0,10.333333333333334,7.333333333333333,3.0
1064,17.0,18.0,2021,2021-09-05,13:00:00,zandvoort,mick_schumacher,haas,34,47,7,-1.0,18.333333333333332,15.333333333333334,3.0
1065,2.0,1.0,2021,2021-09-12,13:00:00,monza,ricciardo,mclaren,16,58,13,1.0,8.333333333333334,8.666666666666666,-0.3333333333333333
1065,3.0,2.0,2021,2021-09-12,13:00:00,monza,norris,mclaren,16,49,13,1.0,11.0,9.333333333333334,1.6666666666666667
1065,19.0,3.0,2021,2021-09-12,13:00:00,monza,bottas,mercedes,16,7,14,16.0,6.333333333333333,6.0,0.3333333333333333
1065,5.0,4.0,2021,2021-09-12,13:00:00,monza,leclerc,ferrari,16,38,5,1.0,6.0,5.0,1.0
1065,8.0,5.0,2021,2021-09-12,13:00:00,monza,perez,red_bull,16,51,17,3.0,0.0,14.333333333333334,-14.333333333333334
1065,6.0,6.0,2021,2021-09-12,13:00:00,monza,sainz,ferrari,16,63,5,0.0,10.666666666666666,6.666666666666667,4.0
1065,9.0,7.0,2021,2021-09-12,13:00:00,monza,stroll,aston_martin,16,67,3,2.0,15.0,13.333333333333334,1.6666666666666667
1065,10.0,8.0,2021,2021-09-12,13:00:00,monza,alonso,alpine,16,3,2,2.0,10.0,7.0,3.0
1065,14.0,9.0,2021,2021-09-12,13:00:00,monza,russell,williams,16,62,22,5.0,10.0,9.0,1.0
1065,12.0,10.0,2021,2021-09-12,13:00:00,monza,ocon,alpine,16,50,2,2.0,8.0,5.666666666666667,2.3333333333333335
1065,13.0,11.0,2021,2021-09-12,13:00:00,monza,latifi,williams,16,36,22,2.0,9.333333333333334,10.666666666666666,-1.3333333333333333
1065,11.0,12.0,2021,2021-09-12,13:00:00,monza,vettel,aston_martin,16,73,3,-1.0,10.333333333333334,11.666666666666666,-1.3333333333333333
1065,7.0,13.0,2021,2021-09-12,13:00:00,monza,giovinazzi,alfa,16,18,0,-6.0,7.0,13.333333333333334,-6.333333333333333
1065,17.0,14.0,2021,2021-09-12,13:00:00,monza,kubica,alfa,16,34,0,3.0,18.0,16.666666666666668,1.3333333333333333
1065,18.0,15.0,2021,2021-09-12,13:00:00,monza,mick_schumacher,haas,16,47,7,3.0,18.0,15.333333333333334,2.6666666666666665
1066,4.0,1.0,2021,2021-09-26,12:00:00,sochi,hamilton,mercedes,26,23,14,3.0,2.0,2.3333333333333335,-0.3333333333333333
1066,20.0,2.0,2021,2021-09-26,12:00:00,sochi,max_verstappen,red_bull,26,43,17,18.0,1.6666666666666667,3.6666666666666665,-2.0
1066,2.0,3.0,2021,2021-09-26,12:00:00,sochi,sainz,ferrari,26,63,5,-1.0,7.666666666666667,7.666666666666667,0.0
1066,5.0,4.0,2021,2021-09-26,12:00:00,sochi,ricciardo,mclaren,26,58,13,1.0,5.333333333333333,5.333333333333333,0.0
1066,16.0,5.0,2021,2021-09-26,12:00:00,sochi,bottas,mercedes,26,7,14,11.0,11.666666666666666,6.0,5.666666666666667
1066,6.0,6.0,2021,2021-09-26,12:00:00,sochi,alonso,alpine,26,3,2,0.0,10.333333333333334,8.333333333333334,2.0
1066,1.0,7.0,2021,2021-09-26,12:00:00,sochi,norris,mclaren,26,49,13,-6.0,10.333333333333334,8.666666666666666,1.6666666666666667
1066,13.0,8.0,2021,2021-09-26,12:00:00,sochi,raikkonen,alfa,26,56,0,5.0,8.666666666666666,14.333333333333334,-5.666666666666667
1066,8.0,9.0,2021,2021-09-26,12:00:00,sochi,perez,red_bull,26,51,17,-1.0,2.6666666666666665,10.666666666666666,-8.0
1066,3.0,10.0,2021,2021-09-26,12:00:00,sochi,russell,williams,26,62,22,-7.0,9.0,9.333333333333334,-0.3333333333333333
1066,7.0,11.0,2021,2021-09-26,12:00:00,sochi,stroll,aston_martin,26,67,3,-4.0,13.333333333333334,13.0,0.3333333333333333
1066,10.0,12.0,2021,2021-09-26,12:00:00,sochi,vettel,aston_martin,26,73,3,-2.0,10.333333333333334,10.0,0.3333333333333333
1066,11.0,13.0,2021,2021-09-26,12:00:00,sochi,gasly,alphatauri,26,17,1,-2.0,5.0,5.0,0.0
1066,9.0,14.0,2021,2021-09-26,12:00:00,sochi,ocon,alpine,26,50,2,-5.0,9.333333333333334,8.666666666666666,0.6666666666666666
1066,19.0,15.0,2021,2021-09-26,12:00:00,sochi,leclerc,ferrari,26,38,5,4.0,6.333333333333333,5.666666666666667,0.6666666666666666
1066,17.0,16.0,2021,2021-09-26,12:00:00,sochi,giovinazzi,alfa,26,18,0,1.0,9.333333333333334,13.333333333333334,-4.0
1066,12.0,17.0,2021,2021-09-26,12:00:00,sochi,tsunoda,alphatauri,26,70,1,-5.0,16.0,10.333333333333334,5.666666666666667
1066,15.0,18.0,2021,2021-09-26,12:00:00,sochi,mazepin,haas,26,44,7,-3.0,19.0,17.666666666666668,1.3333333333333333
1066,18.0,19.0,2021,2021-09-26,12:00:00,sochi,latifi,williams,26,36,22,-1.0,7.666666666666667,12.0,-4.333333333333333
1067,1.0,1.0,2021,2021-10-10,12:00:00,istanbul,bottas,mercedes,10,7,14,0.0,12.666666666666666,3.6666666666666665,9.0
1067,2.0,2.0,2021,2021-10-10,12:00:00,istanbul,max_verstappen,red_bull,10,43,17,0.0,7.333333333333333,1.3333333333333333,6.0
1067,6.0,3.0,2021,2021-10-10,12:00:00,istanbul,perez,red_bull,10,51,17,3.0,5.333333333333333,7.333333333333333,-2.0
1067,3.0,4.0,2021,2021-10-10,12:00:00,istanbul,leclerc,ferrari,10,38,5,-1.0,9.666666666666666,8.0,1.6666666666666667
1067,11.0,5.0,2021,2021-10-10,12:00:00,istanbul,hamilton,mercedes,10,23,14,6.0,3.0,2.0,1.0
1067,4.0,6.0,2021,2021-10-10,12:00:00,istanbul,gasly,alphatauri,10,17,1,-2.0,7.0,7.666666666666667,-0.6666666666666666
1067,7.0,7.0,2021,2021-10-10,12:00:00,istanbul,norris,mclaren,10,49,13,0.0,5.666666666666667,6.333333333333333,-0.6666666666666666
1067,19.0,8.0,2021,2021-10-10,12:00:00,istanbul,sainz,ferrari,10,63,5,11.0,4.666666666666667,5.333333333333333,-0.6666666666666666
1067,8.0,9.0,2021,2021-10-10,12:00:00,istanbul,stroll,aston_martin,10,67,3,-1.0,9.333333333333334,10.0,-0.6666666666666666
1067,12.0,10.0,2021,2021-10-10,12:00:00,istanbul,ocon,alpine,10,50,2,2.0,9.666666666666666,11.0,-1.3333333333333333
1067,16.0,11.0,2021,2021-10-10,12:00:00,istanbul,giovinazzi,alfa,10,18,0,5.0,10.333333333333334,14.333333333333334,-4.0
1067,17.0,12.0,2021,2021-10-10,12:00:00,istanbul,raikkonen,alfa,10,56,0,5.0,8.666666666666666,12.0,-3.3333333333333335
1067,20.0,13.0,2021,2021-10-10,12:00:00,istanbul,ricciardo,mclaren,10,58,13,7.0,5.666666666666667,5.333333333333333,0.3333333333333333
1067,9.0,14.0,2021,2021-10-10,12:00:00,istanbul,tsunoda,alphatauri,10,70,1,-5.0,14.666666666666666,12.666666666666666,2.0
1067,13.0,15.0,2021,2021-10-10,12:00:00,istanbul,russell,williams,10,62,22,-2.0,9.333333333333334,12.0,-2.6666666666666665
1067,5.0,16.0,2021,2021-10-10,12:00:00,istanbul,alonso,alpine,10,3,2,-11.0,8.333333333333334,6.666666666666667,1.6666666666666667
1067,15.0,17.0,2021,2021-10-10,12:00:00,istanbul,latifi,williams,10,36,22,-2.0,10.333333333333334,15.333333333333334,-5.0
1067,10.0,18.0,2021,2021-10-10,12:00:00,istanbul,vettel,aston_martin,10,73,3,-8.0,12.0,12.333333333333334,-0.3333333333333333
1067,14.0,19.0,2021,2021-10-10,12:00:00,istanbul,mick_schumacher,haas,10,47,7,-5.0,17.333333333333332,16.333333333333332,1.0
1067,18.0,20.0,2021,2021-10-10,12:00:00,istanbul,mazepin,haas,10,44,7,-2.0,17.333333333333332,17.333333333333332,0.0
1069,1.0,1.0,2021,2021-10-24,19:00:00,americas,max_verstappen,red_bull,1,43,17,0.0,7.666666666666667,1.6666666666666667,6.0
1069,2.0,2.0,2021,2021-10-24,19:00:00,americas,hamilton,mercedes,1,23,14,0.0,5.666666666666667,2.6666666666666665,3.0
1069,3.0,3.0,2021,2021-10-24,19:00:00,americas,perez,red_bull,1,51,17,0.0,7.333333333333333,5.666666666666667,1.6666666666666667
1069,4.0,4.0,2021,2021-10-24,19:00:00,americas,leclerc,ferrari,1,38,5,0.0,9.0,7.666666666666667,1.3333333333333333
1069,6.0,5.0,2021,2021-10-24,19:00:00,americas,ricciardo,mclaren,1,58,13,1.0,9.0,6.0,3.0
1069,9.0,6.0,2021,2021-10-24,19:00:00,americas,bottas,mercedes,1,7,14,3.0,12.0,3.0,9.0
1069,5.0,7.0,2021,2021-10-24,19:00:00,americas,sainz,ferrari,1,63,5,-2.0,9.0,5.666666666666667,3.3333333333333335
1069,7.0,8.0,2021,2021-10-24,19:00:00,americas,norris,mclaren,1,49,13,-1.0,3.6666666666666665,5.333333333333333,-1.6666666666666667
1069,10.0,9.0,2021,2021-10-24,19:00:00,americas,tsunoda,alphatauri,1,70,1,1.0,12.333333333333334,15.333333333333334,-3.0
1069,18.0,10.0,2021,2021-10-24,19:00:00,americas,vettel,aston_martin,1,73,3,8.0,10.333333333333334,14.0,-3.6666666666666665
1069,12.0,11.0,2021,2021-10-24,19:00:00,americas,giovinazzi,alfa,1,18,0,1.0,13.333333333333334,13.333333333333334,0.0
1069,13.0,12.0,2021,2021-10-24,19:00:00,americas,stroll,aston_martin,1,67,3,1.0,8.0,9.0,-1.0
1069,15.0,13.0,2021,2021-10-24,19:00:00,americas,raikkonen,alfa,1,56,0,2.0,10.0,12.666666666666666,-2.6666666666666665
1069,20.0,14.0,2021,2021-10-24,19:00:00,americas,russell,williams,1,62,22,6.0,10.0,11.333333333333334,-1.3333333333333333
1069,14.0,15.0,2021,2021-10-24,19:00:00,americas,latifi,williams,1,36,22,-1.0,15.333333333333334,15.666666666666666,-0.3333333333333333
1069,16.0,16.0,2021,2021-10-24,19:00:00,americas,mick_schumacher,haas,1,47,7,0.0,16.333333333333332,17.333333333333332,-1.0
1069,17.0,17.0,2021,2021-10-24,19:00:00,americas,mazepin,haas,1,44,7,0.0,17.0,18.333333333333332,-1.3333333333333333
1070,3.0,1.0,2021,2021-11-07,19:00:00,rodriguez,max_verstappen,red_bull,22,43,17,2.0,7.666666666666667,1.6666666666666667,6.0
1070,2.0,2.0,2021,2021-11-07,19:00:00,rodriguez,hamilton,mercedes,22,23,14,0.0,5.666666666666667,2.6666666666666665,3.0
1070,4.0,3.0,2021,2021-11-07,19:00:00,rodriguez,perez,red_bull,22,51,17,1.0,5.666666666666667,5.0,0.6666666666666666
1070,5.0,4.0,2021,2021-11-07,19:00:00,rodriguez,gasly,alphatauri,22,17,1,1.0,6.333333333333333,7.666666666666667,-1.3333333333333333
1070,8.0,5.0,2021,2021-11-07,19:00:00,rodriguez,leclerc,ferrari,22,38,5,3.0,8.666666666666666,7.666666666666667,1.0
1070,6.0,6.0,2021,2021-11-07,19:00:00,rodriguez,sainz,ferrari,22,63,5,0.0,8.666666666666666,6.0,2.6666666666666665
1070,9.0,7.0,2021,2021-11-07,19:00:00,rodriguez,vettel,aston_martin,22,73,3,2.0,12.666666666666666,13.333333333333334,-0.6666666666666666
1070,10.0,8.0,2021,2021-11-07,19:00:00,rodriguez,raikkonen,alfa,22,56,0,2.0,15.0,11.0,4.0
1070,12.0,9.0,2021,2021-11-07,19:00:00,rodriguez,alonso,alpine,22,3,2,3.0,7.0,10.0,-3.0
1070,18.0,10.0,2021,2021-11-07,19:00:00,rodriguez,norris,mclaren,22,49,13,8.0,5.0,7.333333333333333,-2.3333333333333335
1070,11.0,11.0,2021,2021-11-07,19:00:00,rodriguez,giovinazzi,alfa,22,18,0,0.0,15.0,12.666666666666666,2.3333333333333335
1070,7.0,12.0,2021,2021-11-07,19:00:00,rodriguez,ricciardo,mclaren,22,58,13,-5.0,10.333333333333334,7.333333333333333,3.0
1070,19.0,13.0,2021,2021-11-07,19:00:00,rodriguez,ocon,alpine,22,50,2,6.0,11.0,11.333333333333334,-0.3333333333333333
1070,20.0,14.0,2021,2021-11-07,19:00:00,rodriguez,stroll,aston_martin,22,67,3,6.0,9.333333333333334,10.666666666666666,-1.3333333333333333
1070,1.0,15.0,2021,2021-11-07,19:00:00,rodriguez,bottas,mercedes,22,7,14,-14.0,8.666666666666666,4.0,4.666666666666667
1070,16.0,16.0,2021,2021-11-07,19:00:00,rodriguez,russell,williams,22,62,22,0.0,12.0,13.0,-1.0
1070,13.0,17.0,2021,2021-11-07,19:00:00,rodriguez,latifi,williams,22,36,22,-4.0,15.666666666666666,17.0,-1.3333333333333333
1070,15.0,18.0,2021,2021-11-07,19:00:00,rodriguez,mazepin,haas,22,44,7,-3.0,16.666666666666668,18.333333333333332,-1.6666666666666667
1071,10.0,1.0,2021,2021-11-14,17:00:00,interlagos,hamilton,mercedes,9,23,14,9.0,5.0,3.0,2.0
1071,2.0,2.0,2021,2021-11-14,17:00:00,interlagos,max_verstappen,red_bull,9,43,17,0.0,2.0,1.3333333333333333,0.6666666666666666
1071,1.0,3.0,2021,2021-11-14,17:00:00,interlagos,bottas,mercedes,9,7,14,-2.0,3.6666666666666665,7.333333333333333,-3.6666666666666665
1071,4.0,4.0,2021,2021-11-14,17:00:00,interlagos,perez,red_bull,9,51,17,0.0,4.333333333333333,3.0,1.3333333333333333
1071,6.0,5.0,2021,2021-11-14,17:00:00,interlagos,leclerc,ferrari,9,38,5,1.0,5.0,4.333333333333333,0.6666666666666666
1071,3.0,6.0,2021,2021-11-14,17:00:00,interlagos,sainz,ferrari,9,63,5,-3.0,10.0,7.0,3.0
1071,7.0,7.0,2021,2021-11-14,17:00:00,interlagos,gasly,alphatauri,9,17,1,0.0,6.666666666666667,7.666666666666667,-1.0
1071,8.0,8.0,2021,2021-11-14,17:00:00,interlagos,ocon,alpine,9,50,2,0.0,13.333333333333334,12.333333333333334,1.0
1071,12.0,9.0,2021,2021-11-14,17:00:00,interlagos,alonso,alpine,9,3,2,3.0,7.666666666666667,10.333333333333334,-2.6666666666666665
1071,5.0,10.0,2021,2021-11-14,17:00:00,interlagos,norris,mclaren,9,49,13,-5.0,10.666666666666666,8.333333333333334,2.3333333333333335
1071,9.0,11.0,2021,2021-11-14,17:00:00,interlagos,vettel,aston_martin,9,73,3,-2.0,12.333333333333334,11.666666666666666,0.6666666666666666
1071,0.0,12.0,2021,2021-11-14,17:00:00,interlagos,raikkonen,alfa,9,56,0,-12.0,14.0,11.0,3.0
1071,17.0,13.0,2021,2021-11-14,17:00:00,interlagos,russell,williams,9,62,22,4.0,16.333333333333332,15.0,1.3333333333333333
1071,13.0,14.0,2021,2021-11-14,17:00:00,interlagos,giovinazzi,alfa,9,18,0,-1.0,13.0,11.0,2.0
1071,15.0,15.0,2021,2021-11-14,17:00:00,interlagos,tsunoda,alphatauri,9,70,1,0.0,10.333333333333334,13.333333333333334,-3.0
1071,16.0,16.0,2021,2021-11-14,17:00:00,interlagos,latifi,williams,9,36,22,0.0,14.0,16.333333333333332,-2.3333333333333335
1071,19.0,17.0,2021,2021-11-14,17:00:00,interlagos,mazepin,haas,9,44,7,2.0,16.666666666666668,18.333333333333332,-1.6666666666666667
1071,18.0,18.0,2021,2021-11-14,17:00:00,interlagos,mick_schumacher,haas,9,47,7,0.0,16.0,16.666666666666668,-0.6666666666666666
1072,1.0,1.0,2021,2021-12-05,17:30:00,jeddah,hamilton,mercedes,11,23,14,0.0,4.666666666666667,1.6666666666666667,3.0
1072,3.0,2.0,2021,2021-12-05,17:30:00,jeddah,max_verstappen,red_bull,11,43,17,1.0,2.0,1.3333333333333333,0.6666666666666666
1072,2.0,3.0,2021,2021-12-05,17:30:00,jeddah,bottas,mercedes,11,7,14,-1.0,3.6666666666666665,8.0,-4.333333333333333
1072,9.0,4.0,2021,2021-12-05,17:30:00,jeddah,ocon,alpine,11,50,2,5.0,13.0,10.333333333333334,2.6666666666666665
1072,11.0,5.0,2021,2021-12-05,17:30:00,jeddah,ricciardo,mclaren,11,58,13,6.0,11.0,10.0,1.0
1072,6.0,6.0,2021,2021-12-05,17:30:00,jeddah,gasly,alphatauri,11,17,1,0.0,5.333333333333333,5.666666666666667,-0.3333333333333333
1072,4.0,7.0,2021,2021-12-05,17:30:00,jeddah,leclerc,ferrari,11,38,5,-3.0,6.0,4.666666666666667,1.3333333333333333
1072,15.0,8.0,2021,2021-12-05,17:30:00,jeddah,sainz,ferrari,11,63,5,7.0,4.666666666666667,6.333333333333333,-1.6666666666666667
1072,10.0,9.0,2021,2021-12-05,17:30:00,jeddah,giovinazzi,alfa,11,18,0,1.0,12.0,12.0,0.0
1072,7.0,10.0,2021,2021-12-05,17:30:00,jeddah,norris,mclaren,11,49,13,-3.0,10.0,9.333333333333334,0.6666666666666666
1072,18.0,11.0,2021,2021-12-05,17:30:00,jeddah,stroll,aston_martin,11,67,3,7.0,13.666666666666666,11.666666666666666,2.0
1072,16.0,12.0,2021,2021-12-05,17:30:00,jeddah,latifi,williams,11,36,22,4.0,14.333333333333334,16.0,-1.6666666666666667
1072,13.0,13.0,2021,2021-12-05,17:30:00,jeddah,alonso,alpine,11,3,2,0.0,9.666666666666666,11.333333333333334,-1.6666666666666667
1072,8.0,14.0,2021,2021-12-05,17:30:00,jeddah,tsunoda,alphatauri,11,70,1,-6.0,11.333333333333334,12.666666666666666,-1.3333333333333333
1072,12.0,15.0,2021,2021-12-05,17:30:00,jeddah,raikkonen,alfa,11,56,0,-3.0,8.333333333333334,11.0,-2.6666666666666665
1073,1.0,1.0,2021,2021-12-12,13:00:00,yas_marina,max_verstappen,red_bull,32,43,17,0.0,2.6666666666666665,1.6666666666666667,1.0
1073,2.0,2.0,2021,2021-12-12,13:00:00,yas_marina,hamilton,mercedes,32,23,14,0.0,4.333333333333333,1.3333333333333333,3.0
1073,5.0,3.0,2021,2021-12-12,13:00:00,yas_marina,sainz,ferrari,32,63,5,2.0,8.0,6.666666666666667,1.3333333333333333
1073,8.0,4.0,2021,2021-12-12,13:00:00,yas_marina,tsunoda,alphatauri,32,70,1,4.0,11.0,12.666666666666666,-1.6666666666666667
1073,12.0,5.0,2021,2021-12-12,13:00:00,yas_marina,gasly,alphatauri,32,17,1,7.0,6.0,5.666666666666667,0.3333333333333333
1073,6.0,6.0,2021,2021-12-12,13:00:00,yas_marina,bottas,mercedes,32,7,14,0.0,1.3333333333333333,7.0,-5.666666666666667
1073,3.0,7.0,2021,2021-12-12,13:00:00,yas_marina,norris,mclaren,32,49,13,-4.0,10.0,10.0,0.0
1073,11.0,8.0,2021,2021-12-12,13:00:00,yas_marina,alonso,alpine,32,3,2,3.0,12.333333333333334,10.333333333333334,2.0
1073,9.0,9.0,2021,2021-12-12,13:00:00,yas_marina,ocon,alpine,32,50,2,0.0,12.0,8.333333333333334,3.6666666666666665
1073,7.0,10.0,2021,2021-12-12,13:00:00,yas_marina,leclerc,ferrari,32,38,5,-3.0,6.0,5.666666666666667,0.3333333333333333
1073,15.0,11.0,2021,2021-12-12,13:00:00,yas_marina,vettel,aston_martin,32,73,3,4.0,12.0,9.333333333333334,2.6666666666666665
1073,10.0,12.0,2021,2021-12-12,13:00:00,yas_marina,ricciardo,mclaren,32,58,13,-2.0,8.0,7.333333333333333,0.6666666666666666
1073,13.0,13.0,2021,2021-12-12,13:00:00,yas_marina,stroll,aston_martin,32,67,3,0.0,17.0,12.333333333333334,4.666666666666667
1073,19.0,14.0,2021,2021-12-12,13:00:00,yas_marina,mick_schumacher,haas,32,47,7,5.0,16.0,17.666666666666668,-1.6666666666666667
1073,4.0,15.0,2021,2021-12-12,13:00:00,yas_marina,perez,red_bull,32,51,17,-11.0,3.6666666666666665,3.3333333333333335,0.3333333333333333
1074,1.0,1.0,2022,2022-03-20,15:00:00,bahrain,leclerc,ferrari,2,38,5,0.0,5.666666666666667,7.333333333333333,-1.6666666666666667
1074,3.0,2.0,2022,2022-03-20,15:00:00,bahrain,sainz,ferrari,2,63,5,1.0,7.666666666666667,5.666666666666667,2.0
1074,5.0,3.0,2022,2022-03-20,15:00:00,bahrain,hamilton,mercedes,2,23,14,2.0,4.333333333333333,1.3333333333333333,3.0
1074,9.0,4.0,2022,2022-03-20,15:00:00,bahrain,russell,mercedes,2,62,14,5.0,17.666666666666668,14.333333333333334,3.3333333333333335
1074,7.0,5.0,2022,2022-03-20,15:00:00,bahrain,kevin_magnussen,haas,2,30,7,2.0,17.666666666666668,16.666666666666668,1.0
1074,6.0,6.0,2022,2022-03-20,15:00:00,bahrain,bottas,alfa,2,7,0,0.0,3.0,4.0,-1.0
1074,11.0,7.0,2022,2022-03-20,15:00:00,bahrain,ocon,alpine,2,50,2,4.0,8.666666666666666,7.0,1.6666666666666667
1074,16.0,8.0,2022,2022-03-20,15:00:00,bahrain,tsunoda,alphatauri,2,70,1,8.0,10.333333333333334,11.0,-0.6666666666666666
1074,8.0,9.0,2022,2022-03-20,15:00:00,bahrain,alonso,alpine,2,3,2,-1.0,12.0,10.0,2.0
1074,15.0,10.0,2022,2022-03-20,15:00:00,bahrain,zhou,alfa,2,77,0,5.0,,,
1074,12.0,11.0,2022,2022-03-20,15:00:00,bahrain,mick_schumacher,haas,2,47,7,1.0,17.666666666666668,16.0,1.6666666666666667
1074,19.0,12.0,2022,2022-03-20,15:00:00,bahrain,stroll,aston_martin,2,67,3,7.0,17.0,12.666666666666666,4.333333333333333
1074,14.0,13.0,2022,2022-03-20,15:00:00,bahrain,albon,williams,2,1,22,1.0,7.0,4.333333333333333,2.6666666666666665
1074,18.0,14.0,2022,2022-03-20,15:00:00,bahrain,ricciardo,mclaren,2,58,13,4.0,9.333333333333334,9.666666666666666,-0.3333333333333333
1074,13.0,15.0,2022,2022-03-20,15:00:00,bahrain,norris,mclaren,2,49,13,-2.0,5.0,9.0,-4.0
1074,20.0,16.0,2022,2022-03-20,15:00:00,bahrain,latifi,williams,2,36,22,4.0,15.0,15.0,0.0
1074,17.0,17.0,2022,2022-03-20,15:00:00,bahrain,hulkenberg,aston_martin,2,26,3,0.0,10.666666666666666,9.0,1.6666666666666667
1074,4.0,18.0,2022,2022-03-20,15:00:00,bahrain,perez,red_bull,2,51,17,-14.0,4.0,7.333333333333333,-3.3333333333333335
1074,2.0,19.0,2022,2022-03-20,15:00:00,bahrain,max_verstappen,red_bull,2,43,17,-17.0,2.0,1.6666666666666667,0.3333333333333333
1075,4.0,1.0,2022,2022-03-27,17:00:00,jeddah,max_verstappen,red_bull,11,43,17,3.0,2.0,7.333333333333333,-5.333333333333333
1075,2.0,2.0,2022,2022-03-27,17:00:00,jeddah,leclerc,ferrari,11,38,5,0.0,4.0,6.0,-2.0
1075,3.0,3.0,2022,2022-03-27,17:00:00,jeddah,sainz,ferrari,11,63,5,0.0,7.666666666666667,4.333333333333333,3.3333333333333335
1075,1.0,4.0,2022,2022-03-27,17:00:00,jeddah,perez,red_bull,11,51,17,-3.0,4.0,12.333333333333334,-8.333333333333334
1075,6.0,5.0,2022,2022-03-27,17:00:00,jeddah,russell,mercedes,11,62,14,1.0,14.0,11.0,3.0
1075,5.0,6.0,2022,2022-03-27,17:00:00,jeddah,ocon,alpine,11,50,2,-1.0,9.666666666666666,6.666666666666667,3.0
1075,11.0,7.0,2022,2022-03-27,17:00:00,jeddah,norris,mclaren,11,49,13,4.0,7.666666666666667,10.666666666666666,-3.0
1075,9.0,8.0,2022,2022-03-27,17:00:00,jeddah,gasly,alphatauri,11,17,1,1.0,8.333333333333334,6.0,2.3333333333333335
1075,10.0,9.0,2022,2022-03-27,17:00:00,jeddah,kevin_magnussen,haas,11,30,7,1.0,14.0,12.666666666666666,1.3333333333333333
1075,15.0,10.0,2022,2022-03-27,17:00:00,jeddah,hamilton,mercedes,11,23,14,5.0,2.6666666666666665,2.0,0.6666666666666666
1075,12.0,11.0,2022,2022-03-27,17:00:00,jeddah,zhou,alfa,11,77,0,1.0,,,
1075,17.0,12.0,2022,2022-03-27,17:00:00,jeddah,hulkenberg,aston_martin,11,26,3,5.0,13.333333333333334,10.666666666666666,2.6666666666666665
1075,13.0,13.0,2022,2022-03-27,17:00:00,jeddah,stroll,aston_martin,11,67,3,0.0,16.666666666666668,12.0,4.666666666666667
1075,16.0,14.0,2022,2022-03-27,17:00:00,jeddah,albon,williams,11,1,22,2.0,10.333333333333334,7.666666666666667,2.6666666666666665
1076,1.0,1.0,2022,2022-04-10,05:00:00,albert_park,leclerc,ferrari,0,38,5,0.0,3.3333333333333335,4.333333333333333,-1.0
1076,3.0,2.0,2022,2022-04-10,05:00:00,albert_park,perez,red_bull,0,51,17,1.0,3.0,12.333333333333334,-9.333333333333334
1076,6.0,3.0,2022,2022-04-10,05:00:00,albert_park,russell,mercedes,0,62,14,3.0,10.666666666666666,7.333333333333333,3.3333333333333335
1076,5.0,4.0,2022,2022-04-10,05:00:00,albert_park,hamilton,mercedes,0,23,14,1.0,7.333333333333333,5.0,2.3333333333333335
1076,4.0,5.0,2022,2022-04-10,05:00:00,albert_park,norris,mclaren,0,49,13,-1.0,9.0,9.666666666666666,-0.6666666666666666
1076,7.0,6.0,2022,2022-04-10,05:00:00,albert_park,ricciardo,mclaren,0,58,13,1.0,13.0,10.333333333333334,2.6666666666666665
1076,8.0,7.0,2022,2022-04-10,05:00:00,albert_park,ocon,alpine,0,50,2,1.0,8.333333333333334,7.333333333333333,1.0
1076,12.0,8.0,2022,2022-04-10,05:00:00,albert_park,bottas,alfa,0,7,0,4.0,4.666666666666667,5.0,-0.3333333333333333
1076,11.0,9.0,2022,2022-04-10,05:00:00,albert_park,gasly,alphatauri,0,17,1,2.0,9.0,6.333333333333333,2.6666666666666665
1076,20.0,10.0,2022,2022-04-10,05:00:00,albert_park,albon,williams,0,1,22,10.0,11.666666666666666,10.333333333333334,1.3333333333333333
1076,14.0,11.0,2022,2022-04-10,05:00:00,albert_park,zhou,alfa,0,77,0,3.0,,,
1076,19.0,12.0,2022,2022-04-10,05:00:00,albert_park,stroll,aston_martin,0,67,3,7.0,15.0,12.666666666666666,2.3333333333333335
1076,15.0,13.0,2022,2022-04-10,05:00:00,albert_park,mick_schumacher,haas,0,47,7,2.0,16.333333333333332,14.333333333333334,2.0
1076,16.0,14.0,2022,2022-04-10,05:00:00,albert_park,kevin_magnussen,haas,0,30,7,2.0,12.333333333333334,10.666666666666666,1.6666666666666667
1076,13.0,15.0,2022,2022-04-10,05:00:00,albert_park,tsunoda,alphatauri,0,70,1,-2.0,10.666666666666666,8.666666666666666,2.0
1076,18.0,16.0,2022,2022-04-10,05:00:00,albert_park,latifi,williams,0,36,22,2.0,17.333333333333332,14.666666666666666,2.6666666666666665
1076,10.0,17.0,2022,2022-04-10,05:00:00,albert_park,alonso,alpine,0,3,2,-7.0,10.666666666666666,10.0,0.6666666666666666
1077,1.0,1.0,2022,2022-04-24,13:00:00,imola,max_verstappen,red_bull,8,43,17,0.0,2.3333333333333335,7.0,-4.666666666666667
1077,3.0,2.0,2022,2022-04-24,13:00:00,imola,perez,red_bull,8,51,17,1.0,2.6666666666666665,8.0,-5.333333333333333
1077,5.0,3.0,2022,2022-04-24,13:00:00,imola,norris,mclaren,8,49,13,2.0,9.333333333333334,9.0,0.3333333333333333
1077,11.0,4.0,2022,2022-04-24,13:00:00,imola,russell,mercedes,8,62,14,7.0,7.0,4.0,3.0
1077,7.0,5.0,2022,2022-04-24,13:00:00,imola,bottas,alfa,8,7,0,2.0,8.0,6.666666666666667,1.3333333333333333
1077,2.0,6.0,2022,2022-04-24,13:00:00,imola,leclerc,ferrari,8,38,5,-4.0,1.3333333333333333,1.3333333333333333,0.0
1077,12.0,7.0,2022,2022-04-24,13:00:00,imola,tsunoda,alphatauri,8,70,1,5.0,12.333333333333334,9.0,3.3333333333333335
1077,13.0,8.0,2022,2022-04-24,13:00:00,imola,vettel,aston_martin,8,73,3,5.0,11.0,9.666666666666666,1.3333333333333333
1077,8.0,9.0,2022,2022-04-24,13:00:00,imola,kevin_magnussen,haas,8,30,7,-1.0,11.0,9.333333333333334,1.6666666666666667
1077,15.0,10.0,2022,2022-04-24,13:00:00,imola,stroll,aston_martin,8,67,3,5.0,17.0,12.333333333333334,4.666666666666667
1077,18.0,11.0,2022,2022-04-24,13:00:00,imola,albon,williams,8,1,22,7.0,16.666666666666668,12.333333333333334,4.333333333333333
1077,17.0,12.0,2022,2022-04-24,13:00:00,imola,gasly,alphatauri,8,17,1,5.0,10.666666666666666,7.333333333333333,3.3333333333333335
1077,14.0,13.0,2022,2022-04-24,13:00:00,imola,hamilton,mercedes,8,23,14,1.0,8.333333333333334,5.666666666666667,2.6666666666666665
1077,16.0,14.0,2022,2022-04-24,13:00:00,imola,ocon,alpine,8,50,2,2.0,8.0,6.666666666666667,1.3333333333333333
1077,0.0,15.0,2022,2022-04-24,13:00:00,imola,zhou,alfa,8,77,0,-15.0,13.666666666666666,10.666666666666666,3.0
1077,19.0,16.0,2022,2022-04-24,13:00:00,imola,latifi,williams,8,36,22,3.0,18.0,14.666666666666666,3.3333333333333335
1077,10.0,17.0,2022,2022-04-24,13:00:00,imola,mick_schumacher,haas,8,47,7,-7.0,15.333333333333334,12.666666666666666,2.6666666666666665
1077,6.0,18.0,2022,2022-04-24,13:00:00,imola,ricciardo,mclaren,8,58,13,-12.0,11.666666666666666,10.666666666666666,1.0
1078,3.0,1.0,2022,2022-05-08,19:30:00,miami,max_verstappen,red_bull,14,43,17,2.0,2.3333333333333335,7.0,-4.666666666666667
1078,1.0,2.0,2022,2022-05-08,19:30:00,miami,leclerc,ferrari,14,38,5,-1.0,1.6666666666666667,3.0,-1.3333333333333333
1078,2.0,3.0,2022,2022-05-08,19:30:00,miami,sainz,ferrari,14,63,5,-1.0,3.6666666666666665,2.6666666666666665,1.0
1078,4.0,4.0,2022,2022-05-08,19:30:00,miami,perez,red_bull,14,51,17,0.0,2.3333333333333335,2.6666666666666665,-0.3333333333333333
1078,12.0,5.0,2022,2022-05-08,19:30:00,miami,russell,mercedes,14,62,14,7.0,7.666666666666667,4.0,3.6666666666666665
1078,6.0,6.0,2022,2022-05-08,19:30:00,miami,hamilton,mercedes,14,23,14,0.0,11.333333333333334,9.0,2.3333333333333335
1078,5.0,7.0,2022,2022-05-08,19:30:00,miami,bottas,alfa,14,7,0,-2.0,8.333333333333334,6.333333333333333,2.0
1078,20.0,8.0,2022,2022-05-08,19:30:00,miami,ocon,alpine,14,50,2,12.0,9.666666666666666,9.0,0.6666666666666666
1078,18.0,9.0,2022,2022-05-08,19:30:00,miami,albon,williams,14,1,22,9.0,18.0,11.666666666666666,6.333333333333333
1078,0.0,10.0,2022,2022-05-08,19:30:00,miami,stroll,aston_martin,14,67,3,-10.0,15.666666666666666,11.666666666666666,4.0
1078,11.0,11.0,2022,2022-05-08,19:30:00,miami,alonso,alpine,14,3,2,0.0,9.666666666666666,11.333333333333334,-1.6666666666666667
1078,9.0,12.0,2022,2022-05-08,19:30:00,miami,tsunoda,alphatauri,14,70,1,-3.0,13.666666666666666,10.0,3.6666666666666665
1078,14.0,13.0,2022,2022-05-08,19:30:00,miami,ricciardo,mclaren,14,58,13,1.0,10.333333333333334,12.666666666666666,-2.3333333333333335
1078,19.0,14.0,2022,2022-05-08,19:30:00,miami,latifi,williams,14,36,22,5.0,19.0,16.0,3.0
1078,15.0,15.0,2022,2022-05-08,19:30:00,miami,mick_schumacher,haas,14,47,7,0.0,12.333333333333334,13.666666666666666,-1.3333333333333333
1078,16.0,16.0,2022,2022-05-08,19:30:00,miami,kevin_magnussen,haas,14,30,7,0.0,11.333333333333334,10.666666666666666,0.6666666666666666
1078,0.0,17.0,2022,2022-05-08,19:30:00,miami,vettel,aston_martin,14,73,3,-17.0,12.333333333333334,10.0,2.3333333333333335
1079,2.0,1.0,2022,2022-05-22,13:00:00,catalunya,max_verstappen,red_bull,5,43,17,1.0,2.6666666666666665,1.0,1.6666666666666667
1079,5.0,2.0,2022,2022-05-22,13:00:00,catalunya,perez,red_bull,5,51,17,3.0,3.3333333333333335,2.6666666666666665,0.6666666666666666
1079,4.0,3.0,2022,2022-05-22,13:00:00,catalunya,russell,mercedes,5,62,14,1.0,9.666666666666666,4.0,5.666666666666667
1079,3.0,4.0,2022,2022-05-22,13:00:00,catalunya,sainz,ferrari,5,63,5,-1.0,2.6666666666666665,2.6666666666666665,0.0
1079,6.0,5.0,2022,2022-05-22,13:00:00,catalunya,hamilton,mercedes,5,23,14,1.0,8.333333333333334,7.666666666666667,0.6666666666666666
1079,7.0,6.0,2022,2022-05-22,13:00:00,catalunya,bottas,alfa,5,7,0,1.0,8.0,6.666666666666667,1.3333333333333333
1079,12.0,7.0,2022,2022-05-22,13:00:00,catalunya,ocon,alpine,5,50,2,5.0,14.666666666666666,9.666666666666666,5.0
1079,11.0,8.0,2022,2022-05-22,13:00:00,catalunya,norris,mclaren,5,49,13,3.0,6.666666666666667,5.0,1.6666666666666667
1079,20.0,9.0,2022,2022-05-22,13:00:00,catalunya,alonso,alpine,5,3,2,11.0,9.666666666666666,12.333333333333334,-2.6666666666666665
1079,13.0,10.0,2022,2022-05-22,13:00:00,catalunya,tsunoda,alphatauri,5,70,1,3.0,11.333333333333334,11.333333333333334,0.0
1079,16.0,11.0,2022,2022-05-22,13:00:00,catalunya,vettel,aston_martin,5,73,3,5.0,9.333333333333334,12.0,-2.6666666666666665
1079,9.0,12.0,2022,2022-05-22,13:00:00,catalunya,ricciardo,mclaren,5,58,13,-3.0,9.0,12.333333333333334,-3.3333333333333335
1079,14.0,13.0,2022,2022-05-22,13:00:00,catalunya,gasly,alphatauri,5,17,1,1.0,12.333333333333334,9.666666666666666,2.6666666666666665
1079,10.0,14.0,2022,2022-05-22,13:00:00,catalunya,mick_schumacher,haas,5,47,7,-4.0,13.333333333333334,15.0,-1.6666666666666667
1079,17.0,15.0,2022,2022-05-22,13:00:00,catalunya,stroll,aston_martin,5,67,3,2.0,11.333333333333334,10.666666666666666,0.6666666666666666
1079,19.0,16.0,2022,2022-05-22,13:00:00,catalunya,latifi,williams,5,36,22,3.0,18.666666666666668,15.333333333333334,3.3333333333333335
1079,8.0,17.0,2022,2022-05-22,13:00:00,catalunya,kevin_magnussen,haas,5,30,7,-9.0,13.333333333333334,13.0,0.3333333333333333
1079,18.0,18.0,2022,2022-05-22,13:00:00,catalunya,albon,williams,5,1,22,0.0,18.666666666666668,10.0,8.666666666666666
1080,3.0,1.0,2022,2022-05-29,13:00:00,monaco,perez,red_bull,15,51,17,2.0,4.0,2.6666666666666665,1.3333333333333333
1080,2.0,2.0,2022,2022-05-29,13:00:00,monaco,sainz,ferrari,15,63,5,0.0,2.6666666666666665,3.3333333333333335,-0.6666666666666666
1080,4.0,3.0,2022,2022-05-29,13:00:00,monaco,max_verstappen,red_bull,15,43,17,1.0,2.0,1.0,1.0
1080,1.0,4.0,2022,2022-05-29,13:00:00,monaco,leclerc,ferrari,15,38,5,-3.0,1.3333333333333333,3.0,-1.6666666666666667
1080,6.0,5.0,2022,2022-05-29,13:00:00,monaco,russell,mercedes,15,62,14,1.0,9.0,4.0,5.0
1080,5.0,6.0,2022,2022-05-29,13:00:00,monaco,norris,mclaren,15,49,13,-1.0,6.666666666666667,5.333333333333333,1.3333333333333333
1080,7.0,7.0,2022,2022-05-29,13:00:00,monaco,alonso,alpine,15,3,2,0.0,13.666666666666666,12.333333333333334,1.3333333333333333
1080,8.0,8.0,2022,2022-05-29,13:00:00,monaco,hamilton,mercedes,15,23,14,0.0,8.666666666666666,8.0,0.6666666666666666
1080,12.0,9.0,2022,2022-05-29,13:00:00,monaco,bottas,alfa,15,7,0,3.0,6.333333333333333,6.0,0.3333333333333333
1080,9.0,10.0,2022,2022-05-29,13:00:00,monaco,vettel,aston_martin,15,73,3,-1.0,9.666666666666666,12.0,-2.3333333333333335
1080,17.0,11.0,2022,2022-05-29,13:00:00,monaco,gasly,alphatauri,15,17,1,6.0,14.0,11.333333333333334,2.6666666666666665
1080,10.0,12.0,2022,2022-05-29,13:00:00,monaco,ocon,alpine,15,50,2,-2.0,16.0,9.666666666666666,6.333333333333333
1080,14.0,13.0,2022,2022-05-29,13:00:00,monaco,ricciardo,mclaren,15,58,13,1.0,9.666666666666666,14.333333333333334,-4.666666666666667
1080,18.0,14.0,2022,2022-05-29,13:00:00,monaco,stroll,aston_martin,15,67,3,4.0,10.666666666666666,11.666666666666666,-1.0
1080,19.0,15.0,2022,2022-05-29,13:00:00,monaco,latifi,williams,15,36,22,4.0,19.0,15.333333333333334,3.6666666666666665
1080,20.0,16.0,2022,2022-05-29,13:00:00,monaco,zhou,alfa,15,77,0,4.0,8.666666666666666,12.333333333333334,-3.6666666666666665
1080,11.0,17.0,2022,2022-05-29,13:00:00,monaco,tsunoda,alphatauri,15,70,1,-6.0,11.333333333333334,9.666666666666666,1.6666666666666667
1081,3.0,1.0,2022,2022-06-12,11:00:00,baku,max_verstappen,red_bull,3,43,17,2.0,3.0,1.6666666666666667,1.3333333333333333
1081,2.0,2.0,2022,2022-06-12,11:00:00,baku,perez,red_bull,3,51,17,0.0,4.0,2.3333333333333335,1.6666666666666667
1081,5.0,3.0,2022,2022-06-12,11:00:00,baku,russell,mercedes,3,62,14,2.0,7.333333333333333,4.333333333333333,3.0
1081,7.0,4.0,2022,2022-06-12,11:00:00,baku,hamilton,mercedes,3,23,14,3.0,6.666666666666667,6.333333333333333,0.3333333333333333
1081,6.0,5.0,2022,2022-06-12,11:00:00,baku,gasly,alphatauri,3,17,1,1.0,16.0,12.0,4.0
1081,9.0,6.0,2022,2022-06-12,11:00:00,baku,vettel,aston_martin,3,73,3,3.0,8.333333333333334,12.666666666666666,-4.333333333333333
1081,10.0,7.0,2022,2022-06-12,11:00:00,baku,alonso,alpine,3,3,2,3.0,12.666666666666666,9.0,3.6666666666666665
1081,12.0,8.0,2022,2022-06-12,11:00:00,baku,ricciardo,mclaren,3,58,13,4.0,12.333333333333334,12.666666666666666,-0.3333333333333333
1081,11.0,9.0,2022,2022-06-12,11:00:00,baku,norris,mclaren,3,49,13,2.0,7.0,5.666666666666667,1.3333333333333333
1081,13.0,10.0,2022,2022-06-12,11:00:00,baku,ocon,alpine,3,50,2,3.0,14.0,9.0,5.0
1081,15.0,11.0,2022,2022-06-12,11:00:00,baku,bottas,alfa,3,7,0,4.0,8.0,7.333333333333333,0.6666666666666666
1081,17.0,12.0,2022,2022-06-12,11:00:00,baku,albon,williams,3,1,22,5.0,18.0,12.666666666666666,5.333333333333333
1081,8.0,13.0,2022,2022-06-12,11:00:00,baku,tsunoda,alphatauri,3,70,1,-5.0,11.0,13.0,-2.0
1081,20.0,14.0,2022,2022-06-12,11:00:00,baku,mick_schumacher,haas,3,47,7,6.0,11.666666666666666,15.333333333333334,-3.6666666666666665
1081,18.0,15.0,2022,2022-06-12,11:00:00,baku,latifi,williams,3,36,22,3.0,19.0,15.0,4.0
1081,19.0,16.0,2022,2022-06-12,11:00:00,baku,stroll,aston_martin,3,67,3,3.0,11.666666666666666,13.0,-1.3333333333333333
1082,1.0,1.0,2022,2022-06-19,18:00:00,villeneuve,max_verstappen,red_bull,31,43,17,0.0,3.0,1.6666666666666667,1.3333333333333333
1082,3.0,2.0,2022,2022-06-19,18:00:00,villeneuve,sainz,ferrari,31,63,5,1.0,2.3333333333333335,3.0,-0.6666666666666666
1082,4.0,3.0,2022,2022-06-19,18:00:00,villeneuve,hamilton,mercedes,31,23,14,1.0,7.0,5.666666666666667,1.3333333333333333
1082,8.0,4.0,2022,2022-06-19,18:00:00,villeneuve,russell,mercedes,31,62,14,4.0,5.0,3.6666666666666665,1.3333333333333333
1082,19.0,5.0,2022,2022-06-19,18:00:00,villeneuve,leclerc,ferrari,31,38,5,14.0,1.3333333333333333,4.0,-2.6666666666666665
1082,7.0,6.0,2022,2022-06-19,18:00:00,villeneuve,ocon,alpine,31,50,2,1.0,11.666666666666666,9.666666666666666,2.0
1082,11.0,7.0,2022,2022-06-19,18:00:00,villeneuve,bottas,alfa,31,7,0,4.0,11.333333333333334,8.666666666666666,2.6666666666666665
1082,10.0,8.0,2022,2022-06-19,18:00:00,villeneuve,zhou,alfa,31,77,0,2.0,11.333333333333334,14.0,-2.6666666666666665
1082,2.0,9.0,2022,2022-06-19,18:00:00,villeneuve,alonso,alpine,31,3,2,-7.0,12.333333333333334,7.666666666666667,4.666666666666667
1082,17.0,10.0,2022,2022-06-19,18:00:00,villeneuve,stroll,aston_martin,31,67,3,7.0,18.0,15.0,3.0
1082,9.0,11.0,2022,2022-06-19,18:00:00,villeneuve,ricciardo,mclaren,31,58,13,-2.0,11.666666666666666,11.0,0.6666666666666666
1082,16.0,12.0,2022,2022-06-19,18:00:00,villeneuve,vettel,aston_martin,31,73,3,4.0,11.333333333333334,9.0,2.3333333333333335
1082,12.0,13.0,2022,2022-06-19,18:00:00,villeneuve,albon,williams,31,1,22,-1.0,17.666666666666668,13.0,4.666666666666667
1082,15.0,14.0,2022,2022-06-19,18:00:00,villeneuve,gasly,alphatauri,31,17,1,1.0,12.333333333333334,9.666666666666666,2.6666666666666665
1082,14.0,15.0,2022,2022-06-19,18:00:00,villeneuve,norris,mclaren,31,49,13,-1.0,9.0,7.666666666666667,1.3333333333333333
1082,18.0,16.0,2022,2022-06-19,18:00:00,villeneuve,latifi,williams,31,36,22,2.0,18.666666666666668,15.333333333333334,3.3333333333333335
1082,5.0,17.0,2022,2022-06-19,18:00:00,villeneuve,kevin_magnussen,haas,31,30,7,-12.0,10.666666666666666,14.0,-3.3333333333333335
1083,1.0,1.0,2022,2022-07-03,14:00:00,silverstone,sainz,ferrari,25,63,5,0.0,2.6666666666666665,2.6666666666666665,0.0
1083,4.0,2.0,2022,2022-07-03,14:00:00,silverstone,perez,red_bull,25,51,17,2.0,3.3333333333333335,1.6666666666666667,1.6666666666666667
1083,5.0,3.0,2022,2022-07-03,14:00:00,silverstone,hamilton,mercedes,25,23,14,2.0,6.333333333333333,5.0,1.3333333333333333
1083,3.0,4.0,2022,2022-07-03,14:00:00,silverstone,leclerc,ferrari,25,38,5,-1.0,7.0,3.6666666666666665,3.3333333333333335
1083,7.0,5.0,2022,2022-07-03,14:00:00,silverstone,alonso,alpine,25,3,2,2.0,6.333333333333333,7.666666666666667,-1.3333333333333333
1083,6.0,6.0,2022,2022-07-03,14:00:00,silverstone,norris,mclaren,25,49,13,0.0,10.0,10.0,0.0
1083,2.0,7.0,2022,2022-07-03,14:00:00,silverstone,max_verstappen,red_bull,25,43,17,-5.0,2.6666666666666665,1.6666666666666667,1.0
1083,19.0,8.0,2022,2022-07-03,14:00:00,silverstone,mick_schumacher,haas,25,47,7,11.0,15.0,14.333333333333334,0.6666666666666666
1083,18.0,9.0,2022,2022-07-03,14:00:00,silverstone,vettel,aston_martin,25,73,3,9.0,11.333333333333334,9.333333333333334,2.0
1083,17.0,10.0,2022,2022-07-03,14:00:00,silverstone,kevin_magnussen,haas,25,30,7,7.0,9.666666666666666,16.666666666666668,-7.0
1083,20.0,11.0,2022,2022-07-03,14:00:00,silverstone,stroll,aston_martin,25,67,3,9.0,18.0,13.333333333333334,4.666666666666667
1083,10.0,12.0,2022,2022-07-03,14:00:00,silverstone,latifi,williams,25,36,22,-2.0,18.333333333333332,15.333333333333334,3.0
1083,14.0,13.0,2022,2022-07-03,14:00:00,silverstone,ricciardo,mclaren,25,58,13,1.0,11.666666666666666,10.666666666666666,1.0
1083,13.0,14.0,2022,2022-07-03,14:00:00,silverstone,tsunoda,alphatauri,25,70,1,-1.0,10.666666666666666,13.333333333333334,-2.6666666666666665
1084,2.0,1.0,2022,2022-07-10,13:00:00,red_bull_ring,leclerc,ferrari,20,38,5,1.0,7.666666666666667,4.333333333333333,3.3333333333333335
1084,1.0,2.0,2022,2022-07-10,13:00:00,red_bull_ring,max_verstappen,red_bull,20,43,17,-1.0,2.0,3.0,-1.0
1084,8.0,3.0,2022,2022-07-10,13:00:00,red_bull_ring,hamilton,mercedes,20,23,14,5.0,5.333333333333333,3.3333333333333335,2.0
1084,4.0,4.0,2022,2022-07-10,13:00:00,red_bull_ring,russell,mercedes,20,62,14,0.0,6.333333333333333,4.0,2.3333333333333335
1084,6.0,5.0,2022,2022-07-10,13:00:00,red_bull_ring,ocon,alpine,20,50,2,1.0,10.0,9.333333333333334,0.6666666666666666
1084,9.0,6.0,2022,2022-07-10,13:00:00,red_bull_ring,mick_schumacher,haas,20,47,7,3.0,16.333333333333332,12.0,4.333333333333333
1084,10.0,7.0,2022,2022-07-10,13:00:00,red_bull_ring,norris,mclaren,20,49,13,3.0,10.333333333333334,10.0,0.3333333333333333
1084,7.0,8.0,2022,2022-07-10,13:00:00,red_bull_ring,kevin_magnussen,haas,20,30,7,-1.0,10.0,14.666666666666666,-4.666666666666667
1084,11.0,9.0,2022,2022-07-10,13:00:00,red_bull_ring,ricciardo,mclaren,20,58,13,2.0,11.666666666666666,10.666666666666666,1.0
1084,19.0,10.0,2022,2022-07-10,13:00:00,red_bull_ring,alonso,alpine,20,3,2,9.0,6.333333333333333,7.0,-0.6666666666666666
1084,0.0,11.0,2022,2022-07-10,13:00:00,red_bull_ring,bottas,alfa,20,7,0,-11.0,12.666666666666666,9.0,3.6666666666666665
1084,15.0,12.0,2022,2022-07-10,13:00:00,red_bull_ring,albon,williams,20,1,22,3.0,15.666666666666666,14.333333333333334,1.3333333333333333
1084,12.0,13.0,2022,2022-07-10,13:00:00,red_bull_ring,stroll,aston_martin,20,67,3,-1.0,18.666666666666668,12.333333333333334,6.333333333333333
1084,13.0,14.0,2022,2022-07-10,13:00:00,red_bull_ring,zhou,alfa,20,77,0,-1.0,10.0,13.0,-3.0
1084,14.0,15.0,2022,2022-07-10,13:00:00,red_bull_ring,gasly,alphatauri,20,17,1,-1.0,12.666666666666666,10.0,2.6666666666666665
1084,16.0,16.0,2022,2022-07-10,13:00:00,red_bull_ring,tsunoda,alphatauri,20,70,1,0.0,10.666666666666666,14.666666666666666,-4.0
1084,18.0,17.0,2022,2022-07-10,13:00:00,red_bull_ring,vettel,aston_martin,20,73,3,1.0,14.333333333333334,9.0,5.333333333333333
1085,2.0,1.0,2022,2022-07-24,13:00:00,ricard,max_verstappen,red_bull,21,43,17,1.0,1.3333333333333333,3.3333333333333335,-2.0
1085,4.0,2.0,2022,2022-07-24,13:00:00,ricard,hamilton,mercedes,21,23,14,2.0,5.666666666666667,3.0,2.6666666666666665
1085,6.0,3.0,2022,2022-07-24,13:00:00,ricard,russell,mercedes,21,62,14,3.0,5.666666666666667,3.6666666666666665,2.0
1085,3.0,4.0,2022,2022-07-24,13:00:00,ricard,perez,red_bull,21,51,17,-1.0,3.0,1.6666666666666667,1.3333333333333333
1085,19.0,5.0,2022,2022-07-24,13:00:00,ricard,sainz,ferrari,21,63,5,14.0,2.0,1.6666666666666667,0.3333333333333333
1085,7.0,6.0,2022,2022-07-24,13:00:00,ricard,alonso,alpine,21,3,2,1.0,9.333333333333334,8.0,1.3333333333333333
1085,5.0,7.0,2022,2022-07-24,13:00:00,ricard,norris,mclaren,21,49,13,-2.0,10.0,9.333333333333334,0.6666666666666666
1085,10.0,8.0,2022,2022-07-24,13:00:00,ricard,ocon,alpine,21,50,2,2.0,8.666666666666666,7.0,1.6666666666666667
1085,9.0,9.0,2022,2022-07-24,13:00:00,ricard,ricciardo,mclaren,21,58,13,0.0,11.333333333333334,11.0,0.3333333333333333
1085,15.0,10.0,2022,2022-07-24,13:00:00,ricard,stroll,aston_martin,21,67,3,5.0,16.333333333333332,11.333333333333334,5.0
1085,12.0,11.0,2022,2022-07-24,13:00:00,ricard,vettel,aston_martin,21,73,3,1.0,17.333333333333332,12.666666666666666,4.666666666666667
1085,14.0,12.0,2022,2022-07-24,13:00:00,ricard,gasly,alphatauri,21,17,1,2.0,11.666666666666666,11.333333333333334,0.3333333333333333
1085,13.0,13.0,2022,2022-07-24,13:00:00,ricard,albon,williams,21,1,22,0.0,14.666666666666666,12.333333333333334,2.3333333333333335
1085,11.0,14.0,2022,2022-07-24,13:00:00,ricard,bottas,alfa,21,7,0,-3.0,8.666666666666666,9.666666666666666,-1.0
1085,17.0,15.0,2022,2022-07-24,13:00:00,ricard,mick_schumacher,haas,21,47,7,2.0,16.0,9.333333333333334,6.666666666666667
1085,16.0,16.0,2022,2022-07-24,13:00:00,ricard,zhou,alfa,21,77,0,0.0,14.333333333333334,12.666666666666666,1.6666666666666667
1086,10.0,1.0,2022,2022-07-31,13:00:00,hungaroring,max_verstappen,red_bull,7,43,17,9.0,1.6666666666666667,3.3333333333333335,-1.6666666666666667
1086,7.0,2.0,2022,2022-07-31,13:00:00,hungaroring,hamilton,mercedes,7,23,14,5.0,5.666666666666667,2.6666666666666665,3.0
1086,1.0,3.0,2022,2022-07-31,13:00:00,hungaroring,russell,mercedes,7,62,14,-2.0,6.0,3.6666666666666665,2.3333333333333335
1086,2.0,4.0,2022,2022-07-31,13:00:00,hungaroring,sainz,ferrari,7,63,5,-2.0,7.666666666666667,2.6666666666666665,5.0
1086,11.0,5.0,2022,2022-07-31,13:00:00,hungaroring,perez,red_bull,7,51,17,6.0,3.0,2.6666666666666665,0.3333333333333333
1086,3.0,6.0,2022,2022-07-31,13:00:00,hungaroring,leclerc,ferrari,7,38,5,-3.0,8.0,3.3333333333333335,4.666666666666667
1086,4.0,7.0,2022,2022-07-31,13:00:00,hungaroring,norris,mclaren,7,49,13,-3.0,7.0,6.666666666666667,0.3333333333333333
1086,6.0,8.0,2022,2022-07-31,13:00:00,hungaroring,alonso,alpine,7,3,2,-2.0,11.0,7.0,4.0
1086,5.0,9.0,2022,2022-07-31,13:00:00,hungaroring,ocon,alpine,7,50,2,-4.0,7.666666666666667,6.333333333333333,1.3333333333333333
1086,18.0,10.0,2022,2022-07-31,13:00:00,hungaroring,vettel,aston_martin,7,73,3,8.0,16.0,12.333333333333334,3.6666666666666665
1086,14.0,11.0,2022,2022-07-31,13:00:00,hungaroring,stroll,aston_martin,7,67,3,3.0,15.666666666666666,11.333333333333334,4.333333333333333
1086,0.0,12.0,2022,2022-07-31,13:00:00,hungaroring,gasly,alphatauri,7,17,1,-12.0,14.333333333333334,13.666666666666666,0.6666666666666666
1086,12.0,13.0,2022,2022-07-31,13:00:00,hungaroring,zhou,alfa,7,77,0,-1.0,13.0,12.666666666666666,0.3333333333333333
1086,15.0,14.0,2022,2022-07-31,13:00:00,hungaroring,mick_schumacher,haas,7,47,7,1.0,15.0,9.666666666666666,5.333333333333333
1086,9.0,15.0,2022,2022-07-31,13:00:00,hungaroring,ricciardo,mclaren,7,58,13,-6.0,11.333333333333334,10.333333333333334,1.0
1086,13.0,16.0,2022,2022-07-31,13:00:00,hungaroring,kevin_magnussen,haas,7,30,7,-3.0,9.666666666666666,11.666666666666666,-2.0
1086,17.0,17.0,2022,2022-07-31,13:00:00,hungaroring,albon,williams,7,1,22,0.0,13.333333333333334,12.666666666666666,0.6666666666666666
1086,19.0,18.0,2022,2022-07-31,13:00:00,hungaroring,latifi,williams,7,36,22,1.0,15.333333333333334,14.333333333333334,1.0
1086,16.0,19.0,2022,2022-07-31,13:00:00,hungaroring,tsunoda,alphatauri,7,70,1,-3.0,12.333333333333334,14.333333333333334,-2.0
1086,8.0,20.0,2022,2022-07-31,13:00:00,hungaroring,bottas,alfa,7,7,0,-12.0,7.333333333333333,10.666666666666666,-3.3333333333333335
1087,14.0,1.0,2022,2022-08-28,13:00:00,spa,max_verstappen,red_bull,27,43,17,13.0,4.333333333333333,1.3333333333333333,3.0
1087,2.0,2.0,2022,2022-08-28,13:00:00,spa,perez,red_bull,27,51,17,0.0,6.0,3.6666666666666665,2.3333333333333335
1087,1.0,3.0,2022,2022-08-28,13:00:00,spa,sainz,ferrari,27,63,5,-2.0,7.333333333333333,3.3333333333333335,4.0
1087,5.0,4.0,2022,2022-08-28,13:00:00,spa,russell,mercedes,27,62,14,1.0,3.6666666666666665,3.3333333333333335,0.3333333333333333
1087,3.0,5.0,2022,2022-08-28,13:00:00,spa,alonso,alpine,27,3,2,-2.0,10.666666666666666,8.0,2.6666666666666665
1087,15.0,6.0,2022,2022-08-28,13:00:00,spa,leclerc,ferrari,27,38,5,9.0,2.6666666666666665,3.6666666666666665,-1.0
1087,16.0,7.0,2022,2022-08-28,13:00:00,spa,ocon,alpine,27,50,2,9.0,7.0,7.333333333333333,-0.3333333333333333
1087,10.0,8.0,2022,2022-08-28,13:00:00,spa,vettel,aston_martin,27,73,3,2.0,16.0,12.666666666666666,3.3333333333333335
1087,0.0,9.0,2022,2022-08-28,13:00:00,spa,gasly,alphatauri,27,17,1,-9.0,9.333333333333334,13.0,-3.6666666666666665
1087,6.0,10.0,2022,2022-08-28,13:00:00,spa,albon,williams,27,1,22,-4.0,15.0,14.0,1.0
1087,9.0,11.0,2022,2022-08-28,13:00:00,spa,stroll,aston_martin,27,67,3,-2.0,13.666666666666666,11.333333333333334,2.3333333333333335
1087,17.0,12.0,2022,2022-08-28,13:00:00,spa,norris,mclaren,27,49,13,5.0,6.333333333333333,7.0,-0.6666666666666666
1087,0.0,13.0,2022,2022-08-28,13:00:00,spa,tsunoda,alphatauri,27,70,1,-13.0,15.0,16.333333333333332,-1.3333333333333333
1087,18.0,14.0,2022,2022-08-28,13:00:00,spa,zhou,alfa,27,77,0,4.0,13.666666666666666,14.333333333333334,-0.6666666666666666
1087,7.0,15.0,2022,2022-08-28,13:00:00,spa,ricciardo,mclaren,27,58,13,-8.0,9.666666666666666,11.0,-1.3333333333333333
1087,12.0,16.0,2022,2022-08-28,13:00:00,spa,kevin_magnussen,haas,27,30,7,-4.0,12.333333333333334,11.333333333333334,1.0
1087,19.0,17.0,2022,2022-08-28,13:00:00,spa,mick_schumacher,haas,27,47,7,2.0,13.666666666666666,11.666666666666666,2.0
1087,11.0,18.0,2022,2022-08-28,13:00:00,spa,latifi,williams,27,36,22,-7.0,15.666666666666666,15.333333333333334,0.3333333333333333
1088,1.0,1.0,2022,2022-09-04,13:00:00,zandvoort,max_verstappen,red_bull,34,43,17,0.0,8.666666666666666,1.0,7.666666666666667
1088,6.0,2.0,2022,2022-09-04,13:00:00,zandvoort,russell,mercedes,34,62,14,4.0,4.0,3.3333333333333335,0.6666666666666666
1088,2.0,3.0,2022,2022-09-04,13:00:00,zandvoort,leclerc,ferrari,34,38,5,-1.0,6.666666666666667,4.333333333333333,2.3333333333333335
1088,4.0,4.0,2022,2022-09-04,13:00:00,zandvoort,hamilton,mercedes,34,23,14,0.0,6.333333333333333,2.3333333333333335,4.0
1088,5.0,5.0,2022,2022-09-04,13:00:00,zandvoort,perez,red_bull,34,51,17,0.0,5.333333333333333,3.6666666666666665,1.6666666666666667
1088,13.0,6.0,2022,2022-09-04,13:00:00,zandvoort,alonso,alpine,34,3,2,7.0,5.333333333333333,6.333333333333333,-1.0
1088,7.0,7.0,2022,2022-09-04,13:00:00,zandvoort,norris,mclaren,34,49,13,0.0,8.666666666666666,8.666666666666666,0.0
1088,3.0,8.0,2022,2022-09-04,13:00:00,zandvoort,sainz,ferrari,34,63,5,-5.0,7.333333333333333,4.0,3.3333333333333335
1088,12.0,9.0,2022,2022-09-04,13:00:00,zandvoort,ocon,alpine,34,50,2,3.0,10.333333333333334,8.0,2.3333333333333335
1088,10.0,10.0,2022,2022-09-04,13:00:00,zandvoort,stroll,aston_martin,34,67,3,0.0,12.666666666666666,10.666666666666666,2.0
1088,11.0,11.0,2022,2022-09-04,13:00:00,zandvoort,gasly,alphatauri,34,17,1,0.0,4.666666666666667,11.0,-6.333333333333333
1088,15.0,12.0,2022,2022-09-04,13:00:00,zandvoort,albon,williams,34,1,22,3.0,12.0,13.333333333333334,-1.3333333333333333
1088,8.0,13.0,2022,2022-09-04,13:00:00,zandvoort,mick_schumacher,haas,34,47,7,-5.0,17.0,15.333333333333334,1.6666666666666667
1088,19.0,14.0,2022,2022-09-04,13:00:00,zandvoort,vettel,aston_martin,34,73,3,5.0,13.333333333333334,9.666666666666666,3.6666666666666665
1088,18.0,15.0,2022,2022-09-04,13:00:00,zandvoort,kevin_magnussen,haas,34,30,7,3.0,10.666666666666666,13.333333333333334,-2.6666666666666665
1088,14.0,16.0,2022,2022-09-04,13:00:00,zandvoort,zhou,alfa,34,77,0,-2.0,15.333333333333334,14.333333333333334,1.0
1088,17.0,17.0,2022,2022-09-04,13:00:00,zandvoort,ricciardo,mclaren,34,58,13,0.0,8.333333333333334,13.0,-4.666666666666667
1088,20.0,18.0,2022,2022-09-04,13:00:00,zandvoort,latifi,williams,34,36,22,2.0,13.333333333333334,16.0,-2.6666666666666665
1089,7.0,1.0,2022,2022-09-11,13:00:00,monza,max_verstappen,red_bull,16,43,17,6.0,8.333333333333334,1.0,7.333333333333333
1089,1.0,2.0,2022,2022-09-11,13:00:00,monza,leclerc,ferrari,16,38,5,-1.0,6.666666666666667,5.0,1.6666666666666667
1089,2.0,3.0,2022,2022-09-11,13:00:00,monza,russell,mercedes,16,62,14,-1.0,4.0,3.0,1.0
1089,18.0,4.0,2022,2022-09-11,13:00:00,monza,sainz,ferrari,16,63,5,14.0,2.0,5.0,-3.0
1089,19.0,5.0,2022,2022-09-11,13:00:00,monza,hamilton,mercedes,16,23,14,14.0,5.0,2.6666666666666665,2.3333333333333335
1089,13.0,6.0,2022,2022-09-11,13:00:00,monza,perez,red_bull,16,51,17,7.0,6.0,4.0,2.0
1089,3.0,7.0,2022,2022-09-11,13:00:00,monza,norris,mclaren,16,49,13,-4.0,9.333333333333334,8.666666666666666,0.6666666666666666
1089,5.0,8.0,2022,2022-09-11,13:00:00,monza,gasly,alphatauri,16,17,1,-3.0,3.6666666666666665,10.666666666666666,-7.0
1089,8.0,9.0,2022,2022-09-11,13:00:00,monza,de_vries,williams,16,14,22,-1.0,,,
1089,9.0,10.0,2022,2022-09-11,13:00:00,monza,zhou,alfa,16,77,0,-1.0,14.666666666666666,14.333333333333334,0.3333333333333333
1089,14.0,11.0,2022,2022-09-11,13:00:00,monza,ocon,alpine,16,50,2,3.0,11.0,8.333333333333334,2.6666666666666665
1089,17.0,12.0,2022,2022-09-11,13:00:00,monza,mick_schumacher,haas,16,47,7,5.0,14.0,14.666666666666666,-0.6666666666666666
1089,15.0,13.0,2022,2022-09-11,13:00:00,monza,bottas,alfa,16,7,0,2.0,6.333333333333333,15.0,-8.666666666666666
1089,20.0,14.0,2022,2022-09-11,13:00:00,monza,tsunoda,alphatauri,16,70,1,6.0,10.666666666666666,16.0,-5.333333333333333
1089,10.0,15.0,2022,2022-09-11,13:00:00,monza,latifi,williams,16,36,22,-5.0,16.666666666666668,18.0,-1.3333333333333333
1089,16.0,16.0,2022,2022-09-11,13:00:00,monza,kevin_magnussen,haas,16,30,7,0.0,14.333333333333334,15.666666666666666,-1.3333333333333333
1091,2.0,1.0,2022,2022-10-02,12:00:00,marina_bay,perez,red_bull,13,51,17,1.0,6.666666666666667,4.333333333333333,2.3333333333333335
1091,1.0,2.0,2022,2022-10-02,12:00:00,marina_bay,leclerc,ferrari,13,38,5,-1.0,6.0,3.6666666666666665,2.3333333333333335
1091,4.0,3.0,2022,2022-10-02,12:00:00,marina_bay,sainz,ferrari,13,63,5,1.0,7.333333333333333,5.0,2.3333333333333335
1091,6.0,4.0,2022,2022-10-02,12:00:00,marina_bay,norris,mclaren,13,49,13,2.0,9.0,8.666666666666666,0.3333333333333333
1091,16.0,5.0,2022,2022-10-02,12:00:00,marina_bay,ricciardo,mclaren,13,58,13,11.0,11.0,15.666666666666666,-4.666666666666667
1091,11.0,6.0,2022,2022-10-02,12:00:00,marina_bay,stroll,aston_martin,13,67,3,5.0,11.0,10.666666666666666,0.3333333333333333
1091,8.0,7.0,2022,2022-10-02,12:00:00,marina_bay,max_verstappen,red_bull,13,43,17,1.0,7.333333333333333,1.0,6.333333333333333
1091,13.0,8.0,2022,2022-10-02,12:00:00,marina_bay,vettel,aston_martin,13,73,3,5.0,15.666666666666666,10.666666666666666,5.0
1091,3.0,9.0,2022,2022-10-02,12:00:00,marina_bay,hamilton,mercedes,13,23,14,-6.0,10.0,3.6666666666666665,6.333333333333333
1091,7.0,10.0,2022,2022-10-02,12:00:00,marina_bay,gasly,alphatauri,13,17,1,-3.0,5.333333333333333,9.333333333333334,-4.0
1091,15.0,11.0,2022,2022-10-02,12:00:00,marina_bay,bottas,alfa,13,7,0,4.0,11.333333333333334,15.666666666666666,-4.333333333333333
1091,9.0,12.0,2022,2022-10-02,12:00:00,marina_bay,kevin_magnussen,haas,13,30,7,-3.0,15.333333333333334,15.666666666666666,-0.3333333333333333
1091,12.0,13.0,2022,2022-10-02,12:00:00,marina_bay,mick_schumacher,haas,13,47,7,-1.0,14.666666666666666,14.0,0.6666666666666666
1091,0.0,14.0,2022,2022-10-02,12:00:00,marina_bay,russell,mercedes,13,62,14,-14.0,4.333333333333333,3.0,1.3333333333333333
1092,1.0,1.0,2022,2022-10-09,05:00:00,suzuka,max_verstappen,red_bull,28,43,17,0.0,5.333333333333333,3.0,2.3333333333333335
1092,4.0,2.0,2022,2022-10-09,05:00:00,suzuka,perez,red_bull,28,51,17,2.0,6.666666666666667,4.0,2.6666666666666665
1092,2.0,3.0,2022,2022-10-09,05:00:00,suzuka,leclerc,ferrari,28,38,5,-1.0,1.3333333333333333,2.3333333333333335,-1.0
1092,5.0,4.0,2022,2022-10-09,05:00:00,suzuka,ocon,alpine,28,50,2,1.0,14.0,9.0,5.0
1092,6.0,5.0,2022,2022-10-09,05:00:00,suzuka,hamilton,mercedes,28,23,14,1.0,8.666666666666666,6.0,2.6666666666666665
1092,9.0,6.0,2022,2022-10-09,05:00:00,suzuka,vettel,aston_martin,28,73,3,3.0,14.0,10.0,4.0
1092,7.0,7.0,2022,2022-10-09,05:00:00,suzuka,alonso,alpine,28,3,2,0.0,7.333333333333333,6.333333333333333,1.0
1092,8.0,8.0,2022,2022-10-09,05:00:00,suzuka,russell,mercedes,28,62,14,0.0,2.6666666666666665,6.333333333333333,-3.6666666666666665
1092,20.0,9.0,2022,2022-10-09,05:00:00,suzuka,latifi,williams,28,36,22,11.0,13.666666666666666,17.0,-3.3333333333333335
1092,10.0,10.0,2022,2022-10-09,05:00:00,suzuka,norris,mclaren,28,49,13,0.0,5.333333333333333,6.0,-0.6666666666666666
1092,11.0,11.0,2022,2022-10-09,05:00:00,suzuka,ricciardo,mclaren,28,58,13,0.0,13.333333333333334,12.333333333333334,1.0
1092,19.0,12.0,2022,2022-10-09,05:00:00,suzuka,stroll,aston_martin,28,67,3,7.0,10.0,9.0,1.0
1092,13.0,13.0,2022,2022-10-09,05:00:00,suzuka,tsunoda,alphatauri,28,70,1,0.0,12.0,15.333333333333334,-3.3333333333333335
1092,18.0,14.0,2022,2022-10-09,05:00:00,suzuka,kevin_magnussen,haas,28,30,7,4.0,14.333333333333334,14.333333333333334,0.0
1092,12.0,15.0,2022,2022-10-09,05:00:00,suzuka,bottas,alfa,28,7,0,-3.0,12.666666666666666,14.666666666666666,-2.0
1092,14.0,16.0,2022,2022-10-09,05:00:00,suzuka,zhou,alfa,28,77,0,-2.0,13.666666666666666,13.333333333333334,0.3333333333333333
1092,15.0,17.0,2022,2022-10-09,05:00:00,suzuka,mick_schumacher,haas,28,47,7,-2.0,12.333333333333334,12.666666666666666,-0.3333333333333333
1092,17.0,18.0,2022,2022-10-09,05:00:00,suzuka,gasly,alphatauri,28,17,1,-1.0,7.666666666666667,9.666666666666666,-2.0
1093,2.0,1.0,2022,2022-10-23,19:00:00,americas,max_verstappen,red_bull,1,43,17,1.0,5.333333333333333,3.0,2.3333333333333335
1093,3.0,2.0,2022,2022-10-23,19:00:00,americas,hamilton,mercedes,1,23,14,1.0,9.333333333333334,6.333333333333333,3.0
1093,12.0,3.0,2022,2022-10-23,19:00:00,americas,leclerc,ferrari,1,38,5,9.0,1.3333333333333333,2.3333333333333335,-1.0
1093,9.0,4.0,2022,2022-10-23,19:00:00,americas,perez,red_bull,1,51,17,5.0,6.333333333333333,3.0,3.3333333333333335
1093,4.0,5.0,2022,2022-10-23,19:00:00,americas,russell,mercedes,1,62,14,-1.0,3.3333333333333335,8.333333333333334,-5.0
1093,6.0,6.0,2022,2022-10-23,19:00:00,americas,norris,mclaren,1,49,13,0.0,6.333333333333333,7.0,-0.6666666666666666
1093,14.0,7.0,2022,2022-10-23,19:00:00,americas,alonso,alpine,1,3,2,7.0,7.666666666666667,6.0,1.6666666666666667
1093,10.0,8.0,2022,2022-10-23,19:00:00,americas,vettel,aston_martin,1,73,3,2.0,13.666666666666666,9.333333333333334,4.333333333333333
1093,13.0,9.0,2022,2022-10-23,19:00:00,americas,kevin_magnussen,haas,1,30,7,4.0,14.333333333333334,14.0,0.3333333333333333
1093,19.0,10.0,2022,2022-10-23,19:00:00,americas,tsunoda,alphatauri,1,70,1,9.0,11.0,13.333333333333334,-2.3333333333333335
1093,0.0,11.0,2022,2022-10-23,19:00:00,americas,ocon,alpine,1,50,2,-11.0,10.333333333333334,8.0,2.3333333333333335
1093,18.0,12.0,2022,2022-10-23,19:00:00,americas,zhou,alfa,1,77,0,6.0,12.333333333333334,14.0,-1.6666666666666667
1093,8.0,13.0,2022,2022-10-23,19:00:00,americas,albon,williams,1,1,22,-5.0,12.666666666666666,13.0,-0.3333333333333333
1093,11.0,14.0,2022,2022-10-23,19:00:00,americas,gasly,alphatauri,1,17,1,-3.0,9.666666666666666,12.0,-2.3333333333333335
1093,16.0,15.0,2022,2022-10-23,19:00:00,americas,mick_schumacher,haas,1,47,7,1.0,14.666666666666666,14.0,0.6666666666666666
1093,15.0,16.0,2022,2022-10-23,19:00:00,americas,ricciardo,mclaren,1,58,13,-1.0,14.666666666666666,11.0,3.6666666666666665
1093,17.0,17.0,2022,2022-10-23,19:00:00,americas,latifi,williams,1,36,22,0.0,16.666666666666668,14.0,2.6666666666666665
1094,1.0,1.0,2022,2022-10-30,20:00:00,rodriguez,max_verstappen,red_bull,22,43,17,0.0,3.6666666666666665,3.0,0.6666666666666666
1094,3.0,2.0,2022,2022-10-30,20:00:00,rodriguez,hamilton,mercedes,22,23,14,1.0,4.0,5.333333333333333,-1.3333333333333333
1094,4.0,3.0,2022,2022-10-30,20:00:00,rodriguez,perez,red_bull,22,51,17,1.0,5.0,2.3333333333333335,2.6666666666666665
1094,2.0,4.0,2022,2022-10-30,20:00:00,rodriguez,russell,mercedes,22,62,14,-2.0,4.0,9.0,-5.0
1094,5.0,5.0,2022,2022-10-30,20:00:00,rodriguez,sainz,ferrari,22,63,5,0.0,8.333333333333334,5.0,3.3333333333333335
1094,7.0,6.0,2022,2022-10-30,20:00:00,rodriguez,leclerc,ferrari,22,38,5,1.0,5.0,2.6666666666666665,2.3333333333333335
1094,11.0,7.0,2022,2022-10-30,20:00:00,rodriguez,ricciardo,mclaren,22,58,13,4.0,14.0,10.666666666666666,3.3333333333333335
1094,10.0,8.0,2022,2022-10-30,20:00:00,rodriguez,ocon,alpine,22,50,2,2.0,6.333333333333333,8.666666666666666,-2.3333333333333335
1094,8.0,9.0,2022,2022-10-30,20:00:00,rodriguez,norris,mclaren,22,49,13,-1.0,7.333333333333333,6.666666666666667,0.6666666666666666
1094,6.0,10.0,2022,2022-10-30,20:00:00,rodriguez,bottas,alfa,22,7,0,-4.0,14.0,13.0,1.0
1094,14.0,11.0,2022,2022-10-30,20:00:00,rodriguez,gasly,alphatauri,22,17,1,3.0,11.666666666666666,14.0,-2.3333333333333335
1094,17.0,12.0,2022,2022-10-30,20:00:00,rodriguez,albon,williams,22,1,22,5.0,9.666666666666666,11.666666666666666,-2.0
1094,12.0,13.0,2022,2022-10-30,20:00:00,rodriguez,zhou,alfa,22,77,0,-1.0,13.666666666666666,12.666666666666666,1.0
1094,16.0,14.0,2022,2022-10-30,20:00:00,rodriguez,vettel,aston_martin,22,73,3,2.0,10.666666666666666,7.333333333333333,3.3333333333333335
1094,20.0,15.0,2022,2022-10-30,20:00:00,rodriguez,stroll,aston_martin,22,67,3,5.0,13.333333333333334,9.333333333333334,4.0
1094,15.0,16.0,2022,2022-10-30,20:00:00,rodriguez,mick_schumacher,haas,22,47,7,-1.0,14.333333333333334,15.0,-0.6666666666666666
1094,19.0,17.0,2022,2022-10-30,20:00:00,rodriguez,kevin_magnussen,haas,22,30,7,2.0,13.333333333333334,11.666666666666666,1.6666666666666667
1094,18.0,18.0,2022,2022-10-30,20:00:00,rodriguez,latifi,williams,22,36,22,0.0,15.666666666666666,13.666666666666666,2.0
1094,9.0,19.0,2022,2022-10-30,20:00:00,rodriguez,alonso,alpine,22,3,2,-10.0,11.333333333333334,6.666666666666667,4.666666666666667
1095,1.0,1.0,2022,2022-11-13,18:00:00,interlagos,russell,mercedes,9,62,14,0.0,4.666666666666667,5.666666666666667,-1.0
1095,2.0,2.0,2022,2022-11-13,18:00:00,interlagos,hamilton,mercedes,9,23,14,0.0,4.0,3.0,1.0
1095,7.0,3.0,2022,2022-11-13,18:00:00,interlagos,sainz,ferrari,9,63,5,4.0,9.0,4.0,5.0
1095,5.0,4.0,2022,2022-11-13,18:00:00,interlagos,leclerc,ferrari,9,38,5,1.0,7.0,4.0,3.0
1095,17.0,5.0,2022,2022-11-13,18:00:00,interlagos,alonso,alpine,9,3,2,12.0,10.0,11.0,-1.0
1095,3.0,6.0,2022,2022-11-13,18:00:00,interlagos,max_verstappen,red_bull,9,43,17,-3.0,1.3333333333333333,1.0,0.3333333333333333
1095,4.0,7.0,2022,2022-11-13,18:00:00,interlagos,perez,red_bull,9,51,17,-3.0,5.666666666666667,3.0,2.6666666666666665
1095,16.0,8.0,2022,2022-11-13,18:00:00,interlagos,ocon,alpine,9,50,2,8.0,5.0,7.666666666666667,-2.6666666666666665
1095,14.0,9.0,2022,2022-11-13,18:00:00,interlagos,bottas,alfa,9,7,0,5.0,11.0,12.0,-1.0
1095,15.0,10.0,2022,2022-11-13,18:00:00,interlagos,stroll,aston_martin,9,67,3,5.0,16.666666666666668,11.0,5.666666666666667
1095,9.0,11.0,2022,2022-11-13,18:00:00,interlagos,vettel,aston_martin,9,73,3,-2.0,11.666666666666666,9.333333333333334,2.3333333333333335
1095,13.0,12.0,2022,2022-11-13,18:00:00,interlagos,zhou,alfa,9,77,0,1.0,14.666666666666666,13.666666666666666,1.0
1095,12.0,13.0,2022,2022-11-13,18:00:00,interlagos,mick_schumacher,haas,9,47,7,-1.0,15.333333333333334,16.0,-0.6666666666666666
1095,10.0,14.0,2022,2022-11-13,18:00:00,interlagos,gasly,alphatauri,9,17,1,-4.0,14.0,14.333333333333334,-0.3333333333333333
1095,19.0,15.0,2022,2022-11-13,18:00:00,interlagos,albon,williams,9,1,22,4.0,13.333333333333334,12.333333333333334,1.0
1095,18.0,16.0,2022,2022-11-13,18:00:00,interlagos,latifi,williams,9,36,22,2.0,18.333333333333332,14.666666666666666,3.6666666666666665
1095,0.0,17.0,2022,2022-11-13,18:00:00,interlagos,tsunoda,alphatauri,9,70,1,-17.0,17.333333333333332,12.333333333333334,5.0
1096,1.0,1.0,2022,2022-11-20,13:00:00,yas_marina,max_verstappen,red_bull,32,43,17,0.0,2.0,2.6666666666666665,-0.6666666666666666
1096,3.0,2.0,2022,2022-11-20,13:00:00,yas_marina,leclerc,ferrari,32,38,5,1.0,8.0,4.333333333333333,3.6666666666666665
1096,2.0,3.0,2022,2022-11-20,13:00:00,yas_marina,perez,red_bull,32,51,17,-1.0,5.666666666666667,4.666666666666667,1.0
1096,4.0,4.0,2022,2022-11-20,13:00:00,yas_marina,sainz,ferrari,32,63,5,0.0,5.333333333333333,3.6666666666666665,1.6666666666666667
1096,6.0,5.0,2022,2022-11-20,13:00:00,yas_marina,russell,mercedes,32,62,14,1.0,2.3333333333333335,3.3333333333333335,-1.0
1096,7.0,6.0,2022,2022-11-20,13:00:00,yas_marina,norris,mclaren,32,49,13,1.0,8.0,8.333333333333334,-0.3333333333333333
1096,8.0,7.0,2022,2022-11-20,13:00:00,yas_marina,ocon,alpine,32,50,2,1.0,8.666666666666666,9.0,-0.3333333333333333
1096,14.0,8.0,2022,2022-11-20,13:00:00,yas_marina,stroll,aston_martin,32,67,3,6.0,18.0,12.333333333333334,5.666666666666667
1096,13.0,9.0,2022,2022-11-20,13:00:00,yas_marina,ricciardo,mclaren,32,58,13,4.0,12.333333333333334,11.333333333333334,1.0
1096,9.0,10.0,2022,2022-11-20,13:00:00,yas_marina,vettel,aston_martin,32,73,3,-1.0,11.666666666666666,11.0,0.6666666666666666
1096,11.0,11.0,2022,2022-11-20,13:00:00,yas_marina,tsunoda,alphatauri,32,70,1,0.0,10.666666666666666,13.333333333333334,-2.6666666666666665
1096,15.0,12.0,2022,2022-11-20,13:00:00,yas_marina,zhou,alfa,32,77,0,3.0,14.333333333333334,12.333333333333334,2.0
1096,19.0,13.0,2022,2022-11-20,13:00:00,yas_marina,albon,williams,32,1,22,6.0,14.666666666666666,13.333333333333334,1.3333333333333333
1096,17.0,14.0,2022,2022-11-20,13:00:00,yas_marina,gasly,alphatauri,32,17,1,3.0,11.666666666666666,13.0,-1.3333333333333333
1096,18.0,15.0,2022,2022-11-20,13:00:00,yas_marina,bottas,alfa,32,7,0,3.0,10.666666666666666,11.333333333333334,-0.6666666666666666
1096,12.0,16.0,2022,2022-11-20,13:00:00,yas_marina,mick_schumacher,haas,32,47,7,-4.0,14.333333333333334,14.666666666666666,-0.3333333333333333
1096,16.0,17.0,2022,2022-11-20,13:00:00,yas_marina,kevin_magnussen,haas,32,30,7,-1.0,16.666666666666668,13.333333333333334,3.3333333333333335
1096,5.0,18.0,2022,2022-11-20,13:00:00,yas_marina,hamilton,mercedes,32,23,14,-13.0,2.6666666666666665,2.0,0.6666666666666666
1096,20.0,19.0,2022,2022-11-20,13:00:00,yas_marina,latifi,williams,32,36,22,1.0,17.666666666666668,17.0,0.6666666666666666
1098,1.0,1.0,2023,2023-03-05,15:00:00,bahrain,max_verstappen,red_bull,2,43,17,0.0,1.6666666666666667,2.6666666666666665,-1.0
1098,2.0,2.0,2023,2023-03-05,15:00:00,bahrain,perez,red_bull,2,51,17,0.0,3.3333333333333335,4.333333333333333,-1.0
1098,5.0,3.0,2023,2023-03-05,15:00:00,bahrain,alonso,aston_martin,2,3,3,2.0,13.333333333333334,10.333333333333334,3.0
1098,4.0,4.0,2023,2023-03-05,15:00:00,bahrain,sainz,ferrari,2,63,5,0.0,5.333333333333333,4.0,1.3333333333333333
1098,7.0,5.0,2023,2023-03-05,15:00:00,bahrain,hamilton,mercedes,2,23,14,2.0,3.3333333333333335,7.333333333333333,-4.0
1098,8.0,6.0,2023,2023-03-05,15:00:00,bahrain,stroll,aston_martin,2,67,3,2.0,16.333333333333332,11.0,5.333333333333333
1098,6.0,7.0,2023,2023-03-05,15:00:00,bahrain,russell,mercedes,2,62,14,-1.0,3.0,3.3333333333333335,-0.3333333333333333
1098,12.0,8.0,2023,2023-03-05,15:00:00,bahrain,bottas,alfa,2,7,0,4.0,12.666666666666666,11.333333333333334,1.3333333333333333
1098,20.0,9.0,2023,2023-03-05,15:00:00,bahrain,gasly,alpine,2,17,2,11.0,13.666666666666666,13.0,0.6666666666666666
1098,15.0,10.0,2023,2023-03-05,15:00:00,bahrain,albon,williams,2,1,22,5.0,18.333333333333332,13.333333333333334,5.0
1098,14.0,11.0,2023,2023-03-05,15:00:00,bahrain,tsunoda,alphatauri,2,70,1,3.0,10.0,12.666666666666666,-2.6666666666666665
1098,16.0,12.0,2023,2023-03-05,15:00:00,bahrain,sargeant,williams,2,64,22,4.0,,,
1098,17.0,13.0,2023,2023-03-05,15:00:00,bahrain,kevin_magnussen,haas,2,30,7,4.0,16.0,14.333333333333334,1.6666666666666667
1098,19.0,14.0,2023,2023-03-05,15:00:00,bahrain,de_vries,alphatauri,2,14,1,5.0,,,
1098,10.0,15.0,2023,2023-03-05,15:00:00,bahrain,hulkenberg,haas,2,26,7,-5.0,18.0,12.333333333333334,5.666666666666667
1098,13.0,16.0,2023,2023-03-05,15:00:00,bahrain,zhou,alfa,2,77,0,-3.0,13.333333333333334,12.333333333333334,1.0
1098,11.0,17.0,2023,2023-03-05,15:00:00,bahrain,norris,mclaren,2,49,13,-6.0,7.0,7.0,0.0
1099,1.0,1.0,2023,2023-03-19,17:00:00,jeddah,perez,red_bull,11,51,17,0.0,2.6666666666666665,4.0,-1.3333333333333333
1099,15.0,2.0,2023,2023-03-19,17:00:00,jeddah,max_verstappen,red_bull,11,43,17,13.0,1.6666666666666667,2.6666666666666665,-1.0
1099,2.0,3.0,2023,2023-03-19,17:00:00,jeddah,alonso,aston_martin,11,3,3,-1.0,10.333333333333334,9.0,1.3333333333333333
1099,3.0,4.0,2023,2023-03-19,17:00:00,jeddah,russell,mercedes,11,62,14,-1.0,4.333333333333333,4.333333333333333,0.0
1099,7.0,5.0,2023,2023-03-19,17:00:00,jeddah,hamilton,mercedes,11,23,14,2.0,4.666666666666667,8.333333333333334,-3.6666666666666665
1099,4.0,6.0,2023,2023-03-19,17:00:00,jeddah,sainz,ferrari,11,63,5,-2.0,5.0,3.6666666666666665,1.3333333333333333
1099,12.0,7.0,2023,2023-03-19,17:00:00,jeddah,leclerc,ferrari,11,38,5,5.0,5.0,4.0,1.0
1099,6.0,8.0,2023,2023-03-19,17:00:00,jeddah,ocon,alpine,11,50,2,-2.0,11.333333333333334,7.666666666666667,3.6666666666666665
1099,9.0,9.0,2023,2023-03-19,17:00:00,jeddah,gasly,alpine,11,17,2,0.0,15.666666666666666,12.333333333333334,3.3333333333333335
1099,13.0,10.0,2023,2023-03-19,17:00:00,jeddah,kevin_magnussen,haas,11,30,7,3.0,17.333333333333332,15.666666666666666,1.6666666666666667
1099,16.0,11.0,2023,2023-03-19,17:00:00,jeddah,tsunoda,alphatauri,11,70,1,5.0,8.333333333333334,13.0,-4.666666666666667
1099,10.0,12.0,2023,2023-03-19,17:00:00,jeddah,hulkenberg,haas,11,26,7,-2.0,14.666666666666666,14.666666666666666,0.0
1099,11.0,13.0,2023,2023-03-19,17:00:00,jeddah,zhou,alfa,11,77,0,-2.0,13.666666666666666,13.333333333333334,0.3333333333333333
1099,18.0,14.0,2023,2023-03-19,17:00:00,jeddah,de_vries,alphatauri,11,14,1,4.0,,,
1099,8.0,15.0,2023,2023-03-19,17:00:00,jeddah,piastri,mclaren,11,53,13,-7.0,,,
1099,20.0,16.0,2023,2023-03-19,17:00:00,jeddah,sargeant,williams,11,64,22,4.0,,,
1099,19.0,17.0,2023,2023-03-19,17:00:00,jeddah,norris,mclaren,11,49,13,2.0,8.666666666666666,10.666666666666666,-2.0
1099,14.0,18.0,2023,2023-03-19,17:00:00,jeddah,bottas,alfa,11,7,0,-4.0,14.666666666666666,10.666666666666666,4.0
1100,1.0,1.0,2023,2023-04-02,05:00:00,albert_park,max_verstappen,red_bull,0,43,17,0.0,5.666666666666667,1.3333333333333333,4.333333333333333
1100,3.0,2.0,2023,2023-04-02,05:00:00,albert_park,hamilton,mercedes,0,23,14,1.0,6.333333333333333,9.333333333333334,-3.0
1100,4.0,3.0,2023,2023-04-02,05:00:00,albert_park,alonso,aston_martin,0,3,3,1.0,8.0,3.6666666666666665,4.333333333333333
1100,6.0,4.0,2023,2023-04-02,05:00:00,albert_park,stroll,aston_martin,0,67,3,2.0,12.333333333333334,8.0,4.333333333333333
1100,0.0,5.0,2023,2023-04-02,05:00:00,albert_park,perez,red_bull,0,51,17,-5.0,1.6666666666666667,2.0,-0.3333333333333333
1100,13.0,6.0,2023,2023-04-02,05:00:00,albert_park,norris,mclaren,0,49,13,7.0,12.333333333333334,13.333333333333334,-1.0
1100,10.0,7.0,2023,2023-04-02,05:00:00,albert_park,hulkenberg,haas,0,26,7,3.0,12.333333333333334,13.0,-0.6666666666666666
1100,16.0,8.0,2023,2023-04-02,05:00:00,albert_park,piastri,mclaren,0,53,13,8.0,,,
1100,17.0,9.0,2023,2023-04-02,05:00:00,albert_park,zhou,alfa,0,77,0,8.0,13.0,13.666666666666666,-0.6666666666666666
1100,12.0,10.0,2023,2023-04-02,05:00:00,albert_park,tsunoda,alphatauri,0,70,1,2.0,13.666666666666666,11.0,2.6666666666666665
1100,0.0,11.0,2023,2023-04-02,05:00:00,albert_park,bottas,alfa,0,7,0,-11.0,14.666666666666666,13.666666666666666,1.0
1100,5.0,12.0,2023,2023-04-02,05:00:00,albert_park,sainz,ferrari,0,63,5,-7.0,4.0,4.666666666666667,-0.6666666666666666
1100,9.0,13.0,2023,2023-04-02,05:00:00,albert_park,gasly,alpine,0,17,2,-4.0,15.333333333333334,10.666666666666666,4.666666666666667
1100,11.0,14.0,2023,2023-04-02,05:00:00,albert_park,ocon,alpine,0,50,2,-3.0,10.0,7.666666666666667,2.3333333333333335
1100,15.0,15.0,2023,2023-04-02,05:00:00,albert_park,de_vries,alphatauri,0,14,1,0.0,15.0,12.333333333333334,2.6666666666666665
1100,18.0,16.0,2023,2023-04-02,05:00:00,albert_park,sargeant,williams,0,64,22,2.0,,,
1100,14.0,17.0,2023,2023-04-02,05:00:00,albert_park,kevin_magnussen,haas,0,30,7,-3.0,15.333333333333334,13.333333333333334,2.0
1101,3.0,1.0,2023,2023-04-30,11:00:00,baku,perez,red_bull,3,51,17,2.0,1.0,2.6666666666666665,-1.6666666666666667
1101,2.0,2.0,2023,2023-04-30,11:00:00,baku,max_verstappen,red_bull,3,43,17,0.0,5.666666666666667,1.3333333333333333,4.333333333333333
1101,1.0,3.0,2023,2023-04-30,11:00:00,baku,leclerc,ferrari,3,38,5,-2.0,6.666666666666667,4.333333333333333,2.3333333333333335
1101,6.0,4.0,2023,2023-04-30,11:00:00,baku,alonso,aston_martin,3,3,3,2.0,3.6666666666666665,3.0,0.6666666666666666
1101,4.0,5.0,2023,2023-04-30,11:00:00,baku,sainz,ferrari,3,63,5,-1.0,4.333333333333333,7.333333333333333,-3.0
1101,5.0,6.0,2023,2023-04-30,11:00:00,baku,hamilton,mercedes,3,23,14,-1.0,5.666666666666667,4.0,1.6666666666666667
1101,9.0,7.0,2023,2023-04-30,11:00:00,baku,stroll,aston_martin,3,67,3,2.0,9.333333333333334,6.0,3.3333333333333335
1101,11.0,8.0,2023,2023-04-30,11:00:00,baku,russell,mercedes,3,62,14,3.0,5.0,5.333333333333333,-0.3333333333333333
1101,7.0,9.0,2023,2023-04-30,11:00:00,baku,norris,mclaren,3,49,13,-2.0,14.333333333333334,13.333333333333334,1.0
1101,8.0,10.0,2023,2023-04-30,11:00:00,baku,tsunoda,alphatauri,3,70,1,-2.0,14.0,10.666666666666666,3.3333333333333335
1101,10.0,11.0,2023,2023-04-30,11:00:00,baku,piastri,mclaren,3,53,13,-1.0,,,
1101,12.0,12.0,2023,2023-04-30,11:00:00,baku,albon,williams,3,1,22,0.0,17.666666666666668,12.666666666666666,5.0
1101,16.0,13.0,2023,2023-04-30,11:00:00,baku,kevin_magnussen,haas,3,30,7,3.0,14.666666666666666,13.333333333333334,1.3333333333333333
1101,17.0,14.0,2023,2023-04-30,11:00:00,baku,gasly,alpine,3,17,2,3.0,12.666666666666666,10.333333333333334,2.3333333333333335
1101,0.0,15.0,2023,2023-04-30,11:00:00,baku,ocon,alpine,3,50,2,-15.0,8.333333333333334,9.666666666666666,-1.3333333333333333
1101,14.0,16.0,2023,2023-04-30,11:00:00,baku,sargeant,williams,3,64,22,-2.0,18.0,14.666666666666666,3.3333333333333335
1101,0.0,17.0,2023,2023-04-30,11:00:00,baku,hulkenberg,haas,3,26,7,-17.0,10.0,11.333333333333334,-1.3333333333333333
1101,13.0,18.0,2023,2023-04-30,11:00:00,baku,bottas,alfa,3,7,0,-5.0,8.666666666666666,12.333333333333334,-3.6666666666666665
1102,9.0,1.0,2023,2023-05-07,19:30:00,miami,max_verstappen,red_bull,14,43,17,8.0,6.0,1.6666666666666667,4.333333333333333
1102,1.0,2.0,2023,2023-05-07,19:30:00,miami,perez,red_bull,14,51,17,-1.0,1.3333333333333333,2.3333333333333335,-1.0
1102,2.0,3.0,2023,2023-05-07,19:30:00,miami,alonso,aston_martin,14,3,3,-1.0,4.0,3.3333333333333335,0.6666666666666666
1102,6.0,4.0,2023,2023-05-07,19:30:00,miami,russell,mercedes,14,62,14,2.0,6.666666666666667,6.333333333333333,0.3333333333333333
1102,3.0,5.0,2023,2023-05-07,19:30:00,miami,sainz,ferrari,14,63,5,-2.0,4.333333333333333,7.666666666666667,-3.3333333333333335
1102,13.0,6.0,2023,2023-05-07,19:30:00,miami,hamilton,mercedes,14,23,14,7.0,5.0,4.333333333333333,0.6666666666666666
1102,7.0,7.0,2023,2023-05-07,19:30:00,miami,leclerc,ferrari,14,38,5,0.0,5.333333333333333,4.0,1.3333333333333333
1102,5.0,8.0,2023,2023-05-07,19:30:00,miami,gasly,alpine,14,17,2,-3.0,11.666666666666666,12.0,-0.3333333333333333
1102,8.0,9.0,2023,2023-05-07,19:30:00,miami,ocon,alpine,14,50,2,-1.0,5.666666666666667,12.333333333333334,-6.666666666666667
1102,4.0,10.0,2023,2023-05-07,19:30:00,miami,kevin_magnussen,haas,14,30,7,-6.0,14.333333333333334,13.333333333333334,1.0
1102,17.0,11.0,2023,2023-05-07,19:30:00,miami,tsunoda,alphatauri,14,70,1,6.0,12.0,10.333333333333334,1.6666666666666667
1102,18.0,12.0,2023,2023-05-07,19:30:00,miami,stroll,aston_martin,14,67,3,6.0,7.666666666666667,5.666666666666667,2.0
1102,10.0,13.0,2023,2023-05-07,19:30:00,miami,bottas,alfa,14,7,0,-3.0,9.0,15.666666666666666,-6.666666666666667
1102,11.0,14.0,2023,2023-05-07,19:30:00,miami,albon,williams,14,1,22,-3.0,15.333333333333334,11.666666666666666,3.6666666666666665
1102,12.0,15.0,2023,2023-05-07,19:30:00,miami,hulkenberg,haas,14,26,7,-3.0,6.666666666666667,12.0,-5.333333333333333
1102,14.0,16.0,2023,2023-05-07,19:30:00,miami,zhou,alfa,14,77,0,-2.0,13.666666666666666,12.666666666666666,1.0
1102,16.0,17.0,2023,2023-05-07,19:30:00,miami,norris,mclaren,14,49,13,-1.0,13.0,10.666666666666666,2.3333333333333335
1102,15.0,18.0,2023,2023-05-07,19:30:00,miami,de_vries,alphatauri,14,14,1,-3.0,17.333333333333332,14.333333333333334,3.0
1102,19.0,19.0,2023,2023-05-07,19:30:00,miami,piastri,mclaren,14,53,13,0.0,11.333333333333334,11.333333333333334,0.0
1102,20.0,20.0,2023,2023-05-07,19:30:00,miami,sargeant,williams,14,64,22,0.0,17.333333333333332,16.0,1.3333333333333333
1104,1.0,1.0,2023,2023-05-28,13:00:00,monaco,max_verstappen,red_bull,15,43,17,0.0,4.0,1.3333333333333333,2.6666666666666665
1104,2.0,2.0,2023,2023-05-28,13:00:00,monaco,alonso,aston_martin,15,3,3,0.0,4.0,3.3333333333333335,0.6666666666666666
1104,3.0,3.0,2023,2023-05-28,13:00:00,monaco,ocon,alpine,15,50,2,0.0,6.333333333333333,12.666666666666666,-6.333333333333333
1104,5.0,4.0,2023,2023-05-28,13:00:00,monaco,hamilton,mercedes,15,23,14,1.0,7.0,4.666666666666667,2.3333333333333335
1104,8.0,5.0,2023,2023-05-28,13:00:00,monaco,russell,mercedes,15,62,14,3.0,6.666666666666667,5.333333333333333,1.3333333333333333
1104,6.0,6.0,2023,2023-05-28,13:00:00,monaco,leclerc,ferrari,15,38,5,0.0,6.666666666666667,5.666666666666667,1.0
1104,7.0,7.0,2023,2023-05-28,13:00:00,monaco,gasly,alpine,15,17,2,0.0,10.333333333333334,11.666666666666666,-1.3333333333333333
1104,4.0,8.0,2023,2023-05-28,13:00:00,monaco,sainz,ferrari,15,63,5,-4.0,4.0,7.333333333333333,-3.3333333333333335
1104,10.0,9.0,2023,2023-05-28,13:00:00,monaco,norris,mclaren,15,49,13,1.0,12.0,10.666666666666666,1.3333333333333333
1104,11.0,10.0,2023,2023-05-28,13:00:00,monaco,piastri,mclaren,15,53,13,1.0,15.0,12.666666666666666,2.3333333333333335
1104,15.0,11.0,2023,2023-05-28,13:00:00,monaco,bottas,alfa,15,7,0,4.0,7.666666666666667,14.0,-6.333333333333333
1104,12.0,12.0,2023,2023-05-28,13:00:00,monaco,de_vries,alphatauri,15,14,1,0.0,16.0,15.666666666666666,0.3333333333333333
1104,19.0,13.0,2023,2023-05-28,13:00:00,monaco,zhou,alfa,15,77,0,6.0,14.0,12.666666666666666,1.3333333333333333
1104,13.0,14.0,2023,2023-05-28,13:00:00,monaco,albon,williams,15,1,22,-1.0,12.666666666666666,12.0,0.6666666666666666
1104,9.0,15.0,2023,2023-05-28,13:00:00,monaco,tsunoda,alphatauri,15,70,1,-6.0,12.333333333333334,10.333333333333334,2.0
1104,20.0,16.0,2023,2023-05-28,13:00:00,monaco,perez,red_bull,15,51,17,4.0,1.3333333333333333,2.6666666666666665,-1.3333333333333333
1104,18.0,17.0,2023,2023-05-28,13:00:00,monaco,hulkenberg,haas,15,26,7,1.0,7.333333333333333,13.0,-5.666666666666667
1104,16.0,18.0,2023,2023-05-28,13:00:00,monaco,sargeant,williams,15,64,22,-2.0,17.333333333333332,17.333333333333332,0.0
1105,1.0,1.0,2023,2023-06-04,13:00:00,catalunya,max_verstappen,red_bull,5,43,17,0.0,4.0,1.3333333333333333,2.6666666666666665
1105,4.0,2.0,2023,2023-06-04,13:00:00,catalunya,hamilton,mercedes,5,23,14,2.0,7.666666666666667,5.333333333333333,2.3333333333333335
1105,12.0,3.0,2023,2023-06-04,13:00:00,catalunya,russell,mercedes,5,62,14,9.0,8.333333333333334,5.666666666666667,2.6666666666666665
1105,11.0,4.0,2023,2023-06-04,13:00:00,catalunya,perez,red_bull,5,51,17,7.0,8.0,6.333333333333333,1.6666666666666667
1105,2.0,5.0,2023,2023-06-04,13:00:00,catalunya,sainz,ferrari,5,63,5,-3.0,3.6666666666666665,6.0,-2.3333333333333335
1105,5.0,6.0,2023,2023-06-04,13:00:00,catalunya,stroll,aston_martin,5,67,3,-1.0,11.0,7.666666666666667,3.3333333333333335
1105,8.0,7.0,2023,2023-06-04,13:00:00,catalunya,alonso,aston_martin,5,3,3,1.0,3.3333333333333335,3.0,0.3333333333333333
1105,6.0,8.0,2023,2023-06-04,13:00:00,catalunya,ocon,alpine,5,50,2,-2.0,3.6666666666666665,9.0,-5.333333333333333
1105,13.0,9.0,2023,2023-06-04,13:00:00,catalunya,zhou,alfa,5,77,0,4.0,16.666666666666668,12.666666666666666,4.0
1105,10.0,10.0,2023,2023-06-04,13:00:00,catalunya,gasly,alpine,5,17,2,0.0,9.666666666666666,9.666666666666666,0.0
1105,19.0,11.0,2023,2023-06-04,13:00:00,catalunya,leclerc,ferrari,5,38,5,8.0,4.666666666666667,5.333333333333333,-0.6666666666666666
1105,15.0,12.0,2023,2023-06-04,13:00:00,catalunya,tsunoda,alphatauri,5,70,1,3.0,11.333333333333334,12.0,-0.6666666666666666
1105,9.0,13.0,2023,2023-06-04,13:00:00,catalunya,piastri,mclaren,5,53,13,-4.0,13.333333333333334,13.333333333333334,0.0
1105,14.0,14.0,2023,2023-06-04,13:00:00,catalunya,de_vries,alphatauri,5,14,1,0.0,14.0,15.0,-1.0
1105,7.0,15.0,2023,2023-06-04,13:00:00,catalunya,hulkenberg,haas,5,26,7,-8.0,10.0,16.333333333333332,-6.333333333333333
1105,18.0,16.0,2023,2023-06-04,13:00:00,catalunya,albon,williams,5,1,22,2.0,12.0,13.333333333333334,-1.3333333333333333
1105,3.0,17.0,2023,2023-06-04,13:00:00,catalunya,norris,mclaren,5,49,13,-14.0,11.0,11.666666666666666,-0.6666666666666666
1105,17.0,18.0,2023,2023-06-04,13:00:00,catalunya,kevin_magnussen,haas,5,30,7,-1.0,11.333333333333334,13.333333333333334,-2.0
1105,16.0,19.0,2023,2023-06-04,13:00:00,catalunya,bottas,alfa,5,7,0,-3.0,12.666666666666666,14.0,-1.3333333333333333
1105,20.0,20.0,2023,2023-06-04,13:00:00,catalunya,sargeant,williams,5,64,22,0.0,16.666666666666668,18.0,-1.3333333333333333
1106,1.0,1.0,2023,2023-06-18,18:00:00,villeneuve,max_verstappen,red_bull,31,43,17,0.0,3.6666666666666665,1.0,2.6666666666666665
1106,2.0,2.0,2023,2023-06-18,18:00:00,villeneuve,alonso,aston_martin,31,3,3,0.0,4.0,4.0,0.0
1106,3.0,3.0,2023,2023-06-18,18:00:00,villeneuve,hamilton,mercedes,31,23,14,0.0,7.333333333333333,4.0,3.3333333333333335
1106,10.0,4.0,2023,2023-06-18,18:00:00,villeneuve,leclerc,ferrari,31,38,5,6.0,10.666666666666666,8.0,2.6666666666666665
1106,11.0,5.0,2023,2023-06-18,18:00:00,villeneuve,sainz,ferrari,31,63,5,6.0,3.0,6.0,-3.0
1106,12.0,6.0,2023,2023-06-18,18:00:00,villeneuve,perez,red_bull,31,51,17,6.0,10.666666666666666,7.333333333333333,3.3333333333333335
1106,9.0,7.0,2023,2023-06-18,18:00:00,villeneuve,albon,williams,31,1,22,2.0,14.0,14.666666666666666,-0.6666666666666666
1106,6.0,8.0,2023,2023-06-18,18:00:00,villeneuve,ocon,alpine,31,50,2,-2.0,5.666666666666667,6.666666666666667,-1.0
1106,16.0,9.0,2023,2023-06-18,18:00:00,villeneuve,stroll,aston_martin,31,67,3,7.0,10.666666666666666,8.333333333333334,2.3333333333333335
1106,14.0,10.0,2023,2023-06-18,18:00:00,villeneuve,bottas,alfa,31,7,0,4.0,13.666666666666666,14.333333333333334,-0.6666666666666666
1106,8.0,11.0,2023,2023-06-18,18:00:00,villeneuve,piastri,mclaren,31,53,13,-3.0,13.0,14.0,-1.0
1106,15.0,12.0,2023,2023-06-18,18:00:00,villeneuve,gasly,alpine,31,17,2,3.0,7.333333333333333,8.333333333333334,-1.0
1106,7.0,13.0,2023,2023-06-18,18:00:00,villeneuve,norris,mclaren,31,49,13,-6.0,9.666666666666666,14.333333333333334,-4.666666666666667
1106,19.0,14.0,2023,2023-06-18,18:00:00,villeneuve,tsunoda,alphatauri,31,70,1,5.0,13.666666666666666,12.666666666666666,1.0
1106,5.0,15.0,2023,2023-06-18,18:00:00,villeneuve,hulkenberg,haas,31,26,7,-10.0,12.333333333333334,15.666666666666666,-3.3333333333333335
1106,20.0,16.0,2023,2023-06-18,18:00:00,villeneuve,zhou,alfa,31,77,0,4.0,15.333333333333334,12.666666666666666,2.6666666666666665
1106,13.0,17.0,2023,2023-06-18,18:00:00,villeneuve,kevin_magnussen,haas,31,30,7,-4.0,12.333333333333334,13.666666666666666,-1.3333333333333333
1106,17.0,18.0,2023,2023-06-18,18:00:00,villeneuve,de_vries,alphatauri,31,14,1,-1.0,13.666666666666666,14.666666666666666,-1.0
1107,1.0,1.0,2023,2023-07-02,13:00:00,red_bull_ring,max_verstappen,red_bull,20,43,17,0.0,1.0,1.0,0.0
1107,2.0,2.0,2023,2023-07-02,13:00:00,red_bull_ring,leclerc,ferrari,20,38,5,0.0,11.666666666666666,7.0,4.666666666666667
1107,15.0,3.0,2023,2023-07-02,13:00:00,red_bull_ring,perez,red_bull,20,51,17,12.0,14.333333333333334,8.666666666666666,5.666666666666667
1107,4.0,4.0,2023,2023-07-02,13:00:00,red_bull_ring,norris,mclaren,20,49,13,0.0,6.666666666666667,13.0,-6.333333333333333
1107,7.0,5.0,2023,2023-07-02,13:00:00,red_bull_ring,alonso,aston_martin,20,3,3,2.0,4.0,3.6666666666666665,0.3333333333333333
1107,3.0,6.0,2023,2023-07-02,13:00:00,red_bull_ring,sainz,ferrari,20,63,5,-3.0,5.666666666666667,6.0,-0.3333333333333333
1107,11.0,7.0,2023,2023-07-02,13:00:00,red_bull_ring,russell,mercedes,20,62,14,4.0,8.666666666666666,4.0,4.666666666666667
1107,5.0,8.0,2023,2023-07-02,13:00:00,red_bull_ring,hamilton,mercedes,20,23,14,-3.0,4.0,3.0,1.0
1107,6.0,9.0,2023,2023-07-02,13:00:00,red_bull_ring,stroll,aston_martin,20,67,3,-3.0,13.0,9.0,4.0
1107,9.0,10.0,2023,2023-07-02,13:00:00,red_bull_ring,gasly,alpine,20,17,2,-1.0,10.666666666666666,9.666666666666666,1.0
1107,10.0,11.0,2023,2023-07-02,13:00:00,red_bull_ring,albon,williams,20,1,22,-1.0,13.333333333333334,12.333333333333334,1.0
1107,17.0,12.0,2023,2023-07-02,13:00:00,red_bull_ring,zhou,alfa,20,77,0,5.0,17.333333333333332,12.666666666666666,4.666666666666667
1107,18.0,13.0,2023,2023-07-02,13:00:00,red_bull_ring,sargeant,williams,20,64,22,5.0,18.666666666666668,19.333333333333332,-0.6666666666666666
1107,12.0,14.0,2023,2023-07-02,13:00:00,red_bull_ring,ocon,alpine,20,50,2,-2.0,5.0,6.333333333333333,-1.3333333333333333
1107,14.0,15.0,2023,2023-07-02,13:00:00,red_bull_ring,bottas,alfa,20,7,0,-1.0,15.0,13.333333333333334,1.6666666666666667
1107,13.0,16.0,2023,2023-07-02,13:00:00,red_bull_ring,piastri,mclaren,20,53,13,-3.0,9.333333333333334,11.333333333333334,-2.0
1107,0.0,17.0,2023,2023-07-02,13:00:00,red_bull_ring,de_vries,alphatauri,20,14,1,-17.0,14.333333333333334,14.666666666666666,-0.3333333333333333
1107,0.0,18.0,2023,2023-07-02,13:00:00,red_bull_ring,kevin_magnussen,haas,20,30,7,-18.0,11.333333333333334,15.0,-3.6666666666666665
1107,16.0,19.0,2023,2023-07-02,13:00:00,red_bull_ring,tsunoda,alphatauri,20,70,1,-3.0,14.333333333333334,13.666666666666666,0.6666666666666666
1108,1.0,1.0,2023,2023-07-09,14:00:00,silverstone,max_verstappen,red_bull,25,43,17,0.0,1.0,1.0,0.0
1108,2.0,2.0,2023,2023-07-09,14:00:00,silverstone,norris,mclaren,25,49,13,0.0,4.666666666666667,11.333333333333334,-6.666666666666667
1108,7.0,3.0,2023,2023-07-09,14:00:00,silverstone,hamilton,mercedes,25,23,14,4.0,4.0,4.333333333333333,-0.3333333333333333
1108,3.0,4.0,2023,2023-07-09,14:00:00,silverstone,piastri,mclaren,25,53,13,-1.0,10.0,13.333333333333334,-3.3333333333333335
1108,6.0,5.0,2023,2023-07-09,14:00:00,silverstone,russell,mercedes,25,62,14,1.0,10.333333333333334,5.0,5.333333333333333
1108,15.0,6.0,2023,2023-07-09,14:00:00,silverstone,perez,red_bull,25,51,17,9.0,12.666666666666666,4.333333333333333,8.333333333333334
1108,9.0,7.0,2023,2023-07-09,14:00:00,silverstone,alonso,aston_martin,25,3,3,2.0,5.666666666666667,4.666666666666667,1.0
1108,8.0,8.0,2023,2023-07-09,14:00:00,silverstone,albon,williams,25,1,22,0.0,12.333333333333334,11.333333333333334,1.0
1108,4.0,9.0,2023,2023-07-09,14:00:00,silverstone,leclerc,ferrari,25,38,5,-5.0,10.333333333333334,5.666666666666667,4.666666666666667
1108,5.0,10.0,2023,2023-07-09,14:00:00,silverstone,sainz,ferrari,25,63,5,-5.0,5.333333333333333,5.333333333333333,0.0
1108,14.0,11.0,2023,2023-07-09,14:00:00,silverstone,sargeant,williams,25,64,22,3.0,18.0,17.0,1.0
1108,20.0,12.0,2023,2023-07-09,14:00:00,silverstone,bottas,alfa,25,7,0,8.0,14.666666666666666,14.666666666666666,0.0
1108,11.0,13.0,2023,2023-07-09,14:00:00,silverstone,hulkenberg,haas,25,26,7,-2.0,10.0,15.666666666666666,-5.666666666666667
1108,12.0,14.0,2023,2023-07-09,14:00:00,silverstone,stroll,aston_martin,25,67,3,-2.0,9.0,8.0,1.0
1108,17.0,15.0,2023,2023-07-09,14:00:00,silverstone,zhou,alfa,25,77,0,2.0,16.666666666666668,12.333333333333334,4.333333333333333
1108,16.0,16.0,2023,2023-07-09,14:00:00,silverstone,tsunoda,alphatauri,25,70,1,0.0,16.666666666666668,15.0,1.6666666666666667
1108,18.0,17.0,2023,2023-07-09,14:00:00,silverstone,de_vries,alphatauri,25,14,1,1.0,10.333333333333334,16.333333333333332,-6.0
1108,10.0,18.0,2023,2023-07-09,14:00:00,silverstone,gasly,alpine,25,17,2,-8.0,11.333333333333334,10.666666666666666,0.6666666666666666
1109,2.0,1.0,2023,2023-07-23,13:00:00,hungaroring,max_verstappen,red_bull,7,43,17,1.0,1.0,1.0,0.0
1109,3.0,2.0,2023,2023-07-23,13:00:00,hungaroring,norris,mclaren,7,49,13,1.0,4.333333333333333,6.333333333333333,-2.0
1109,9.0,3.0,2023,2023-07-23,13:00:00,hungaroring,perez,red_bull,7,51,17,6.0,14.0,5.0,9.0
1109,1.0,4.0,2023,2023-07-23,13:00:00,hungaroring,hamilton,mercedes,7,23,14,-3.0,5.0,4.666666666666667,0.3333333333333333
1109,4.0,5.0,2023,2023-07-23,13:00:00,hungaroring,piastri,mclaren,7,53,13,-1.0,8.0,10.333333333333334,-2.3333333333333335
1109,18.0,6.0,2023,2023-07-23,13:00:00,hungaroring,russell,mercedes,7,62,14,12.0,9.666666666666666,5.0,4.666666666666667
1109,6.0,7.0,2023,2023-07-23,13:00:00,hungaroring,leclerc,ferrari,7,38,5,-1.0,5.333333333333333,5.0,0.3333333333333333
1109,11.0,8.0,2023,2023-07-23,13:00:00,hungaroring,sainz,ferrari,7,63,5,3.0,6.333333333333333,7.0,-0.6666666666666666
1109,8.0,9.0,2023,2023-07-23,13:00:00,hungaroring,alonso,aston_martin,7,3,3,-1.0,6.0,4.666666666666667,1.3333333333333333
1109,14.0,10.0,2023,2023-07-23,13:00:00,hungaroring,stroll,aston_martin,7,67,3,4.0,11.333333333333334,10.666666666666666,0.6666666666666666
1109,16.0,11.0,2023,2023-07-23,13:00:00,hungaroring,albon,williams,7,1,22,5.0,9.0,8.666666666666666,0.3333333333333333
1109,7.0,12.0,2023,2023-07-23,13:00:00,hungaroring,bottas,alfa,7,7,0,-5.0,16.0,12.333333333333334,3.6666666666666665
1109,13.0,13.0,2023,2023-07-23,13:00:00,hungaroring,ricciardo,alphatauri,7,58,1,0.0,13.0,10.666666666666666,2.3333333333333335
1109,10.0,14.0,2023,2023-07-23,13:00:00,hungaroring,hulkenberg,haas,7,26,7,-4.0,7.666666666666667,14.333333333333334,-6.666666666666667
1109,17.0,15.0,2023,2023-07-23,13:00:00,hungaroring,tsunoda,alphatauri,7,70,1,2.0,17.0,16.333333333333332,0.6666666666666666
1109,5.0,16.0,2023,2023-07-23,13:00:00,hungaroring,zhou,alfa,7,77,0,-11.0,18.0,14.333333333333334,3.6666666666666665
1109,19.0,17.0,2023,2023-07-23,13:00:00,hungaroring,kevin_magnussen,haas,7,30,7,2.0,10.0,17.666666666666668,-7.666666666666667
1110,6.0,1.0,2023,2023-07-30,13:00:00,spa,max_verstappen,red_bull,27,43,17,5.0,1.3333333333333333,1.0,0.3333333333333333
1110,2.0,2.0,2023,2023-07-30,13:00:00,spa,perez,red_bull,27,51,17,0.0,13.0,4.0,9.0
1110,1.0,3.0,2023,2023-07-30,13:00:00,spa,leclerc,ferrari,27,38,5,-2.0,4.0,6.0,-2.0
1110,3.0,4.0,2023,2023-07-30,13:00:00,spa,hamilton,mercedes,27,23,14,-1.0,4.333333333333333,5.0,-0.6666666666666666
1110,9.0,5.0,2023,2023-07-30,13:00:00,spa,alonso,aston_martin,27,3,3,4.0,8.0,7.0,1.0
1110,8.0,6.0,2023,2023-07-30,13:00:00,spa,russell,mercedes,27,62,14,2.0,11.666666666666666,6.0,5.666666666666667
1110,7.0,7.0,2023,2023-07-30,13:00:00,spa,norris,mclaren,27,49,13,0.0,3.0,2.6666666666666665,0.3333333333333333
1110,14.0,8.0,2023,2023-07-30,13:00:00,spa,ocon,alpine,27,50,2,6.0,8.0,10.0,-2.0
1110,10.0,9.0,2023,2023-07-30,13:00:00,spa,stroll,aston_martin,27,67,3,1.0,10.666666666666666,11.0,-0.3333333333333333
1110,11.0,10.0,2023,2023-07-30,13:00:00,spa,tsunoda,alphatauri,27,70,1,1.0,16.333333333333332,16.666666666666668,-0.3333333333333333
1110,12.0,11.0,2023,2023-07-30,13:00:00,spa,gasly,alpine,27,17,2,1.0,11.333333333333334,13.333333333333334,-2.0
1110,13.0,12.0,2023,2023-07-30,13:00:00,spa,bottas,alfa,27,7,0,1.0,13.666666666666666,13.0,0.6666666666666666
1110,17.0,13.0,2023,2023-07-30,13:00:00,spa,zhou,alfa,27,77,0,4.0,13.0,14.333333333333334,-1.3333333333333333
1110,15.0,14.0,2023,2023-07-30,13:00:00,spa,albon,williams,27,1,22,1.0,11.333333333333334,10.0,1.3333333333333333
1110,16.0,15.0,2023,2023-07-30,13:00:00,spa,kevin_magnussen,haas,27,30,7,1.0,10.666666666666666,17.333333333333332,-6.666666666666667
1110,19.0,16.0,2023,2023-07-30,13:00:00,spa,ricciardo,alphatauri,27,58,1,3.0,12.333333333333334,9.666666666666666,2.6666666666666665
1110,18.0,17.0,2023,2023-07-30,13:00:00,spa,sargeant,williams,27,64,22,1.0,17.333333333333332,14.666666666666666,2.6666666666666665
1110,0.0,18.0,2023,2023-07-30,13:00:00,spa,hulkenberg,haas,27,26,7,-18.0,8.666666666666666,14.0,-5.333333333333333
1111,1.0,1.0,2023,2023-08-27,13:00:00,zandvoort,max_verstappen,red_bull,34,43,17,0.0,3.0,1.0,2.0
1111,5.0,2.0,2023,2023-08-27,13:00:00,zandvoort,alonso,aston_martin,34,3,3,3.0,8.666666666666666,7.0,1.6666666666666667
1111,12.0,3.0,2023,2023-08-27,13:00:00,zandvoort,gasly,alpine,34,17,2,9.0,10.333333333333334,13.0,-2.6666666666666665
1111,7.0,4.0,2023,2023-08-27,13:00:00,zandvoort,perez,red_bull,34,51,17,3.0,8.666666666666666,3.6666666666666665,5.0
1111,6.0,5.0,2023,2023-08-27,13:00:00,zandvoort,sainz,ferrari,34,63,5,1.0,6.333333333333333,8.0,-1.6666666666666667
1111,13.0,6.0,2023,2023-08-27,13:00:00,zandvoort,hamilton,mercedes,34,23,14,7.0,3.6666666666666665,3.6666666666666665,0.0
1111,2.0,7.0,2023,2023-08-27,13:00:00,zandvoort,norris,mclaren,34,49,13,-5.0,4.0,3.6666666666666665,0.3333333333333333
1111,4.0,8.0,2023,2023-08-27,13:00:00,zandvoort,albon,williams,34,1,22,-4.0,13.0,11.0,2.0
1111,8.0,9.0,2023,2023-08-27,13:00:00,zandvoort,piastri,mclaren,34,53,13,-1.0,6.666666666666667,8.333333333333334,-1.6666666666666667
1111,16.0,10.0,2023,2023-08-27,13:00:00,zandvoort,ocon,alpine,34,50,2,6.0,10.666666666666666,10.0,0.6666666666666666
1111,11.0,11.0,2023,2023-08-27,13:00:00,zandvoort,stroll,aston_martin,34,67,3,0.0,12.0,11.0,1.0
1111,14.0,12.0,2023,2023-08-27,13:00:00,zandvoort,hulkenberg,haas,34,26,7,2.0,7.0,15.0,-8.0
1111,19.0,13.0,2023,2023-08-27,13:00:00,zandvoort,lawson,alphatauri,34,37,1,6.0,,,
1111,18.0,14.0,2023,2023-08-27,13:00:00,zandvoort,bottas,alfa,34,7,0,4.0,13.333333333333334,12.0,1.3333333333333333
1111,17.0,15.0,2023,2023-08-27,13:00:00,zandvoort,tsunoda,alphatauri,34,70,1,2.0,14.666666666666666,13.666666666666666,1.0
1111,0.0,16.0,2023,2023-08-27,13:00:00,zandvoort,kevin_magnussen,haas,34,30,7,-16.0,11.666666666666666,16.666666666666668,-5.0
1111,3.0,17.0,2023,2023-08-27,13:00:00,zandvoort,russell,mercedes,34,62,14,-14.0,10.666666666666666,5.666666666666667,5.0
1112,2.0,1.0,2023,2023-09-03,13:00:00,monza,max_verstappen,red_bull,16,43,17,1.0,3.0,1.0,2.0
1112,5.0,2.0,2023,2023-09-03,13:00:00,monza,perez,red_bull,16,51,17,3.0,6.0,3.0,3.0
1112,1.0,3.0,2023,2023-09-03,13:00:00,monza,sainz,ferrari,16,63,5,-2.0,7.333333333333333,7.666666666666667,-0.3333333333333333
1112,3.0,4.0,2023,2023-09-03,13:00:00,monza,leclerc,ferrari,16,38,5,-1.0,3.6666666666666665,6.333333333333333,-2.6666666666666665
1112,4.0,5.0,2023,2023-09-03,13:00:00,monza,russell,mercedes,16,62,14,-1.0,9.666666666666666,9.666666666666666,0.0
1112,8.0,6.0,2023,2023-09-03,13:00:00,monza,hamilton,mercedes,16,23,14,2.0,5.666666666666667,4.666666666666667,1.0
1112,6.0,7.0,2023,2023-09-03,13:00:00,monza,albon,williams,16,1,22,-1.0,11.666666666666666,11.0,0.6666666666666666
1112,9.0,8.0,2023,2023-09-03,13:00:00,monza,norris,mclaren,16,49,13,1.0,4.0,5.333333333333333,-1.3333333333333333
1112,10.0,9.0,2023,2023-09-03,13:00:00,monza,alonso,aston_martin,16,3,3,1.0,7.333333333333333,5.333333333333333,2.0
1112,14.0,10.0,2023,2023-09-03,13:00:00,monza,bottas,alfa,16,7,0,4.0,12.666666666666666,12.666666666666666,0.0
1112,12.0,11.0,2023,2023-09-03,13:00:00,monza,lawson,alphatauri,16,37,1,1.0,,,
1112,7.0,12.0,2023,2023-09-03,13:00:00,monza,piastri,mclaren,16,53,13,-5.0,5.0,6.0,-1.0
1112,15.0,13.0,2023,2023-09-03,13:00:00,monza,sargeant,williams,16,64,22,2.0,16.666666666666668,13.666666666666666,3.0
1112,16.0,14.0,2023,2023-09-03,13:00:00,monza,zhou,alfa,16,77,0,2.0,13.0,14.666666666666666,-1.6666666666666667
1112,17.0,15.0,2023,2023-09-03,13:00:00,monza,gasly,alpine,16,17,2,2.0,11.333333333333334,10.666666666666666,0.6666666666666666
1112,20.0,16.0,2023,2023-09-03,13:00:00,monza,stroll,aston_martin,16,67,3,4.0,11.666666666666666,10.0,1.6666666666666667
1112,13.0,17.0,2023,2023-09-03,13:00:00,monza,hulkenberg,haas,16,26,7,-4.0,8.0,14.666666666666666,-6.666666666666667
1112,19.0,18.0,2023,2023-09-03,13:00:00,monza,kevin_magnussen,haas,16,30,7,1.0,11.666666666666666,16.0,-4.333333333333333
1113,1.0,1.0,2023,2023-09-17,12:00:00,marina_bay,sainz,ferrari,13,63,5,0.0,6.0,5.333333333333333,0.6666666666666666
1113,4.0,2.0,2023,2023-09-17,12:00:00,marina_bay,norris,mclaren,13,49,13,2.0,6.0,7.333333333333333,-1.3333333333333333
1113,5.0,3.0,2023,2023-09-17,12:00:00,marina_bay,hamilton,mercedes,13,23,14,2.0,8.0,5.333333333333333,2.6666666666666665
1113,3.0,4.0,2023,2023-09-17,12:00:00,marina_bay,leclerc,ferrari,13,38,5,-1.0,3.3333333333333335,4.666666666666667,-1.3333333333333333
1113,11.0,5.0,2023,2023-09-17,12:00:00,marina_bay,max_verstappen,red_bull,13,43,17,6.0,3.0,1.0,2.0
1113,12.0,6.0,2023,2023-09-17,12:00:00,marina_bay,gasly,alpine,13,17,2,6.0,13.666666666666666,9.666666666666666,4.0
1113,17.0,7.0,2023,2023-09-17,12:00:00,marina_bay,piastri,mclaren,13,53,13,10.0,6.333333333333333,8.666666666666666,-2.3333333333333335
1113,13.0,8.0,2023,2023-09-17,12:00:00,marina_bay,perez,red_bull,13,51,17,5.0,4.666666666666667,2.6666666666666665,2.0
1113,10.0,9.0,2023,2023-09-17,12:00:00,marina_bay,lawson,alphatauri,13,37,1,1.0,,,
1113,6.0,10.0,2023,2023-09-17,12:00:00,marina_bay,kevin_magnussen,haas,13,30,7,-4.0,11.666666666666666,16.333333333333332,-4.666666666666667
1113,14.0,11.0,2023,2023-09-17,12:00:00,marina_bay,albon,williams,13,1,22,3.0,8.333333333333334,9.666666666666666,-1.3333333333333333
1113,0.0,12.0,2023,2023-09-17,12:00:00,marina_bay,zhou,alfa,13,77,0,-12.0,12.666666666666666,14.333333333333334,-1.6666666666666667
1113,9.0,13.0,2023,2023-09-17,12:00:00,marina_bay,hulkenberg,haas,13,26,7,-4.0,9.0,15.666666666666666,-6.666666666666667
1113,18.0,14.0,2023,2023-09-17,12:00:00,marina_bay,sargeant,williams,13,64,22,4.0,15.666666666666666,13.666666666666666,2.0
1113,7.0,15.0,2023,2023-09-17,12:00:00,marina_bay,alonso,aston_martin,13,3,3,-8.0,8.0,5.333333333333333,2.6666666666666665
1113,2.0,16.0,2023,2023-09-17,12:00:00,marina_bay,russell,mercedes,13,62,14,-14.0,5.0,9.333333333333334,-4.333333333333333
1114,1.0,1.0,2023,2023-09-24,05:00:00,suzuka,max_verstappen,red_bull,28,43,17,0.0,4.666666666666667,2.3333333333333335,2.3333333333333335
1114,3.0,2.0,2023,2023-09-24,05:00:00,suzuka,norris,mclaren,28,49,13,1.0,5.0,5.666666666666667,-0.6666666666666666
1114,2.0,3.0,2023,2023-09-24,05:00:00,suzuka,piastri,mclaren,28,53,13,-1.0,10.666666666666666,9.333333333333334,1.3333333333333333
1114,4.0,4.0,2023,2023-09-24,05:00:00,suzuka,leclerc,ferrari,28,38,5,0.0,2.3333333333333335,3.6666666666666665,-1.3333333333333333
1114,7.0,5.0,2023,2023-09-24,05:00:00,suzuka,hamilton,mercedes,28,23,14,2.0,8.666666666666666,5.0,3.6666666666666665
1114,6.0,6.0,2023,2023-09-24,05:00:00,suzuka,sainz,ferrari,28,63,5,0.0,2.6666666666666665,3.0,-0.3333333333333333
1114,8.0,7.0,2023,2023-09-24,05:00:00,suzuka,russell,mercedes,28,62,14,1.0,3.0,12.666666666666666,-9.666666666666666
1114,10.0,8.0,2023,2023-09-24,05:00:00,suzuka,alonso,aston_martin,28,3,3,2.0,7.333333333333333,8.666666666666666,-1.3333333333333333
1114,14.0,9.0,2023,2023-09-24,05:00:00,suzuka,ocon,alpine,28,50,2,5.0,14.0,10.666666666666666,3.3333333333333335
1114,12.0,10.0,2023,2023-09-24,05:00:00,suzuka,gasly,alpine,28,17,2,2.0,13.666666666666666,8.0,5.666666666666667
1114,11.0,11.0,2023,2023-09-24,05:00:00,suzuka,lawson,alphatauri,28,37,1,0.0,13.666666666666666,11.0,2.6666666666666665
1114,9.0,12.0,2023,2023-09-24,05:00:00,suzuka,tsunoda,alphatauri,28,70,1,-3.0,15.0,13.333333333333334,1.6666666666666667
1114,19.0,13.0,2023,2023-09-24,05:00:00,suzuka,zhou,alfa,28,77,0,6.0,11.0,13.0,-2.0
1114,18.0,14.0,2023,2023-09-24,05:00:00,suzuka,hulkenberg,haas,28,26,7,4.0,12.0,14.0,-2.0
1114,15.0,15.0,2023,2023-09-24,05:00:00,suzuka,kevin_magnussen,haas,28,30,7,0.0,8.333333333333334,14.666666666666666,-6.333333333333333
1115,1.0,1.0,2023,2023-10-08,17:00:00,losail,max_verstappen,red_bull,12,43,17,0.0,4.666666666666667,2.3333333333333335,2.3333333333333335
1115,6.0,2.0,2023,2023-10-08,17:00:00,losail,piastri,mclaren,12,53,13,4.0,8.666666666666666,7.333333333333333,1.3333333333333333
1115,10.0,3.0,2023,2023-10-08,17:00:00,losail,norris,mclaren,12,49,13,7.0,5.333333333333333,4.0,1.3333333333333333
1115,2.0,4.0,2023,2023-10-08,17:00:00,losail,russell,mercedes,12,62,14,-2.0,4.666666666666667,9.333333333333334,-4.666666666666667
1115,5.0,5.0,2023,2023-10-08,17:00:00,losail,leclerc,ferrari,12,38,5,0.0,3.3333333333333335,4.0,-0.6666666666666666
1115,4.0,6.0,2023,2023-10-08,17:00:00,losail,alonso,aston_martin,12,3,3,-2.0,9.0,10.666666666666666,-1.6666666666666667
1115,8.0,7.0,2023,2023-10-08,17:00:00,losail,ocon,alpine,12,50,2,1.0,14.666666666666666,9.0,5.666666666666667
1115,9.0,8.0,2023,2023-10-08,17:00:00,losail,bottas,alfa,12,7,0,1.0,15.0,12.0,3.0
1115,19.0,9.0,2023,2023-10-08,17:00:00,losail,zhou,alfa,12,77,0,10.0,11.666666666666666,13.0,-1.3333333333333333
1115,0.0,10.0,2023,2023-10-08,17:00:00,losail,perez,red_bull,12,51,17,-10.0,8.333333333333334,4.666666666666667,3.6666666666666665
1115,16.0,11.0,2023,2023-10-08,17:00:00,losail,stroll,aston_martin,12,67,3,5.0,13.666666666666666,12.0,1.6666666666666667
1115,7.0,12.0,2023,2023-10-08,17:00:00,losail,gasly,alpine,12,17,2,-5.0,13.666666666666666,10.333333333333334,3.3333333333333335
1115,13.0,13.0,2023,2023-10-08,17:00:00,losail,albon,williams,12,1,22,0.0,8.0,8.666666666666666,-0.6666666666666666
1115,18.0,14.0,2023,2023-10-08,17:00:00,losail,kevin_magnussen,haas,12,30,7,4.0,13.333333333333334,14.333333333333334,-1.0
1115,11.0,15.0,2023,2023-10-08,17:00:00,losail,tsunoda,alphatauri,12,70,1,-4.0,12.333333333333334,12.333333333333334,0.0
1115,14.0,16.0,2023,2023-10-08,17:00:00,losail,hulkenberg,haas,12,26,7,-2.0,13.333333333333334,14.666666666666666,-1.3333333333333333
1115,17.0,17.0,2023,2023-10-08,17:00:00,losail,lawson,alphatauri,12,37,1,0.0,11.0,10.333333333333334,0.6666666666666666
1116,6.0,1.0,2023,2023-10-22,19:00:00,americas,max_verstappen,red_bull,1,43,17,5.0,4.333333333333333,2.3333333333333335,2.0
1116,2.0,2.0,2023,2023-10-22,19:00:00,americas,norris,mclaren,1,49,13,0.0,5.666666666666667,2.3333333333333335,3.3333333333333335
1116,4.0,3.0,2023,2023-10-22,19:00:00,americas,sainz,ferrari,1,63,5,1.0,2.6666666666666665,3.3333333333333335,-0.6666666666666666
1116,9.0,4.0,2023,2023-10-22,19:00:00,americas,perez,red_bull,1,51,17,5.0,6.0,6.666666666666667,-0.6666666666666666
1116,5.0,5.0,2023,2023-10-22,19:00:00,americas,russell,mercedes,1,62,14,0.0,4.0,9.0,-5.0
1116,7.0,6.0,2023,2023-10-22,19:00:00,americas,gasly,alpine,1,17,2,1.0,10.333333333333334,9.333333333333334,1.0
1116,0.0,7.0,2023,2023-10-22,19:00:00,americas,stroll,aston_martin,1,67,3,-7.0,15.666666666666666,12.666666666666666,3.0
1116,11.0,8.0,2023,2023-10-22,19:00:00,americas,tsunoda,alphatauri,1,70,1,3.0,12.333333333333334,14.0,-1.6666666666666667
1116,15.0,9.0,2023,2023-10-22,19:00:00,americas,albon,williams,1,1,22,6.0,11.0,10.333333333333334,0.6666666666666666
1116,16.0,10.0,2023,2023-10-22,19:00:00,americas,sargeant,williams,1,64,22,6.0,17.0,14.666666666666666,2.3333333333333335
1116,0.0,11.0,2023,2023-10-22,19:00:00,americas,hulkenberg,haas,1,26,7,-11.0,13.666666666666666,14.333333333333334,-0.6666666666666666
1116,13.0,12.0,2023,2023-10-22,19:00:00,americas,bottas,alfa,1,7,0,1.0,13.666666666666666,10.666666666666666,3.0
1116,12.0,13.0,2023,2023-10-22,19:00:00,americas,zhou,alfa,1,77,0,-1.0,12.666666666666666,11.333333333333334,1.3333333333333333
1116,0.0,14.0,2023,2023-10-22,19:00:00,americas,kevin_magnussen,haas,1,30,7,-14.0,13.0,13.0,0.0
1116,14.0,15.0,2023,2023-10-22,19:00:00,americas,ricciardo,alphatauri,1,58,1,-1.0,15.0,12.666666666666666,2.3333333333333335
1117,3.0,1.0,2023,2023-10-29,20:00:00,rodriguez,max_verstappen,red_bull,22,43,17,2.0,2.6666666666666665,1.0,1.6666666666666667
1117,6.0,2.0,2023,2023-10-29,20:00:00,rodriguez,hamilton,mercedes,22,23,14,4.0,6.666666666666667,4.666666666666667,2.0
1117,1.0,3.0,2023,2023-10-29,20:00:00,rodriguez,leclerc,ferrari,22,38,5,-2.0,4.0,4.333333333333333,-0.3333333333333333
1117,2.0,4.0,2023,2023-10-29,20:00:00,rodriguez,sainz,ferrari,22,63,5,-2.0,3.6666666666666665,3.3333333333333335,0.3333333333333333
1117,17.0,5.0,2023,2023-10-29,20:00:00,rodriguez,norris,mclaren,22,49,13,12.0,5.0,2.3333333333333335,2.6666666666666665
1117,8.0,6.0,2023,2023-10-29,20:00:00,rodriguez,russell,mercedes,22,62,14,2.0,5.0,5.333333333333333,-0.3333333333333333
1117,4.0,7.0,2023,2023-10-29,20:00:00,rodriguez,ricciardo,alphatauri,22,58,1,-3.0,15.333333333333334,14.666666666666666,0.6666666666666666
1117,7.0,8.0,2023,2023-10-29,20:00:00,rodriguez,piastri,mclaren,22,53,13,-1.0,8.333333333333334,4.0,4.333333333333333
1117,14.0,9.0,2023,2023-10-29,20:00:00,rodriguez,albon,williams,22,1,22,5.0,14.0,11.0,3.0
1117,15.0,10.0,2023,2023-10-29,20:00:00,rodriguez,ocon,alpine,22,50,2,5.0,12.666666666666666,8.666666666666666,4.0
1117,11.0,11.0,2023,2023-10-29,20:00:00,rodriguez,gasly,alpine,22,17,2,0.0,8.666666666666666,9.333333333333334,-0.6666666666666666
1117,18.0,12.0,2023,2023-10-29,20:00:00,rodriguez,tsunoda,alphatauri,22,70,1,6.0,10.333333333333334,11.666666666666666,-1.3333333333333333
1117,12.0,13.0,2023,2023-10-29,20:00:00,rodriguez,hulkenberg,haas,22,26,7,-1.0,10.666666666666666,13.666666666666666,-3.0
1117,10.0,14.0,2023,2023-10-29,20:00:00,rodriguez,zhou,alfa,22,77,0,-4.0,16.666666666666668,11.666666666666666,5.0
1117,9.0,15.0,2023,2023-10-29,20:00:00,rodriguez,bottas,alfa,22,7,0,-6.0,12.0,10.0,2.0
1117,19.0,16.0,2023,2023-10-29,20:00:00,rodriguez,sargeant,williams,22,64,22,3.0,16.333333333333332,12.333333333333334,4.0
1117,0.0,17.0,2023,2023-10-29,20:00:00,rodriguez,stroll,aston_martin,22,67,3,-17.0,12.0,11.333333333333334,0.6666666666666666
1118,1.0,1.0,2023,2023-11-05,17:00:00,interlagos,max_verstappen,red_bull,9,43,17,0.0,3.3333333333333335,1.0,2.3333333333333335
1118,6.0,2.0,2023,2023-11-05,17:00:00,interlagos,norris,mclaren,9,49,13,4.0,9.666666666666666,3.3333333333333335,6.333333333333333
1118,4.0,3.0,2023,2023-11-05,17:00:00,interlagos,alonso,aston_martin,9,3,3,1.0,7.0,9.666666666666666,-2.6666666666666665
1118,9.0,4.0,2023,2023-11-05,17:00:00,interlagos,perez,red_bull,9,51,17,5.0,7.333333333333333,7.333333333333333,0.0
1118,3.0,5.0,2023,2023-11-05,17:00:00,interlagos,stroll,aston_martin,9,67,3,-2.0,5.333333333333333,11.666666666666666,-6.333333333333333
1118,7.0,6.0,2023,2023-11-05,17:00:00,interlagos,sainz,ferrari,9,63,5,1.0,4.0,4.333333333333333,-0.3333333333333333
1118,15.0,7.0,2023,2023-11-05,17:00:00,interlagos,gasly,alpine,9,17,2,8.0,8.333333333333334,9.666666666666666,-1.3333333333333333
1118,5.0,8.0,2023,2023-11-05,17:00:00,interlagos,hamilton,mercedes,9,23,14,-3.0,6.0,3.3333333333333335,2.6666666666666665
1118,16.0,9.0,2023,2023-11-05,17:00:00,interlagos,tsunoda,alphatauri,9,70,1,7.0,13.333333333333334,11.666666666666666,1.6666666666666667
1118,14.0,10.0,2023,2023-11-05,17:00:00,interlagos,ocon,alpine,9,50,2,4.0,12.333333333333334,8.666666666666666,3.6666666666666665
1118,19.0,11.0,2023,2023-11-05,17:00:00,interlagos,sargeant,williams,9,64,22,8.0,17.666666666666668,13.333333333333334,4.333333333333333
1118,11.0,12.0,2023,2023-11-05,17:00:00,interlagos,hulkenberg,haas,9,26,7,-1.0,8.666666666666666,13.333333333333334,-4.666666666666667
1118,17.0,13.0,2023,2023-11-05,17:00:00,interlagos,ricciardo,alphatauri,9,58,1,4.0,12.333333333333334,12.666666666666666,-0.3333333333333333
1118,10.0,14.0,2023,2023-11-05,17:00:00,interlagos,piastri,mclaren,9,53,13,-4.0,5.0,4.333333333333333,0.6666666666666666
1119,2.0,1.0,2023,2023-11-19,06:00:00,vegas,max_verstappen,red_bull,30,43,17,1.0,3.3333333333333335,1.0,2.3333333333333335
1119,1.0,2.0,2023,2023-11-19,06:00:00,vegas,leclerc,ferrari,30,38,5,-1.0,3.3333333333333335,4.0,-0.6666666666666666
1119,11.0,3.0,2023,2023-11-19,06:00:00,vegas,perez,red_bull,30,51,17,8.0,6.0,6.0,0.0
1119,16.0,4.0,2023,2023-11-19,06:00:00,vegas,ocon,alpine,30,50,2,12.0,12.333333333333334,9.0,3.3333333333333335
1119,19.0,5.0,2023,2023-11-19,06:00:00,vegas,stroll,aston_martin,30,67,3,14.0,1.0,9.666666666666666,-8.666666666666666
1119,12.0,6.0,2023,2023-11-19,06:00:00,vegas,sainz,ferrari,30,63,5,6.0,4.333333333333333,4.333333333333333,0.0
1119,10.0,7.0,2023,2023-11-19,06:00:00,vegas,hamilton,mercedes,30,23,14,3.0,6.0,5.0,1.0
1119,3.0,8.0,2023,2023-11-19,06:00:00,vegas,russell,mercedes,30,62,14,-5.0,5.0,5.0,0.0
1119,9.0,9.0,2023,2023-11-19,06:00:00,vegas,alonso,aston_martin,30,3,3,0.0,6.0,5.666666666666667,0.3333333333333333
1119,18.0,10.0,2023,2023-11-19,06:00:00,vegas,piastri,mclaren,30,53,13,8.0,7.666666666666667,8.0,-0.3333333333333333
1119,4.0,11.0,2023,2023-11-19,06:00:00,vegas,gasly,alpine,30,17,2,-7.0,11.0,8.0,3.0
1119,5.0,12.0,2023,2023-11-19,06:00:00,vegas,albon,williams,30,1,22,-7.0,14.0,10.333333333333334,3.6666666666666665
1119,8.0,13.0,2023,2023-11-19,06:00:00,vegas,kevin_magnussen,haas,30,30,7,-5.0,11.0,14.333333333333334,-3.3333333333333335
1119,14.0,14.0,2023,2023-11-19,06:00:00,vegas,ricciardo,alphatauri,30,58,1,0.0,11.666666666666666,11.666666666666666,0.0
1119,17.0,15.0,2023,2023-11-19,06:00:00,vegas,zhou,alfa,30,77,0,2.0,13.666666666666666,12.0,1.6666666666666667
1119,6.0,16.0,2023,2023-11-19,06:00:00,vegas,sargeant,williams,30,64,22,-10.0,18.0,12.333333333333334,5.666666666666667
1119,7.0,17.0,2023,2023-11-19,06:00:00,vegas,bottas,alfa,30,7,0,-10.0,10.333333333333334,11.666666666666666,-1.3333333333333333
1119,20.0,18.0,2023,2023-11-19,06:00:00,vegas,tsunoda,alphatauri,30,70,1,2.0,15.0,9.666666666666666,5.333333333333333
1119,13.0,19.0,2023,2023-11-19,06:00:00,vegas,hulkenberg,haas,30,26,7,-6.0,7.666666666666667,12.0,-4.333333333333333
1120,1.0,1.0,2023,2023-11-26,13:00:00,yas_marina,max_verstappen,red_bull,32,43,17,0.0,2.0,1.0,1.0
1120,2.0,2.0,2023,2023-11-26,13:00:00,yas_marina,leclerc,ferrari,32,38,5,0.0,2.3333333333333335,3.3333333333333335,-1.0
1120,4.0,3.0,2023,2023-11-26,13:00:00,yas_marina,russell,mercedes,32,62,14,1.0,5.333333333333333,6.333333333333333,-1.0
1120,9.0,4.0,2023,2023-11-26,13:00:00,yas_marina,perez,red_bull,32,51,17,5.0,9.666666666666666,3.6666666666666665,6.0
1120,5.0,5.0,2023,2023-11-26,13:00:00,yas_marina,norris,mclaren,32,49,13,0.0,8.333333333333334,3.0,5.333333333333333
1120,3.0,6.0,2023,2023-11-26,13:00:00,yas_marina,piastri,mclaren,32,53,13,-3.0,11.666666666666666,10.666666666666666,1.0
1120,7.0,7.0,2023,2023-11-26,13:00:00,yas_marina,alonso,aston_martin,32,3,3,0.0,5.666666666666667,6.0,-0.3333333333333333
1120,6.0,8.0,2023,2023-11-26,13:00:00,yas_marina,tsunoda,alphatauri,32,70,1,-2.0,18.0,13.0,5.0
1120,11.0,9.0,2023,2023-11-26,13:00:00,yas_marina,hamilton,mercedes,32,23,14,2.0,7.0,5.666666666666667,1.3333333333333333
1120,13.0,10.0,2023,2023-11-26,13:00:00,yas_marina,stroll,aston_martin,32,67,3,3.0,7.333333333333333,9.0,-1.6666666666666667
1120,15.0,11.0,2023,2023-11-26,13:00:00,yas_marina,ricciardo,alphatauri,32,58,1,4.0,11.666666666666666,11.333333333333334,0.3333333333333333
1120,12.0,12.0,2023,2023-11-26,13:00:00,yas_marina,ocon,alpine,32,50,2,0.0,15.0,8.0,7.0
1120,10.0,13.0,2023,2023-11-26,13:00:00,yas_marina,gasly,alpine,32,17,2,-3.0,10.0,9.666666666666666,0.3333333333333333
1120,14.0,14.0,2023,2023-11-26,13:00:00,yas_marina,albon,williams,32,1,22,0.0,11.333333333333334,10.0,1.3333333333333333
1120,8.0,15.0,2023,2023-11-26,13:00:00,yas_marina,hulkenberg,haas,32,26,7,-7.0,12.0,14.666666666666666,-2.6666666666666665
1120,20.0,16.0,2023,2023-11-26,13:00:00,yas_marina,sargeant,williams,32,64,22,4.0,14.666666666666666,14.333333333333334,0.3333333333333333
1120,19.0,17.0,2023,2023-11-26,13:00:00,yas_marina,zhou,alfa,32,77,0,2.0,13.0,14.0,-1.0
1120,16.0,18.0,2023,2023-11-26,13:00:00,yas_marina,sainz,ferrari,32,63,5,-2.0,7.0,5.333333333333333,1.6666666666666667
1120,18.0,19.0,2023,2023-11-26,13:00:00,yas_marina,bottas,alfa,32,7,0,-1.0,9.666666666666666,14.666666666666666,-5.0
1120,17.0,20.0,2023,2023-11-26,13:00:00,yas_marina,kevin_magnussen,haas,32,30,7,-3.0,8.666666666666666,13.666666666666666,-5.0
1121,1.0,1.0,2024,2024-03-02,15:00:00,bahrain,max_verstappen,red_bull,2,43,17,0.0,1.3333333333333333,1.0,0.3333333333333333
1121,5.0,2.0,2024,2024-03-02,15:00:00,bahrain,perez,red_bull,2,51,17,3.0,9.666666666666666,3.6666666666666665,6.0
1121,4.0,3.0,2024,2024-03-02,15:00:00,bahrain,sainz,ferrari,2,63,5,1.0,11.666666666666666,10.0,1.6666666666666667
1121,2.0,4.0,2024,2024-03-02,15:00:00,bahrain,leclerc,ferrari,2,38,5,-2.0,1.3333333333333333,2.3333333333333335,-1.0
1121,3.0,5.0,2024,2024-03-02,15:00:00,bahrain,russell,mercedes,2,62,14,-2.0,5.0,5.666666666666667,-0.6666666666666666
1121,7.0,6.0,2024,2024-03-02,15:00:00,bahrain,norris,mclaren,2,49,13,1.0,9.333333333333334,4.0,5.333333333333333
1121,9.0,7.0,2024,2024-03-02,15:00:00,bahrain,hamilton,mercedes,2,23,14,2.0,8.666666666666666,8.0,0.6666666666666666
1121,8.0,8.0,2024,2024-03-02,15:00:00,bahrain,piastri,mclaren,2,53,13,0.0,10.333333333333334,10.0,0.3333333333333333
1121,6.0,9.0,2024,2024-03-02,15:00:00,bahrain,alonso,aston_martin,2,3,3,-3.0,6.666666666666667,6.333333333333333,0.3333333333333333
1121,12.0,10.0,2024,2024-03-02,15:00:00,bahrain,stroll,aston_martin,2,67,3,2.0,11.666666666666666,6.666666666666667,5.0
1121,17.0,11.0,2024,2024-03-02,15:00:00,bahrain,zhou,sauber,2,77,19,6.0,15.333333333333334,15.333333333333334,0.0
1121,15.0,12.0,2024,2024-03-02,15:00:00,bahrain,kevin_magnussen,haas,2,30,7,3.0,8.333333333333334,15.666666666666666,-7.333333333333333
1121,14.0,13.0,2024,2024-03-02,15:00:00,bahrain,ricciardo,rb,2,58,16,1.0,15.333333333333334,12.666666666666666,2.6666666666666665
1121,11.0,14.0,2024,2024-03-02,15:00:00,bahrain,tsunoda,rb,2,70,16,-3.0,14.0,11.666666666666666,2.3333333333333335
1121,13.0,15.0,2024,2024-03-02,15:00:00,bahrain,albon,williams,2,1,22,-2.0,11.0,11.666666666666666,-0.6666666666666666
1121,10.0,16.0,2024,2024-03-02,15:00:00,bahrain,hulkenberg,haas,2,26,7,-6.0,10.666666666666666,15.333333333333334,-4.666666666666667
1121,19.0,17.0,2024,2024-03-02,15:00:00,bahrain,ocon,alpine,2,50,2,2.0,14.0,8.666666666666666,5.333333333333333
1121,20.0,18.0,2024,2024-03-02,15:00:00,bahrain,gasly,alpine,2,17,2,2.0,9.666666666666666,10.333333333333334,-0.6666666666666666
1121,16.0,19.0,2024,2024-03-02,15:00:00,bahrain,bottas,sauber,2,7,19,-3.0,11.333333333333334,17.0,-5.666666666666667
1121,18.0,20.0,2024,2024-03-02,15:00:00,bahrain,sargeant,williams,2,64,22,-2.0,15.0,14.333333333333334,0.6666666666666666
1122,1.0,1.0,2024,2024-03-09,17:00:00,jeddah,max_verstappen,red_bull,11,43,17,0.0,1.3333333333333333,1.0,0.3333333333333333
1122,3.0,2.0,2024,2024-03-09,17:00:00,jeddah,perez,red_bull,11,51,17,1.0,8.333333333333334,3.0,5.333333333333333
1122,2.0,3.0,2024,2024-03-09,17:00:00,jeddah,leclerc,ferrari,11,38,5,-1.0,1.6666666666666667,2.6666666666666665,-1.0
1122,5.0,4.0,2024,2024-03-09,17:00:00,jeddah,piastri,mclaren,11,53,13,1.0,9.666666666666666,8.0,1.6666666666666667
1122,4.0,5.0,2024,2024-03-09,17:00:00,jeddah,alonso,aston_martin,11,3,3,-1.0,7.333333333333333,8.333333333333334,-1.0
1122,7.0,6.0,2024,2024-03-09,17:00:00,jeddah,russell,mercedes,11,62,14,1.0,3.3333333333333335,5.333333333333333,-2.0
1122,11.0,7.0,2024,2024-03-09,17:00:00,jeddah,bearman,ferrari,11,6,5,4.0,,,
1122,6.0,8.0,2024,2024-03-09,17:00:00,jeddah,norris,mclaren,11,49,13,-2.0,6.0,4.333333333333333,1.6666666666666667
1122,8.0,9.0,2024,2024-03-09,17:00:00,jeddah,hamilton,mercedes,11,23,14,-1.0,10.0,7.666666666666667,2.3333333333333335
1122,15.0,10.0,2024,2024-03-09,17:00:00,jeddah,hulkenberg,haas,11,26,7,5.0,10.333333333333334,16.666666666666668,-6.333333333333333
1122,12.0,11.0,2024,2024-03-09,17:00:00,jeddah,albon,williams,11,1,22,1.0,10.666666666666666,13.666666666666666,-3.0
1122,13.0,12.0,2024,2024-03-09,17:00:00,jeddah,kevin_magnussen,haas,11,30,7,1.0,13.333333333333334,15.0,-1.6666666666666667
1122,17.0,13.0,2024,2024-03-09,17:00:00,jeddah,ocon,alpine,11,50,2,4.0,15.666666666666666,11.0,4.666666666666667
1122,19.0,14.0,2024,2024-03-09,17:00:00,jeddah,sargeant,williams,11,64,22,5.0,14.666666666666666,17.333333333333332,-2.6666666666666665
1122,9.0,15.0,2024,2024-03-09,17:00:00,jeddah,tsunoda,rb,11,70,16,-6.0,12.333333333333334,13.333333333333334,-1.0
1122,14.0,16.0,2024,2024-03-09,17:00:00,jeddah,ricciardo,rb,11,58,16,-2.0,14.333333333333334,12.666666666666666,1.6666666666666667
1122,16.0,17.0,2024,2024-03-09,17:00:00,jeddah,bottas,sauber,11,7,19,-1.0,13.666666666666666,18.333333333333332,-4.666666666666667
1122,20.0,18.0,2024,2024-03-09,17:00:00,jeddah,zhou,sauber,11,77,19,2.0,17.666666666666668,14.333333333333334,3.3333333333333335
1123,2.0,1.0,2024,2024-03-24,04:00:00,albert_park,sainz,ferrari,0,63,5,1.0,10.666666666666666,9.0,1.6666666666666667
1123,4.0,2.0,2024,2024-03-24,04:00:00,albert_park,leclerc,ferrari,0,38,5,2.0,2.0,3.0,-1.0
1123,3.0,3.0,2024,2024-03-24,04:00:00,albert_park,norris,mclaren,0,49,13,0.0,6.0,6.333333333333333,-0.3333333333333333
1123,5.0,4.0,2024,2024-03-24,04:00:00,albert_park,piastri,mclaren,0,53,13,1.0,5.333333333333333,6.0,-0.6666666666666666
1123,6.0,5.0,2024,2024-03-24,04:00:00,albert_park,perez,red_bull,0,51,17,1.0,5.666666666666667,2.6666666666666665,3.0
1123,9.0,6.0,2024,2024-03-24,04:00:00,albert_park,stroll,aston_martin,0,67,3,3.0,14.666666666666666,8.333333333333334,6.333333333333333
1123,8.0,7.0,2024,2024-03-24,04:00:00,albert_park,tsunoda,rb,0,70,16,1.0,8.666666666666666,12.333333333333334,-3.6666666666666665
1123,10.0,8.0,2024,2024-03-24,04:00:00,albert_park,alonso,aston_martin,0,3,3,2.0,5.666666666666667,7.0,-1.3333333333333333
1123,16.0,9.0,2024,2024-03-24,04:00:00,albert_park,hulkenberg,haas,0,26,7,7.0,11.0,13.666666666666666,-2.6666666666666665
1123,14.0,10.0,2024,2024-03-24,04:00:00,albert_park,kevin_magnussen,haas,0,30,7,4.0,15.0,14.666666666666666,0.3333333333333333
1123,12.0,11.0,2024,2024-03-24,04:00:00,albert_park,albon,williams,0,1,22,1.0,13.0,13.333333333333334,-0.3333333333333333
1123,18.0,12.0,2024,2024-03-24,04:00:00,albert_park,ricciardo,rb,0,58,16,6.0,14.333333333333334,13.333333333333334,1.0
1123,17.0,13.0,2024,2024-03-24,04:00:00,albert_park,gasly,alpine,0,17,2,4.0,11.333333333333334,14.0,-2.6666666666666665
1123,13.0,14.0,2024,2024-03-24,04:00:00,albert_park,bottas,sauber,0,7,19,-1.0,16.666666666666668,18.333333333333332,-1.6666666666666667
1123,19.0,15.0,2024,2024-03-24,04:00:00,albert_park,zhou,sauber,0,77,19,4.0,18.666666666666668,15.333333333333334,3.3333333333333335
1123,15.0,16.0,2024,2024-03-24,04:00:00,albert_park,ocon,alpine,0,50,2,-1.0,16.0,14.0,2.0
1123,7.0,17.0,2024,2024-03-24,04:00:00,albert_park,russell,mercedes,0,62,14,-10.0,4.666666666666667,4.666666666666667,0.0
1124,1.0,1.0,2024,2024-04-07,05:00:00,suzuka,max_verstappen,red_bull,28,43,17,0.0,1.0,1.0,0.0
1124,2.0,2.0,2024,2024-04-07,05:00:00,suzuka,perez,red_bull,28,51,17,0.0,4.666666666666667,3.0,1.6666666666666667
1124,4.0,3.0,2024,2024-04-07,05:00:00,suzuka,sainz,ferrari,28,63,5,1.0,7.333333333333333,7.333333333333333,0.0
1124,8.0,4.0,2024,2024-04-07,05:00:00,suzuka,leclerc,ferrari,28,38,5,4.0,2.6666666666666665,3.0,-0.3333333333333333
1124,3.0,5.0,2024,2024-04-07,05:00:00,suzuka,norris,mclaren,28,49,13,-2.0,5.333333333333333,5.666666666666667,-0.3333333333333333
1124,5.0,6.0,2024,2024-04-07,05:00:00,suzuka,alonso,aston_martin,28,3,3,-1.0,6.666666666666667,7.333333333333333,-0.6666666666666666
1124,9.0,7.0,2024,2024-04-07,05:00:00,suzuka,russell,mercedes,28,62,14,2.0,5.666666666666667,9.333333333333334,-3.6666666666666665
1124,6.0,8.0,2024,2024-04-07,05:00:00,suzuka,piastri,mclaren,28,53,13,-2.0,6.0,5.333333333333333,0.6666666666666666
1124,7.0,9.0,2024,2024-04-07,05:00:00,suzuka,hamilton,mercedes,28,23,14,-2.0,9.333333333333334,8.333333333333334,1.0
1124,10.0,10.0,2024,2024-04-07,05:00:00,suzuka,tsunoda,rb,28,70,16,0.0,9.333333333333334,12.0,-2.6666666666666665
1124,12.0,11.0,2024,2024-04-07,05:00:00,suzuka,hulkenberg,haas,28,26,7,1.0,13.666666666666666,11.666666666666666,2.0
1124,16.0,12.0,2024,2024-04-07,05:00:00,suzuka,stroll,aston_martin,28,67,3,4.0,11.333333333333334,8.666666666666666,2.6666666666666665
1124,18.0,13.0,2024,2024-04-07,05:00:00,suzuka,kevin_magnussen,haas,28,30,7,5.0,14.0,11.333333333333334,2.6666666666666665
1124,13.0,14.0,2024,2024-04-07,05:00:00,suzuka,bottas,sauber,28,7,19,-1.0,15.0,16.666666666666668,-1.6666666666666667
1124,15.0,15.0,2024,2024-04-07,05:00:00,suzuka,ocon,alpine,28,50,2,0.0,17.0,15.333333333333334,1.6666666666666667
1124,17.0,16.0,2024,2024-04-07,05:00:00,suzuka,gasly,alpine,28,17,2,1.0,15.666666666666666,14.666666666666666,1.0
1124,19.0,17.0,2024,2024-04-07,05:00:00,suzuka,sargeant,williams,28,64,22,2.0,19.0,16.666666666666668,2.3333333333333335
1125,1.0,1.0,2024,2024-04-21,07:00:00,shanghai,max_verstappen,red_bull,24,43,17,0.0,1.0,1.0,0.0
1125,4.0,2.0,2024,2024-04-21,07:00:00,shanghai,norris,mclaren,24,49,13,2.0,4.0,5.333333333333333,-1.3333333333333333
1125,2.0,3.0,2024,2024-04-21,07:00:00,shanghai,perez,red_bull,24,51,17,-1.0,3.6666666666666665,3.0,0.6666666666666666
1125,6.0,4.0,2024,2024-04-21,07:00:00,shanghai,leclerc,ferrari,24,38,5,2.0,4.666666666666667,3.0,1.6666666666666667
1125,7.0,5.0,2024,2024-04-21,07:00:00,shanghai,sainz,ferrari,24,63,5,2.0,3.3333333333333335,2.3333333333333335,1.0
1125,8.0,6.0,2024,2024-04-21,07:00:00,shanghai,russell,mercedes,24,62,14,2.0,7.666666666666667,10.0,-2.3333333333333335
1125,3.0,7.0,2024,2024-04-21,07:00:00,shanghai,alonso,aston_martin,24,3,3,-4.0,6.333333333333333,6.333333333333333,0.0
1125,5.0,8.0,2024,2024-04-21,07:00:00,shanghai,piastri,mclaren,24,53,13,-3.0,5.333333333333333,5.333333333333333,0.0
1125,18.0,9.0,2024,2024-04-21,07:00:00,shanghai,hamilton,mercedes,24,23,14,9.0,8.0,8.333333333333334,-0.3333333333333333
1125,9.0,10.0,2024,2024-04-21,07:00:00,shanghai,hulkenberg,haas,24,26,7,-1.0,14.333333333333334,10.0,4.333333333333333
1125,13.0,11.0,2024,2024-04-21,07:00:00,shanghai,ocon,alpine,24,50,2,2.0,15.666666666666666,14.666666666666666,1.0
1125,14.0,12.0,2024,2024-04-21,07:00:00,shanghai,albon,williams,24,1,22,2.0,12.333333333333334,12.333333333333334,0.0
1125,15.0,13.0,2024,2024-04-21,07:00:00,shanghai,gasly,alpine,24,17,2,2.0,18.0,15.666666666666666,2.3333333333333335
1125,16.0,14.0,2024,2024-04-21,07:00:00,shanghai,zhou,sauber,24,77,19,2.0,18.666666666666668,14.666666666666666,4.0
1125,11.0,15.0,2024,2024-04-21,07:00:00,shanghai,stroll,aston_martin,24,67,3,-4.0,12.333333333333334,9.333333333333334,3.0
1125,17.0,16.0,2024,2024-04-21,07:00:00,shanghai,kevin_magnussen,haas,24,30,7,1.0,15.0,11.666666666666666,3.3333333333333335
1125,20.0,17.0,2024,2024-04-21,07:00:00,shanghai,sargeant,williams,24,64,22,3.0,18.666666666666668,17.0,1.6666666666666667
1126,5.0,1.0,2024,2024-05-05,20:00:00,miami,norris,mclaren,14,49,13,4.0,3.3333333333333335,3.3333333333333335,0.0
1126,1.0,2.0,2024,2024-05-05,20:00:00,miami,max_verstappen,red_bull,14,43,17,-1.0,1.0,1.0,0.0
1126,2.0,3.0,2024,2024-05-05,20:00:00,miami,leclerc,ferrari,14,38,5,-1.0,6.0,3.3333333333333335,2.6666666666666665
1126,4.0,4.0,2024,2024-05-05,20:00:00,miami,perez,red_bull,14,51,17,0.0,3.3333333333333335,3.3333333333333335,0.0
1126,3.0,5.0,2024,2024-05-05,20:00:00,miami,sainz,ferrari,14,63,5,-2.0,4.333333333333333,3.0,1.3333333333333333
1126,8.0,6.0,2024,2024-05-05,20:00:00,miami,hamilton,mercedes,14,23,14,2.0,11.0,9.0,2.0
1126,10.0,7.0,2024,2024-05-05,20:00:00,miami,tsunoda,rb,14,70,16,3.0,9.0,10.666666666666666,-1.6666666666666667
1126,7.0,8.0,2024,2024-05-05,20:00:00,miami,russell,mercedes,14,62,14,-1.0,8.0,10.0,-2.0
1126,15.0,9.0,2024,2024-05-05,20:00:00,miami,alonso,aston_martin,14,3,3,6.0,6.0,7.0,-1.0
1126,13.0,10.0,2024,2024-05-05,20:00:00,miami,ocon,alpine,14,50,2,3.0,14.333333333333334,14.0,0.3333333333333333
1126,9.0,11.0,2024,2024-05-05,20:00:00,miami,hulkenberg,haas,14,26,7,-2.0,12.333333333333334,10.0,2.3333333333333335
1126,12.0,12.0,2024,2024-05-05,20:00:00,miami,gasly,alpine,14,17,2,0.0,16.333333333333332,14.0,2.3333333333333335
1126,6.0,13.0,2024,2024-05-05,20:00:00,miami,piastri,mclaren,14,53,13,-7.0,5.333333333333333,6.666666666666667,-1.3333333333333333
1126,19.0,14.0,2024,2024-05-05,20:00:00,miami,zhou,sauber,14,77,19,5.0,18.333333333333332,15.666666666666666,2.6666666666666665
1126,20.0,15.0,2024,2024-05-05,20:00:00,miami,ricciardo,rb,14,58,16,5.0,15.333333333333334,13.666666666666666,1.6666666666666667
1126,16.0,16.0,2024,2024-05-05,20:00:00,miami,bottas,sauber,14,7,19,0.0,14.0,15.0,-1.0
1126,11.0,17.0,2024,2024-05-05,20:00:00,miami,stroll,aston_martin,14,67,3,-6.0,12.0,11.0,1.0
1126,14.0,18.0,2024,2024-05-05,20:00:00,miami,albon,williams,14,1,22,-4.0,12.666666666666666,11.333333333333334,1.3333333333333333
1126,18.0,19.0,2024,2024-05-05,20:00:00,miami,kevin_magnussen,haas,14,30,7,-1.0,16.333333333333332,13.0,3.3333333333333335
1127,1.0,1.0,2024,2024-05-19,13:00:00,imola,max_verstappen,red_bull,8,43,17,0.0,1.0,1.3333333333333333,-0.3333333333333333
1127,2.0,2.0,2024,2024-05-19,13:00:00,imola,norris,mclaren,8,49,13,0.0,4.0,2.6666666666666665,1.3333333333333333
1127,3.0,3.0,2024,2024-05-19,13:00:00,imola,leclerc,ferrari,8,38,5,0.0,5.333333333333333,3.6666666666666665,1.6666666666666667
1127,5.0,4.0,2024,2024-05-19,13:00:00,imola,piastri,mclaren,8,53,13,1.0,5.666666666666667,9.666666666666666,-4.0
1127,4.0,5.0,2024,2024-05-19,13:00:00,imola,sainz,ferrari,8,63,5,-1.0,4.666666666666667,4.333333333333333,0.3333333333333333
1127,8.0,6.0,2024,2024-05-19,13:00:00,imola,hamilton,mercedes,8,23,14,2.0,11.0,8.0,3.0
1127,6.0,7.0,2024,2024-05-19,13:00:00,imola,russell,mercedes,8,62,14,-1.0,8.0,7.0,1.0
1127,11.0,8.0,2024,2024-05-19,13:00:00,imola,perez,red_bull,8,51,17,3.0,2.6666666666666665,3.0,-0.3333333333333333
1127,13.0,9.0,2024,2024-05-19,13:00:00,imola,stroll,aston_martin,8,67,3,4.0,12.666666666666666,14.666666666666666,-2.0
1127,7.0,10.0,2024,2024-05-19,13:00:00,imola,tsunoda,rb,8,70,16,-3.0,9.333333333333334,8.0,1.3333333333333333
1127,10.0,11.0,2024,2024-05-19,13:00:00,imola,hulkenberg,haas,8,26,7,-1.0,10.0,10.666666666666666,-0.6666666666666666
1127,18.0,12.0,2024,2024-05-19,13:00:00,imola,kevin_magnussen,haas,8,30,7,6.0,17.666666666666668,16.0,1.6666666666666667
1127,9.0,13.0,2024,2024-05-19,13:00:00,imola,ricciardo,rb,8,58,16,-4.0,17.333333333333332,14.333333333333334,3.0
1127,12.0,14.0,2024,2024-05-19,13:00:00,imola,ocon,alpine,8,50,2,-2.0,13.666666666666666,12.0,1.6666666666666667
1127,17.0,15.0,2024,2024-05-19,13:00:00,imola,zhou,sauber,8,77,19,2.0,18.0,14.333333333333334,3.6666666666666665
1127,15.0,16.0,2024,2024-05-19,13:00:00,imola,gasly,alpine,8,17,2,-1.0,14.666666666666666,13.666666666666666,1.0
1127,19.0,17.0,2024,2024-05-19,13:00:00,imola,sargeant,williams,8,64,22,2.0,19.333333333333332,16.0,3.3333333333333335
1127,16.0,18.0,2024,2024-05-19,13:00:00,imola,bottas,sauber,8,7,19,-2.0,14.0,14.666666666666666,-0.6666666666666666
1127,20.0,19.0,2024,2024-05-19,13:00:00,imola,alonso,aston_martin,8,3,3,1.0,7.666666666666667,7.333333333333333,0.3333333333333333
1128,1.0,1.0,2024,2024-05-26,13:00:00,monaco,leclerc,ferrari,15,38,5,0.0,3.6666666666666665,3.3333333333333335,0.3333333333333333
1128,2.0,2.0,2024,2024-05-26,13:00:00,monaco,piastri,mclaren,15,53,13,0.0,5.333333333333333,8.333333333333334,-3.0
1128,3.0,3.0,2024,2024-05-26,13:00:00,monaco,sainz,ferrari,15,63,5,0.0,4.666666666666667,5.0,-0.3333333333333333
1128,4.0,4.0,2024,2024-05-26,13:00:00,monaco,norris,mclaren,15,49,13,0.0,3.6666666666666665,1.6666666666666667,2.0
1128,5.0,5.0,2024,2024-05-26,13:00:00,monaco,russell,mercedes,15,62,14,0.0,7.0,7.0,0.0
1128,6.0,6.0,2024,2024-05-26,13:00:00,monaco,max_verstappen,red_bull,15,43,17,0.0,1.0,1.3333333333333333,-0.3333333333333333
1128,7.0,7.0,2024,2024-05-26,13:00:00,monaco,hamilton,mercedes,15,23,14,0.0,11.333333333333334,7.0,4.333333333333333
1128,8.0,8.0,2024,2024-05-26,13:00:00,monaco,tsunoda,rb,15,70,16,0.0,9.0,9.0,0.0
1128,9.0,9.0,2024,2024-05-26,13:00:00,monaco,albon,williams,15,1,22,0.0,13.333333333333334,13.666666666666666,-0.3333333333333333
1128,10.0,10.0,2024,2024-05-26,13:00:00,monaco,gasly,alpine,15,17,2,0.0,14.0,13.666666666666666,0.3333333333333333
1128,14.0,11.0,2024,2024-05-26,13:00:00,monaco,alonso,aston_martin,15,3,3,3.0,12.666666666666666,11.666666666666666,1.0
1128,12.0,12.0,2024,2024-05-26,13:00:00,monaco,ricciardo,rb,15,58,16,0.0,15.666666666666666,13.333333333333334,2.3333333333333335
1128,17.0,13.0,2024,2024-05-26,13:00:00,monaco,bottas,sauber,15,7,19,4.0,15.0,16.0,-1.0
1128,13.0,14.0,2024,2024-05-26,13:00:00,monaco,stroll,aston_martin,15,67,3,-1.0,11.666666666666666,13.666666666666666,-2.0
1128,15.0,15.0,2024,2024-05-26,13:00:00,monaco,sargeant,williams,15,64,22,0.0,19.333333333333332,17.0,2.3333333333333335
1128,18.0,16.0,2024,2024-05-26,13:00:00,monaco,zhou,sauber,15,77,19,2.0,17.333333333333332,14.333333333333334,3.0
1129,2.0,1.0,2024,2024-06-09,18:00:00,villeneuve,max_verstappen,red_bull,31,43,17,1.0,2.6666666666666665,3.0,-0.3333333333333333
1129,3.0,2.0,2024,2024-06-09,18:00:00,villeneuve,norris,mclaren,31,49,13,1.0,3.6666666666666665,2.3333333333333335,1.3333333333333333
1129,1.0,3.0,2024,2024-06-09,18:00:00,villeneuve,russell,mercedes,31,62,14,-2.0,6.0,6.666666666666667,-0.6666666666666666
1129,7.0,4.0,2024,2024-06-09,18:00:00,villeneuve,hamilton,mercedes,31,23,14,3.0,7.666666666666667,6.333333333333333,1.3333333333333333
1129,4.0,5.0,2024,2024-06-09,18:00:00,villeneuve,piastri,mclaren,31,53,13,-1.0,4.333333333333333,6.333333333333333,-2.0
1129,6.0,6.0,2024,2024-06-09,18:00:00,villeneuve,alonso,aston_martin,31,3,3,0.0,16.333333333333332,13.0,3.3333333333333335
1129,9.0,7.0,2024,2024-06-09,18:00:00,villeneuve,stroll,aston_martin,31,67,3,2.0,12.333333333333334,13.333333333333334,-1.0
1129,5.0,8.0,2024,2024-06-09,18:00:00,villeneuve,ricciardo,rb,31,58,16,-3.0,13.666666666666666,13.333333333333334,0.3333333333333333
1129,15.0,9.0,2024,2024-06-09,18:00:00,villeneuve,gasly,alpine,31,17,2,6.0,12.333333333333334,12.666666666666666,-0.3333333333333333
1129,18.0,10.0,2024,2024-06-09,18:00:00,villeneuve,ocon,alpine,31,50,2,8.0,12.666666666666666,11.666666666666666,1.0
1129,17.0,11.0,2024,2024-06-09,18:00:00,villeneuve,hulkenberg,haas,31,26,7,6.0,9.333333333333334,10.666666666666666,-1.3333333333333333
1129,14.0,12.0,2024,2024-06-09,18:00:00,villeneuve,kevin_magnussen,haas,31,30,7,2.0,17.666666666666668,15.666666666666666,2.0
1129,0.0,13.0,2024,2024-06-09,18:00:00,villeneuve,bottas,sauber,31,7,19,-13.0,16.333333333333332,15.666666666666666,0.6666666666666666
1129,8.0,14.0,2024,2024-06-09,18:00:00,villeneuve,tsunoda,rb,31,70,16,-6.0,8.333333333333334,8.333333333333334,0.0
1129,0.0,15.0,2024,2024-06-09,18:00:00,villeneuve,zhou,sauber,31,77,19,-15.0,18.0,15.0,3.0
1130,2.0,1.0,2024,2024-06-23,13:00:00,catalunya,max_verstappen,red_bull,5,43,17,1.0,3.0,2.6666666666666665,0.3333333333333333
1130,1.0,2.0,2024,2024-06-23,13:00:00,catalunya,norris,mclaren,5,49,13,-1.0,3.0,2.6666666666666665,0.3333333333333333
1130,3.0,3.0,2024,2024-06-23,13:00:00,catalunya,hamilton,mercedes,5,23,14,0.0,7.333333333333333,5.666666666666667,1.6666666666666667
1130,4.0,4.0,2024,2024-06-23,13:00:00,catalunya,russell,mercedes,5,62,14,0.0,4.0,5.0,-1.0
1130,5.0,5.0,2024,2024-06-23,13:00:00,catalunya,leclerc,ferrari,5,38,5,0.0,2.0,2.3333333333333335,-0.3333333333333333
1130,6.0,6.0,2024,2024-06-23,13:00:00,catalunya,sainz,ferrari,5,63,5,0.0,3.3333333333333335,4.333333333333333,-1.0
1130,9.0,7.0,2024,2024-06-23,13:00:00,catalunya,piastri,mclaren,5,53,13,2.0,3.6666666666666665,3.6666666666666665,0.0
1130,11.0,8.0,2024,2024-06-23,13:00:00,catalunya,perez,red_bull,5,51,17,3.0,5.666666666666667,5.0,0.6666666666666666
1130,7.0,9.0,2024,2024-06-23,13:00:00,catalunya,gasly,alpine,5,17,2,-2.0,13.333333333333334,11.666666666666666,1.6666666666666667
1130,8.0,10.0,2024,2024-06-23,13:00:00,catalunya,ocon,alpine,5,50,2,-2.0,14.333333333333334,11.333333333333334,3.0
1130,13.0,11.0,2024,2024-06-23,13:00:00,catalunya,hulkenberg,haas,5,26,7,2.0,12.0,11.0,1.0
1130,10.0,12.0,2024,2024-06-23,13:00:00,catalunya,alonso,aston_martin,5,3,3,-2.0,13.333333333333334,12.0,1.3333333333333333
1130,15.0,13.0,2024,2024-06-23,13:00:00,catalunya,zhou,sauber,5,77,19,2.0,11.666666666666666,15.333333333333334,-3.6666666666666665
1130,14.0,14.0,2024,2024-06-23,13:00:00,catalunya,stroll,aston_martin,5,67,3,0.0,11.666666666666666,10.0,1.6666666666666667
1130,18.0,15.0,2024,2024-06-23,13:00:00,catalunya,ricciardo,rb,5,58,16,3.0,8.666666666666666,11.0,-2.3333333333333335
1130,12.0,16.0,2024,2024-06-23,13:00:00,catalunya,bottas,sauber,5,7,19,-4.0,11.0,14.666666666666666,-3.6666666666666665
1130,16.0,17.0,2024,2024-06-23,13:00:00,catalunya,kevin_magnussen,haas,5,30,7,-1.0,16.666666666666668,14.333333333333334,2.3333333333333335
1130,0.0,18.0,2024,2024-06-23,13:00:00,catalunya,albon,williams,5,1,22,-18.0,12.333333333333334,13.0,-0.6666666666666666
1130,17.0,19.0,2024,2024-06-23,13:00:00,catalunya,tsunoda,rb,5,70,16,-2.0,7.666666666666667,10.666666666666666,-3.0
1130,19.0,20.0,2024,2024-06-23,13:00:00,catalunya,sargeant,williams,5,64,22,-1.0,18.0,16.333333333333332,1.6666666666666667
1131,3.0,1.0,2024,2024-06-30,13:00:00,red_bull_ring,russell,mercedes,20,62,14,2.0,3.3333333333333335,4.0,-0.6666666666666666
1131,7.0,2.0,2024,2024-06-30,13:00:00,red_bull_ring,piastri,mclaren,20,53,13,5.0,5.0,4.666666666666667,0.3333333333333333
1131,4.0,3.0,2024,2024-06-30,13:00:00,red_bull_ring,sainz,ferrari,20,63,5,1.0,4.333333333333333,4.666666666666667,-0.3333333333333333
1131,5.0,4.0,2024,2024-06-30,13:00:00,red_bull_ring,hamilton,mercedes,20,23,14,1.0,5.666666666666667,4.666666666666667,1.0
1131,1.0,5.0,2024,2024-06-30,13:00:00,red_bull_ring,max_verstappen,red_bull,20,43,17,-4.0,3.3333333333333335,2.6666666666666665,0.6666666666666666
1131,9.0,6.0,2024,2024-06-30,13:00:00,red_bull_ring,hulkenberg,haas,20,26,7,3.0,13.333333333333334,11.0,2.3333333333333335
1131,8.0,7.0,2024,2024-06-30,13:00:00,red_bull_ring,perez,red_bull,20,51,17,1.0,8.666666666666666,6.666666666666667,2.0
1131,12.0,8.0,2024,2024-06-30,13:00:00,red_bull_ring,kevin_magnussen,haas,20,30,7,4.0,16.0,13.666666666666666,2.3333333333333335
1131,11.0,9.0,2024,2024-06-30,13:00:00,red_bull_ring,ricciardo,rb,20,58,16,2.0,11.666666666666666,11.666666666666666,0.0
1131,13.0,10.0,2024,2024-06-30,13:00:00,red_bull_ring,gasly,alpine,20,17,2,3.0,10.666666666666666,9.333333333333334,1.3333333333333333
1131,6.0,11.0,2024,2024-06-30,13:00:00,red_bull_ring,leclerc,ferrari,20,38,5,-5.0,3.0,3.0,0.0
1131,10.0,12.0,2024,2024-06-30,13:00:00,red_bull_ring,ocon,alpine,20,50,2,-2.0,12.666666666666666,11.333333333333334,1.3333333333333333
1131,17.0,13.0,2024,2024-06-30,13:00:00,red_bull_ring,stroll,aston_martin,20,67,3,4.0,12.0,11.666666666666666,0.3333333333333333
1131,14.0,14.0,2024,2024-06-30,13:00:00,red_bull_ring,tsunoda,rb,20,70,16,0.0,11.0,13.666666666666666,-2.6666666666666665
1131,16.0,15.0,2024,2024-06-30,13:00:00,red_bull_ring,albon,williams,20,1,22,1.0,7.666666666666667,15.0,-7.333333333333333
1131,18.0,16.0,2024,2024-06-30,13:00:00,red_bull_ring,bottas,sauber,20,7,19,2.0,9.666666666666666,14.0,-4.333333333333333
1131,20.0,17.0,2024,2024-06-30,13:00:00,red_bull_ring,zhou,sauber,20,77,19,3.0,11.0,14.666666666666666,-3.6666666666666665
1131,15.0,18.0,2024,2024-06-30,13:00:00,red_bull_ring,alonso,aston_martin,20,3,3,-3.0,10.0,9.666666666666666,0.3333333333333333
1131,19.0,19.0,2024,2024-06-30,13:00:00,red_bull_ring,sargeant,williams,20,64,22,0.0,17.666666666666668,17.333333333333332,0.3333333333333333
1131,2.0,20.0,2024,2024-06-30,13:00:00,red_bull_ring,norris,mclaren,20,49,13,-18.0,2.6666666666666665,2.6666666666666665,0.0
1132,2.0,1.0,2024,2024-07-07,14:00:00,silverstone,hamilton,mercedes,25,23,14,1.0,5.0,3.6666666666666665,1.3333333333333333
1132,4.0,2.0,2024,2024-07-07,14:00:00,silverstone,max_verstappen,red_bull,25,43,17,2.0,1.6666666666666667,2.3333333333333335,-0.6666666666666666
1132,3.0,3.0,2024,2024-07-07,14:00:00,silverstone,norris,mclaren,25,49,13,0.0,2.0,8.0,-6.0
1132,5.0,4.0,2024,2024-07-07,14:00:00,silverstone,piastri,mclaren,25,53,13,1.0,6.666666666666667,4.666666666666667,2.0
1132,7.0,5.0,2024,2024-07-07,14:00:00,silverstone,sainz,ferrari,25,63,5,2.0,4.333333333333333,4.0,0.3333333333333333
1132,6.0,6.0,2024,2024-07-07,14:00:00,silverstone,hulkenberg,haas,25,26,7,0.0,13.0,9.333333333333334,3.6666666666666665
1132,8.0,7.0,2024,2024-07-07,14:00:00,silverstone,stroll,aston_martin,25,67,3,1.0,13.333333333333334,11.333333333333334,2.0
1132,10.0,8.0,2024,2024-07-07,14:00:00,silverstone,alonso,aston_martin,25,3,3,2.0,10.333333333333334,12.0,-1.6666666666666667
1132,9.0,9.0,2024,2024-07-07,14:00:00,silverstone,albon,williams,25,1,22,0.0,8.333333333333334,14.0,-5.666666666666667
1132,13.0,10.0,2024,2024-07-07,14:00:00,silverstone,tsunoda,rb,25,70,16,3.0,13.0,15.666666666666666,-2.6666666666666665
1132,12.0,11.0,2024,2024-07-07,14:00:00,silverstone,sargeant,williams,25,64,22,1.0,17.666666666666668,18.0,-0.3333333333333333
1132,17.0,12.0,2024,2024-07-07,14:00:00,silverstone,kevin_magnussen,haas,25,30,7,5.0,14.0,12.333333333333334,1.6666666666666667
1132,15.0,13.0,2024,2024-07-07,14:00:00,silverstone,ricciardo,rb,25,58,16,2.0,11.333333333333334,10.666666666666666,0.6666666666666666
1132,11.0,14.0,2024,2024-07-07,14:00:00,silverstone,leclerc,ferrari,25,38,5,-3.0,4.0,5.666666666666667,-1.6666666666666667
1132,16.0,15.0,2024,2024-07-07,14:00:00,silverstone,bottas,sauber,25,7,19,1.0,10.0,15.0,-5.0
1132,18.0,16.0,2024,2024-07-07,14:00:00,silverstone,ocon,alpine,25,50,2,2.0,12.0,10.666666666666666,1.3333333333333333
1132,0.0,17.0,2024,2024-07-07,14:00:00,silverstone,perez,red_bull,25,51,17,-17.0,10.0,7.666666666666667,2.3333333333333335
1132,14.0,18.0,2024,2024-07-07,14:00:00,silverstone,zhou,sauber,25,77,19,-4.0,11.666666666666666,15.0,-3.3333333333333335
1133,2.0,1.0,2024,2024-07-21,15:00,hungaroring,piastri,mclaren,7,53,13,1.0,7.0,4.333333333333333,2.6666666666666665
1133,1.0,2.0,2024,2024-07-21,15:00,hungaroring,norris,mclaren,7,49,13,-1.0,2.0,8.333333333333334,-6.333333333333333
1133,5.0,3.0,2024,2024-07-21,15:00,hungaroring,hamilton,mercedes,7,23,14,2.0,3.3333333333333335,2.6666666666666665,0.6666666666666666
1133,6.0,4.0,2024,2024-07-21,15:00,hungaroring,leclerc,ferrari,7,38,5,2.0,7.333333333333333,10.0,-2.6666666666666665
1133,3.0,5.0,2024,2024-07-21,15:00,hungaroring,max_verstappen,red_bull,7,43,17,-2.0,2.3333333333333335,2.6666666666666665,-0.3333333333333333
1133,4.0,6.0,2024,2024-07-21,15:00,hungaroring,sainz,ferrari,7,63,5,-2.0,5.666666666666667,4.666666666666667,1.0
1133,16.0,7.0,2024,2024-07-21,15:00,hungaroring,perez,red_bull,7,51,17,9.0,6.333333333333333,10.666666666666666,-4.333333333333333
1133,17.0,8.0,2024,2024-07-21,15:00,hungaroring,russell,mercedes,7,62,14,9.0,2.6666666666666665,2.6666666666666665,0.0
1133,10.0,9.0,2024,2024-07-21,15:00,hungaroring,tsunoda,rb,7,70,16,1.0,14.666666666666666,14.333333333333334,0.3333333333333333
1133,8.0,10.0,2024,2024-07-21,15:00,hungaroring,stroll,aston_martin,7,67,3,-2.0,13.0,11.333333333333334,1.6666666666666667
1133,7.0,11.0,2024,2024-07-21,15:00,hungaroring,alonso,aston_martin,7,3,3,-4.0,11.666666666666666,12.666666666666666,-1.0
1133,9.0,12.0,2024,2024-07-21,15:00,hungaroring,ricciardo,rb,7,58,16,-3.0,14.666666666666666,12.333333333333334,2.3333333333333335
1133,11.0,13.0,2024,2024-07-21,15:00,hungaroring,hulkenberg,haas,7,26,7,-2.0,9.333333333333334,7.666666666666667,1.6666666666666667
1133,13.0,14.0,2024,2024-07-21,15:00,hungaroring,albon,williams,7,1,22,-1.0,8.333333333333334,14.0,-5.666666666666667
1133,15.0,15.0,2024,2024-07-21,15:00,hungaroring,kevin_magnussen,haas,7,30,7,0.0,15.0,12.333333333333334,2.6666666666666665
1133,12.0,16.0,2024,2024-07-21,15:00,hungaroring,bottas,sauber,7,7,19,-4.0,15.333333333333334,15.666666666666666,-0.3333333333333333
1133,14.0,17.0,2024,2024-07-21,15:00,hungaroring,sargeant,williams,7,64,22,-3.0,16.666666666666668,16.666666666666668,0.0
1133,19.0,18.0,2024,2024-07-21,15:00,hungaroring,ocon,alpine,7,50,2,1.0,12.0,12.666666666666666,-0.6666666666666666
1133,18.0,19.0,2024,2024-07-21,15:00,hungaroring,zhou,sauber,7,77,19,-1.0,16.333333333333332,16.0,0.3333333333333333
1133,0.0,20.0,2024,2024-07-21,15:00,hungaroring,gasly,alpine,7,17,2,-20.0,11.666666666666666,9.333333333333334,2.3333333333333335
1134,3.0,1.0,2024,2024-07-28,15:00,spa,hamilton,mercedes,27,23,14,2.0,4.0,2.6666666666666665,1.3333333333333333
1134,5.0,2.0,2024,2024-07-28,15:00,spa,piastri,mclaren,27,53,13,3.0,4.666666666666667,2.3333333333333335,2.3333333333333335
1134,1.0,3.0,2024,2024-07-28,15:00,spa,leclerc,ferrari,27,38,5,-2.0,7.666666666666667,9.666666666666666,-2.0
1134,11.0,4.0,2024,2024-07-28,15:00,spa,max_verstappen,red_bull,27,43,17,7.0,2.6666666666666665,4.0,-1.3333333333333333
1134,4.0,5.0,2024,2024-07-28,15:00,spa,norris,mclaren,27,49,13,-1.0,2.0,8.333333333333334,-6.333333333333333
1134,7.0,6.0,2024,2024-07-28,15:00,spa,sainz,ferrari,27,63,5,1.0,5.0,4.666666666666667,0.3333333333333333
1134,2.0,7.0,2024,2024-07-28,15:00,spa,perez,red_bull,27,51,17,-5.0,8.0,10.333333333333334,-2.3333333333333335
1134,8.0,8.0,2024,2024-07-28,15:00,spa,alonso,aston_martin,27,3,3,0.0,10.666666666666666,12.333333333333334,-1.6666666666666667
1134,9.0,9.0,2024,2024-07-28,15:00,spa,ocon,alpine,27,50,2,0.0,15.666666666666666,15.333333333333334,0.3333333333333333
1134,13.0,10.0,2024,2024-07-28,15:00,spa,ricciardo,rb,27,58,16,3.0,11.666666666666666,11.333333333333334,0.3333333333333333
1134,15.0,11.0,2024,2024-07-28,15:00,spa,stroll,aston_martin,27,67,3,4.0,11.0,10.0,1.0
1134,10.0,12.0,2024,2024-07-28,15:00,spa,albon,williams,27,1,22,-2.0,12.666666666666666,12.666666666666666,0.0
1134,12.0,13.0,2024,2024-07-28,15:00,spa,gasly,alpine,27,17,2,-1.0,6.666666666666667,13.0,-6.333333333333333
1134,17.0,14.0,2024,2024-07-28,15:00,spa,kevin_magnussen,haas,27,30,7,3.0,14.666666666666666,11.666666666666666,3.0
1134,14.0,15.0,2024,2024-07-28,15:00,spa,bottas,sauber,27,7,19,-1.0,15.333333333333334,15.666666666666666,-0.3333333333333333
1134,20.0,16.0,2024,2024-07-28,15:00,spa,tsunoda,rb,27,70,16,4.0,12.333333333333334,11.0,1.3333333333333333
1134,18.0,17.0,2024,2024-07-28,15:00,spa,sargeant,williams,27,64,22,1.0,15.0,15.666666666666666,-0.6666666666666666
1134,16.0,18.0,2024,2024-07-28,15:00,spa,hulkenberg,haas,27,26,7,-2.0,8.666666666666666,8.333333333333334,0.3333333333333333
1134,19.0,19.0,2024,2024-07-28,15:00,spa,zhou,sauber,27,77,19,0.0,17.333333333333332,18.0,-0.6666666666666666
1134,6.0,20.0,2024,2024-07-28,15:00,spa,russell,mercedes,27,62,14,-14.0,8.0,4.333333333333333,3.6666666666666665
