raceId,driverId,constructorId,grid,position,year,circuitId,date,time,circuitRef,driverRef
989,20,6,3.0,1,2018,1,2018-03-25,05:10:00,albert_park,vettel
989,1,131,1.0,2,2018,1,2018-03-25,05:10:00,albert_park,hamilton
989,8,6,2.0,3,2018,1,2018-03-25,05:10:00,albert_park,raikkonen
989,817,9,8.0,4,2018,1,2018-03-25,05:10:00,albert_park,ricciardo
989,4,1,10.0,5,2018,1,2018-03-25,05:10:00,albert_park,alonso
989,830,9,4.0,6,2018,1,2018-03-25,05:10:00,albert_park,max_verstappen
989,807,4,7.0,7,2018,1,2018-03-25,05:10:00,albert_park,hulkenberg
989,822,131,15.0,8,2018,1,2018-03-25,05:10:00,albert_park,bottas
989,838,1,11.0,9,2018,1,2018-03-25,05:10:00,albert_park,vandoorne
989,832,4,9.0,10,2018,1,2018-03-25,05:10:00,albert_park,sainz
989,815,10,12.0,11,2018,1,2018-03-25,05:10:00,albert_park,perez
989,839,10,14.0,12,2018,1,2018-03-25,05:10:00,albert_park,ocon
989,844,15,18.0,13,2018,1,2018-03-25,05:10:00,albert_park,leclerc
989,840,3,13.0,14,2018,1,2018-03-25,05:10:00,albert_park,stroll
989,843,5,16.0,15,2018,1,2018-03-25,05:10:00,albert_park,brendon_hartley
989,154,210,6.0,,2018,1,2018-03-25,05:10:00,albert_park,grosjean
989,825,210,5.0,,2018,1,2018-03-25,05:10:00,albert_park,kevin_magnussen
989,842,5,20.0,,2018,1,2018-03-25,05:10:00,albert_park,gasly
989,828,15,17.0,,2018,1,2018-03-25,05:10:00,albert_park,ericsson
989,845,3,19.0,,2018,1,2018-03-25,05:10:00,albert_park,sirotkin
990,20,6,1.0,1,2018,3,2018-04-08,15:10:00,bahrain,vettel
990,822,131,3.0,2,2018,3,2018-04-08,15:10:00,bahrain,bottas
990,1,131,9.0,3,2018,3,2018-04-08,15:10:00,bahrain,hamilton
990,842,5,5.0,4,2018,3,2018-04-08,15:10:00,bahrain,gasly
990,825,210,6.0,5,2018,3,2018-04-08,15:10:00,bahrain,kevin_magnussen
990,807,4,7.0,6,2018,3,2018-04-08,15:10:00,bahrain,hulkenberg
990,4,1,13.0,7,2018,3,2018-04-08,15:10:00,bahrain,alonso
990,838,1,14.0,8,2018,3,2018-04-08,15:10:00,bahrain,vandoorne
990,828,15,17.0,9,2018,3,2018-04-08,15:10:00,bahrain,ericsson
990,839,10,8.0,10,2018,3,2018-04-08,15:10:00,bahrain,ocon
990,832,4,10.0,11,2018,3,2018-04-08,15:10:00,bahrain,sainz
990,844,15,19.0,12,2018,3,2018-04-08,15:10:00,bahrain,leclerc
990,154,210,16.0,13,2018,3,2018-04-08,15:10:00,bahrain,grosjean
990,840,3,20.0,14,2018,3,2018-04-08,15:10:00,bahrain,stroll
990,845,3,18.0,15,2018,3,2018-04-08,15:10:00,bahrain,sirotkin
990,815,10,12.0,16,2018,3,2018-04-08,15:10:00,bahrain,perez
990,843,5,11.0,17,2018,3,2018-04-08,15:10:00,bahrain,brendon_hartley
990,8,6,2.0,,2018,3,2018-04-08,15:10:00,bahrain,raikkonen
990,830,9,15.0,,2018,3,2018-04-08,15:10:00,bahrain,max_verstappen
990,817,9,4.0,,2018,3,2018-04-08,15:10:00,bahrain,ricciardo
991,817,9,6.0,1,2018,17,2018-04-15,06:10:00,shanghai,ricciardo
991,822,131,3.0,2,2018,17,2018-04-15,06:10:00,shanghai,bottas
991,8,6,2.0,3,2018,17,2018-04-15,06:10:00,shanghai,raikkonen
991,1,131,4.0,4,2018,17,2018-04-15,06:10:00,shanghai,hamilton
991,830,9,5.0,5,2018,17,2018-04-15,06:10:00,shanghai,max_verstappen
991,807,4,7.0,6,2018,17,2018-04-15,06:10:00,shanghai,hulkenberg
991,4,1,13.0,7,2018,17,2018-04-15,06:10:00,shanghai,alonso
991,20,6,1.0,8,2018,17,2018-04-15,06:10:00,shanghai,vettel
991,832,4,9.0,9,2018,17,2018-04-15,06:10:00,shanghai,sainz
991,825,210,11.0,10,2018,17,2018-04-15,06:10:00,shanghai,kevin_magnussen
991,839,10,12.0,11,2018,17,2018-04-15,06:10:00,shanghai,ocon
991,815,10,8.0,12,2018,17,2018-04-15,06:10:00,shanghai,perez
991,838,1,14.0,13,2018,17,2018-04-15,06:10:00,shanghai,vandoorne
991,840,3,18.0,14,2018,17,2018-04-15,06:10:00,shanghai,stroll
991,845,3,16.0,15,2018,17,2018-04-15,06:10:00,shanghai,sirotkin
991,828,15,20.0,16,2018,17,2018-04-15,06:10:00,shanghai,ericsson
991,154,210,10.0,17,2018,17,2018-04-15,06:10:00,shanghai,grosjean
991,842,5,17.0,18,2018,17,2018-04-15,06:10:00,shanghai,gasly
991,844,15,19.0,19,2018,17,2018-04-15,06:10:00,shanghai,leclerc
991,843,5,15.0,20,2018,17,2018-04-15,06:10:00,shanghai,brendon_hartley
992,1,131,2.0,1,2018,73,2018-04-29,12:10:00,baku,hamilton
992,8,6,6.0,2,2018,73,2018-04-29,12:10:00,baku,raikkonen
992,815,10,8.0,3,2018,73,2018-04-29,12:10:00,baku,perez
992,20,6,1.0,4,2018,73,2018-04-29,12:10:00,baku,vettel
992,832,4,9.0,5,2018,73,2018-04-29,12:10:00,baku,sainz
992,844,15,13.0,6,2018,73,2018-04-29,12:10:00,baku,leclerc
992,4,1,12.0,7,2018,73,2018-04-29,12:10:00,baku,alonso
992,840,3,10.0,8,2018,73,2018-04-29,12:10:00,baku,stroll
992,838,1,16.0,9,2018,73,2018-04-29,12:10:00,baku,vandoorne
992,843,5,19.0,10,2018,73,2018-04-29,12:10:00,baku,brendon_hartley
992,828,15,18.0,11,2018,73,2018-04-29,12:10:00,baku,ericsson
992,842,5,17.0,12,2018,73,2018-04-29,12:10:00,baku,gasly
992,825,210,15.0,13,2018,73,2018-04-29,12:10:00,baku,kevin_magnussen
992,822,131,3.0,,2018,73,2018-04-29,12:10:00,baku,bottas
992,154,210,20.0,,2018,73,2018-04-29,12:10:00,baku,grosjean
992,830,9,5.0,,2018,73,2018-04-29,12:10:00,baku,max_verstappen
992,817,9,4.0,,2018,73,2018-04-29,12:10:00,baku,ricciardo
992,807,4,14.0,,2018,73,2018-04-29,12:10:00,baku,hulkenberg
992,839,10,7.0,,2018,73,2018-04-29,12:10:00,baku,ocon
992,845,3,11.0,,2018,73,2018-04-29,12:10:00,baku,sirotkin
993,1,131,1.0,1,2018,4,2018-05-13,13:10:00,catalunya,hamilton
993,822,131,2.0,2,2018,4,2018-05-13,13:10:00,catalunya,bottas
993,830,9,5.0,3,2018,4,2018-05-13,13:10:00,catalunya,max_verstappen
993,20,6,3.0,4,2018,4,2018-05-13,13:10:00,catalunya,vettel
993,817,9,6.0,5,2018,4,2018-05-13,13:10:00,catalunya,ricciardo
993,825,210,7.0,6,2018,4,2018-05-13,13:10:00,catalunya,kevin_magnussen
993,832,4,9.0,7,2018,4,2018-05-13,13:10:00,catalunya,sainz
993,4,1,8.0,8,2018,4,2018-05-13,13:10:00,catalunya,alonso
993,815,10,15.0,9,2018,4,2018-05-13,13:10:00,catalunya,perez
993,844,15,14.0,10,2018,4,2018-05-13,13:10:00,catalunya,leclerc
993,840,3,18.0,11,2018,4,2018-05-13,13:10:00,catalunya,stroll
993,843,5,20.0,12,2018,4,2018-05-13,13:10:00,catalunya,brendon_hartley
993,828,15,17.0,13,2018,4,2018-05-13,13:10:00,catalunya,ericsson
993,845,3,19.0,14,2018,4,2018-05-13,13:10:00,catalunya,sirotkin
993,838,1,11.0,,2018,4,2018-05-13,13:10:00,catalunya,vandoorne
993,839,10,13.0,,2018,4,2018-05-13,13:10:00,catalunya,ocon
993,8,6,4.0,,2018,4,2018-05-13,13:10:00,catalunya,raikkonen
993,154,210,10.0,,2018,4,2018-05-13,13:10:00,catalunya,grosjean
993,842,5,12.0,,2018,4,2018-05-13,13:10:00,catalunya,gasly
993,807,4,16.0,,2018,4,2018-05-13,13:10:00,catalunya,hulkenberg
994,817,9,1.0,1,2018,6,2018-05-27,13:10:00,monaco,ricciardo
994,20,6,2.0,2,2018,6,2018-05-27,13:10:00,monaco,vettel
994,1,131,3.0,3,2018,6,2018-05-27,13:10:00,monaco,hamilton
994,8,6,4.0,4,2018,6,2018-05-27,13:10:00,monaco,raikkonen
994,822,131,5.0,5,2018,6,2018-05-27,13:10:00,monaco,bottas
994,839,10,6.0,6,2018,6,2018-05-27,13:10:00,monaco,ocon
994,842,5,10.0,7,2018,6,2018-05-27,13:10:00,monaco,gasly
994,807,4,11.0,8,2018,6,2018-05-27,13:10:00,monaco,hulkenberg
994,830,9,20.0,9,2018,6,2018-05-27,13:10:00,monaco,max_verstappen
994,832,4,8.0,10,2018,6,2018-05-27,13:10:00,monaco,sainz
994,828,15,16.0,11,2018,6,2018-05-27,13:10:00,monaco,ericsson
994,815,10,9.0,12,2018,6,2018-05-27,13:10:00,monaco,perez
994,825,210,19.0,13,2018,6,2018-05-27,13:10:00,monaco,kevin_magnussen
994,838,1,12.0,14,2018,6,2018-05-27,13:10:00,monaco,vandoorne
994,154,210,18.0,15,2018,6,2018-05-27,13:10:00,monaco,grosjean
994,845,3,13.0,16,2018,6,2018-05-27,13:10:00,monaco,sirotkin
994,840,3,17.0,17,2018,6,2018-05-27,13:10:00,monaco,stroll
994,844,15,14.0,,2018,6,2018-05-27,13:10:00,monaco,leclerc
994,843,5,15.0,,2018,6,2018-05-27,13:10:00,monaco,brendon_hartley
994,4,1,7.0,,2018,6,2018-05-27,13:10:00,monaco,alonso
995,20,6,1.0,1,2018,7,2018-06-10,18:10:00,villeneuve,vettel
995,822,131,2.0,2,2018,7,2018-06-10,18:10:00,villeneuve,bottas
995,830,9,3.0,3,2018,7,2018-06-10,18:10:00,villeneuve,max_verstappen
995,817,9,6.0,4,2018,7,2018-06-10,18:10:00,villeneuve,ricciardo
995,1,131,4.0,5,2018,7,2018-06-10,18:10:00,villeneuve,hamilton
995,8,6,5.0,6,2018,7,2018-06-10,18:10:00,villeneuve,raikkonen
995,807,4,7.0,7,2018,7,2018-06-10,18:10:00,villeneuve,hulkenberg
995,832,4,9.0,8,2018,7,2018-06-10,18:10:00,villeneuve,sainz
995,839,10,8.0,9,2018,7,2018-06-10,18:10:00,villeneuve,ocon
995,844,15,13.0,10,2018,7,2018-06-10,18:10:00,villeneuve,leclerc
995,842,5,16.0,11,2018,7,2018-06-10,18:10:00,villeneuve,gasly
995,154,210,20.0,12,2018,7,2018-06-10,18:10:00,villeneuve,grosjean
995,825,210,11.0,13,2018,7,2018-06-10,18:10:00,villeneuve,kevin_magnussen
995,815,10,10.0,14,2018,7,2018-06-10,18:10:00,villeneuve,perez
995,828,15,19.0,15,2018,7,2018-06-10,18:10:00,villeneuve,ericsson
995,838,1,15.0,16,2018,7,2018-06-10,18:10:00,villeneuve,vandoorne
995,845,3,18.0,17,2018,7,2018-06-10,18:10:00,villeneuve,sirotkin
995,4,1,14.0,,2018,7,2018-06-10,18:10:00,villeneuve,alonso
995,843,5,12.0,,2018,7,2018-06-10,18:10:00,villeneuve,brendon_hartley
995,840,3,17.0,,2018,7,2018-06-10,18:10:00,villeneuve,stroll
996,1,131,1.0,1,2018,34,2018-06-24,14:10:00,ricard,hamilton
996,830,9,4.0,2,2018,34,2018-06-24,14:10:00,ricard,max_verstappen
996,8,6,6.0,3,2018,34,2018-06-24,14:10:00,ricard,raikkonen
996,817,9,5.0,4,2018,34,2018-06-24,14:10:00,ricard,ricciardo
996,20,6,3.0,5,2018,34,2018-06-24,14:10:00,ricard,vettel
996,825,210,9.0,6,2018,34,2018-06-24,14:10:00,ricard,kevin_magnussen
996,822,131,2.0,7,2018,34,2018-06-24,14:10:00,ricard,bottas
996,832,4,7.0,8,2018,34,2018-06-24,14:10:00,ricard,sainz
996,807,4,12.0,9,2018,34,2018-06-24,14:10:00,ricard,hulkenberg
996,844,15,8.0,10,2018,34,2018-06-24,14:10:00,ricard,leclerc
996,154,210,10.0,11,2018,34,2018-06-24,14:10:00,ricard,grosjean
996,838,1,17.0,12,2018,34,2018-06-24,14:10:00,ricard,vandoorne
996,828,15,15.0,13,2018,34,2018-06-24,14:10:00,ricard,ericsson
996,843,5,20.0,14,2018,34,2018-06-24,14:10:00,ricard,brendon_hartley
996,845,3,18.0,15,2018,34,2018-06-24,14:10:00,ricard,sirotkin
996,4,1,16.0,16,2018,34,2018-06-24,14:10:00,ricard,alonso
996,840,3,19.0,17,2018,34,2018-06-24,14:10:00,ricard,stroll
996,815,10,13.0,,2018,34,2018-06-24,14:10:00,ricard,perez
996,839,10,11.0,,2018,34,2018-06-24,14:10:00,ricard,ocon
996,842,5,14.0,,2018,34,2018-06-24,14:10:00,ricard,gasly
997,830,9,4.0,1,2018,70,2018-07-01,13:10:00,red_bull_ring,max_verstappen
997,8,6,3.0,2,2018,70,2018-07-01,13:10:00,red_bull_ring,raikkonen
997,20,6,6.0,3,2018,70,2018-07-01,13:10:00,red_bull_ring,vettel
997,154,210,5.0,4,2018,70,2018-07-01,13:10:00,red_bull_ring,grosjean
997,825,210,8.0,5,2018,70,2018-07-01,13:10:00,red_bull_ring,kevin_magnussen
997,839,10,11.0,6,2018,70,2018-07-01,13:10:00,red_bull_ring,ocon
997,815,10,16.0,7,2018,70,2018-07-01,13:10:00,red_bull_ring,perez
997,4,1,13.0,8,2018,70,2018-07-01,13:10:00,red_bull_ring,alonso
997,844,15,18.0,9,2018,70,2018-07-01,13:10:00,red_bull_ring,leclerc
997,828,15,20.0,10,2018,70,2018-07-01,13:10:00,red_bull_ring,ericsson
997,842,5,12.0,11,2018,70,2018-07-01,13:10:00,red_bull_ring,gasly
997,832,4,9.0,12,2018,70,2018-07-01,13:10:00,red_bull_ring,sainz
997,845,3,17.0,13,2018,70,2018-07-01,13:10:00,red_bull_ring,sirotkin
997,840,3,14.0,14,2018,70,2018-07-01,13:10:00,red_bull_ring,stroll
997,838,1,15.0,15,2018,70,2018-07-01,13:10:00,red_bull_ring,vandoorne
997,1,131,2.0,,2018,70,2018-07-01,13:10:00,red_bull_ring,hamilton
997,843,5,19.0,,2018,70,2018-07-01,13:10:00,red_bull_ring,brendon_hartley
997,817,9,7.0,,2018,70,2018-07-01,13:10:00,red_bull_ring,ricciardo
997,822,131,1.0,,2018,70,2018-07-01,13:10:00,red_bull_ring,bottas
997,807,4,10.0,,2018,70,2018-07-01,13:10:00,red_bull_ring,hulkenberg
998,20,6,2.0,1,2018,9,2018-07-08,13:10:00,silverstone,vettel
998,1,131,1.0,2,2018,9,2018-07-08,13:10:00,silverstone,hamilton
998,8,6,3.0,3,2018,9,2018-07-08,13:10:00,silverstone,raikkonen
998,822,131,4.0,4,2018,9,2018-07-08,13:10:00,silverstone,bottas
998,817,9,6.0,5,2018,9,2018-07-08,13:10:00,silverstone,ricciardo
998,807,4,11.0,6,2018,9,2018-07-08,13:10:00,silverstone,hulkenberg
998,839,10,10.0,7,2018,9,2018-07-08,13:10:00,silverstone,ocon
998,4,1,13.0,8,2018,9,2018-07-08,13:10:00,silverstone,alonso
998,825,210,7.0,9,2018,9,2018-07-08,13:10:00,silverstone,kevin_magnussen
998,815,10,12.0,10,2018,9,2018-07-08,13:10:00,silverstone,perez
998,838,1,17.0,11,2018,9,2018-07-08,13:10:00,silverstone,vandoorne
998,840,3,19.0,12,2018,9,2018-07-08,13:10:00,silverstone,stroll
998,842,5,14.0,13,2018,9,2018-07-08,13:10:00,silverstone,gasly
998,845,3,18.0,14,2018,9,2018-07-08,13:10:00,silverstone,sirotkin
998,843,5,0.0,,2018,9,2018-07-08,13:10:00,silverstone,brendon_hartley
998,830,9,5.0,,2018,9,2018-07-08,13:10:00,silverstone,max_verstappen
998,154,210,8.0,,2018,9,2018-07-08,13:10:00,silverstone,grosjean
998,832,4,16.0,,2018,9,2018-07-08,13:10:00,silverstone,sainz
998,828,15,15.0,,2018,9,2018-07-08,13:10:00,silverstone,ericsson
998,844,15,9.0,,2018,9,2018-07-08,13:10:00,silverstone,leclerc
999,1,131,14.0,1,2018,10,2018-07-22,13:10:00,hockenheimring,hamilton
999,822,131,2.0,2,2018,10,2018-07-22,13:10:00,hockenheimring,bottas
999,8,6,3.0,3,2018,10,2018-07-22,13:10:00,hockenheimring,raikkonen
999,830,9,4.0,4,2018,10,2018-07-22,13:10:00,hockenheimring,max_verstappen
999,807,4,7.0,5,2018,10,2018-07-22,13:10:00,hockenheimring,hulkenberg
999,154,210,6.0,6,2018,10,2018-07-22,13:10:00,hockenheimring,grosjean
999,815,10,10.0,7,2018,10,2018-07-22,13:10:00,hockenheimring,perez
999,839,10,15.0,8,2018,10,2018-07-22,13:10:00,hockenheimring,ocon
999,828,15,13.0,9,2018,10,2018-07-22,13:10:00,hockenheimring,ericsson
999,843,5,17.0,10,2018,10,2018-07-22,13:10:00,hockenheimring,brendon_hartley
999,825,210,5.0,11,2018,10,2018-07-22,13:10:00,hockenheimring,kevin_magnussen
999,832,4,8.0,12,2018,10,2018-07-22,13:10:00,hockenheimring,sainz
999,838,1,19.0,13,2018,10,2018-07-22,13:10:00,hockenheimring,vandoorne
999,842,5,16.0,14,2018,10,2018-07-22,13:10:00,hockenheimring,gasly
999,844,15,9.0,15,2018,10,2018-07-22,13:10:00,hockenheimring,leclerc
999,4,1,11.0,16,2018,10,2018-07-22,13:10:00,hockenheimring,alonso
999,840,3,18.0,,2018,10,2018-07-22,13:10:00,hockenheimring,stroll
999,20,6,1.0,,2018,10,2018-07-22,13:10:00,hockenheimring,vettel
999,845,3,12.0,,2018,10,2018-07-22,13:10:00,hockenheimring,sirotkin
999,817,9,20.0,,2018,10,2018-07-22,13:10:00,hockenheimring,ricciardo
1000,1,131,1.0,1,2018,11,2018-07-29,13:10:00,hungaroring,hamilton
1000,20,6,4.0,2,2018,11,2018-07-29,13:10:00,hungaroring,vettel
1000,8,6,3.0,3,2018,11,2018-07-29,13:10:00,hungaroring,raikkonen
1000,817,9,12.0,4,2018,11,2018-07-29,13:10:00,hungaroring,ricciardo
1000,822,131,2.0,5,2018,11,2018-07-29,13:10:00,hungaroring,bottas
1000,842,5,6.0,6,2018,11,2018-07-29,13:10:00,hungaroring,gasly
1000,825,210,9.0,7,2018,11,2018-07-29,13:10:00,hungaroring,kevin_magnussen
1000,4,1,11.0,8,2018,11,2018-07-29,13:10:00,hungaroring,alonso
1000,832,4,5.0,9,2018,11,2018-07-29,13:10:00,hungaroring,sainz
1000,154,210,10.0,10,2018,11,2018-07-29,13:10:00,hungaroring,grosjean
1000,843,5,8.0,11,2018,11,2018-07-29,13:10:00,hungaroring,brendon_hartley
1000,807,4,13.0,12,2018,11,2018-07-29,13:10:00,hungaroring,hulkenberg
1000,839,10,18.0,13,2018,11,2018-07-29,13:10:00,hungaroring,ocon
1000,815,10,19.0,14,2018,11,2018-07-29,13:10:00,hungaroring,perez
1000,828,15,14.0,15,2018,11,2018-07-29,13:10:00,hungaroring,ericsson
1000,845,3,20.0,16,2018,11,2018-07-29,13:10:00,hungaroring,sirotkin
1000,840,3,15.0,17,2018,11,2018-07-29,13:10:00,hungaroring,stroll
1000,838,1,16.0,,2018,11,2018-07-29,13:10:00,hungaroring,vandoorne
1000,830,9,7.0,,2018,11,2018-07-29,13:10:00,hungaroring,max_verstappen
1000,844,15,17.0,,2018,11,2018-07-29,13:10:00,hungaroring,leclerc
1001,20,6,2.0,1,2018,13,2018-08-26,13:10:00,spa,vettel
1001,1,131,1.0,2,2018,13,2018-08-26,13:10:00,spa,hamilton
1001,830,9,7.0,3,2018,13,2018-08-26,13:10:00,spa,max_verstappen
1001,822,131,19.0,4,2018,13,2018-08-26,13:10:00,spa,bottas
1001,815,10,4.0,5,2018,13,2018-08-26,13:10:00,spa,perez
1001,839,10,3.0,6,2018,13,2018-08-26,13:10:00,spa,ocon
1001,154,210,5.0,7,2018,13,2018-08-26,13:10:00,spa,grosjean
1001,825,210,9.0,8,2018,13,2018-08-26,13:10:00,spa,kevin_magnussen
1001,842,5,10.0,9,2018,13,2018-08-26,13:10:00,spa,gasly
1001,828,15,13.0,10,2018,13,2018-08-26,13:10:00,spa,ericsson
1001,832,4,14.0,11,2018,13,2018-08-26,13:10:00,spa,sainz
1001,845,3,16.0,12,2018,13,2018-08-26,13:10:00,spa,sirotkin
1001,840,3,17.0,13,2018,13,2018-08-26,13:10:00,spa,stroll
1001,843,5,11.0,14,2018,13,2018-08-26,13:10:00,spa,brendon_hartley
1001,838,1,18.0,15,2018,13,2018-08-26,13:10:00,spa,vandoorne
1001,817,9,8.0,,2018,13,2018-08-26,13:10:00,spa,ricciardo
1001,8,6,6.0,,2018,13,2018-08-26,13:10:00,spa,raikkonen
1001,844,15,12.0,,2018,13,2018-08-26,13:10:00,spa,leclerc
1001,4,1,15.0,,2018,13,2018-08-26,13:10:00,spa,alonso
1001,807,4,20.0,,2018,13,2018-08-26,13:10:00,spa,hulkenberg
1002,1,131,3.0,1,2018,14,2018-09-02,13:10:00,monza,hamilton
1002,8,6,1.0,2,2018,14,2018-09-02,13:10:00,monza,raikkonen
1002,822,131,4.0,3,2018,14,2018-09-02,13:10:00,monza,bottas
1002,20,6,2.0,4,2018,14,2018-09-02,13:10:00,monza,vettel
1002,830,9,5.0,5,2018,14,2018-09-02,13:10:00,monza,max_verstappen
1002,839,10,8.0,6,2018,14,2018-09-02,13:10:00,monza,ocon
1002,815,10,14.0,7,2018,14,2018-09-02,13:10:00,monza,perez
1002,832,4,7.0,8,2018,14,2018-09-02,13:10:00,monza,sainz
1002,840,3,10.0,9,2018,14,2018-09-02,13:10:00,monza,stroll
1002,845,3,12.0,10,2018,14,2018-09-02,13:10:00,monza,sirotkin
1002,844,15,15.0,11,2018,14,2018-09-02,13:10:00,monza,leclerc
1002,838,1,17.0,12,2018,14,2018-09-02,13:10:00,monza,vandoorne
1002,807,4,20.0,13,2018,14,2018-09-02,13:10:00,monza,hulkenberg
1002,842,5,9.0,14,2018,14,2018-09-02,13:10:00,monza,gasly
1002,828,15,18.0,15,2018,14,2018-09-02,13:10:00,monza,ericsson
1002,825,210,11.0,16,2018,14,2018-09-02,13:10:00,monza,kevin_magnussen
1002,817,9,19.0,,2018,14,2018-09-02,13:10:00,monza,ricciardo
1002,4,1,13.0,,2018,14,2018-09-02,13:10:00,monza,alonso
1002,843,5,16.0,,2018,14,2018-09-02,13:10:00,monza,brendon_hartley
1002,154,210,6.0,,2018,14,2018-09-02,13:10:00,monza,grosjean
1003,1,131,1.0,1,2018,15,2018-09-16,12:10:00,marina_bay,hamilton
1003,830,9,2.0,2,2018,15,2018-09-16,12:10:00,marina_bay,max_verstappen
1003,20,6,3.0,3,2018,15,2018-09-16,12:10:00,marina_bay,vettel
1003,822,131,4.0,4,2018,15,2018-09-16,12:10:00,marina_bay,bottas
1003,8,6,5.0,5,2018,15,2018-09-16,12:10:00,marina_bay,raikkonen
1003,817,9,6.0,6,2018,15,2018-09-16,12:10:00,marina_bay,ricciardo
1003,4,1,11.0,7,2018,15,2018-09-16,12:10:00,marina_bay,alonso
1003,832,4,12.0,8,2018,15,2018-09-16,12:10:00,marina_bay,sainz
1003,844,15,13.0,9,2018,15,2018-09-16,12:10:00,marina_bay,leclerc
1003,807,4,10.0,10,2018,15,2018-09-16,12:10:00,marina_bay,hulkenberg
1003,828,15,14.0,11,2018,15,2018-09-16,12:10:00,marina_bay,ericsson
1003,838,1,18.0,12,2018,15,2018-09-16,12:10:00,marina_bay,vandoorne
1003,842,5,15.0,13,2018,15,2018-09-16,12:10:00,marina_bay,gasly
1003,840,3,20.0,14,2018,15,2018-09-16,12:10:00,marina_bay,stroll
1003,154,210,8.0,15,2018,15,2018-09-16,12:10:00,marina_bay,grosjean
1003,815,10,7.0,16,2018,15,2018-09-16,12:10:00,marina_bay,perez
1003,843,5,17.0,17,2018,15,2018-09-16,12:10:00,marina_bay,brendon_hartley
1003,825,210,16.0,18,2018,15,2018-09-16,12:10:00,marina_bay,kevin_magnussen
1003,845,3,19.0,19,2018,15,2018-09-16,12:10:00,marina_bay,sirotkin
1003,839,10,9.0,,2018,15,2018-09-16,12:10:00,marina_bay,ocon
1004,1,131,2.0,1,2018,71,2018-09-30,11:10:00,sochi,hamilton
1004,822,131,1.0,2,2018,71,2018-09-30,11:10:00,sochi,bottas
1004,20,6,3.0,3,2018,71,2018-09-30,11:10:00,sochi,vettel
1004,8,6,4.0,4,2018,71,2018-09-30,11:10:00,sochi,raikkonen
1004,830,9,19.0,5,2018,71,2018-09-30,11:10:00,sochi,max_verstappen
1004,817,9,18.0,6,2018,71,2018-09-30,11:10:00,sochi,ricciardo
1004,844,15,7.0,7,2018,71,2018-09-30,11:10:00,sochi,leclerc
1004,825,210,5.0,8,2018,71,2018-09-30,11:10:00,sochi,kevin_magnussen
1004,839,10,6.0,9,2018,71,2018-09-30,11:10:00,sochi,ocon
1004,815,10,8.0,10,2018,71,2018-09-30,11:10:00,sochi,perez
1004,154,210,9.0,11,2018,71,2018-09-30,11:10:00,sochi,grosjean
1004,807,4,12.0,12,2018,71,2018-09-30,11:10:00,sochi,hulkenberg
1004,828,15,10.0,13,2018,71,2018-09-30,11:10:00,sochi,ericsson
1004,4,1,16.0,14,2018,71,2018-09-30,11:10:00,sochi,alonso
1004,840,3,14.0,15,2018,71,2018-09-30,11:10:00,sochi,stroll
1004,838,1,15.0,16,2018,71,2018-09-30,11:10:00,sochi,vandoorne
1004,832,4,11.0,17,2018,71,2018-09-30,11:10:00,sochi,sainz
1004,845,3,13.0,18,2018,71,2018-09-30,11:10:00,sochi,sirotkin
1004,842,5,17.0,,2018,71,2018-09-30,11:10:00,sochi,gasly
1004,843,5,20.0,,2018,71,2018-09-30,11:10:00,sochi,brendon_hartley
1005,1,131,1.0,1,2018,22,2018-10-07,05:10:00,suzuka,hamilton
1005,822,131,2.0,2,2018,22,2018-10-07,05:10:00,suzuka,bottas
1005,830,9,3.0,3,2018,22,2018-10-07,05:10:00,suzuka,max_verstappen
1005,817,9,15.0,4,2018,22,2018-10-07,05:10:00,suzuka,ricciardo
1005,8,6,4.0,5,2018,22,2018-10-07,05:10:00,suzuka,raikkonen
1005,20,6,8.0,6,2018,22,2018-10-07,05:10:00,suzuka,vettel
1005,815,10,9.0,7,2018,22,2018-10-07,05:10:00,suzuka,perez
1005,154,210,5.0,8,2018,22,2018-10-07,05:10:00,suzuka,grosjean
1005,839,10,11.0,9,2018,22,2018-10-07,05:10:00,suzuka,ocon
1005,832,4,13.0,10,2018,22,2018-10-07,05:10:00,suzuka,sainz
1005,842,5,7.0,11,2018,22,2018-10-07,05:10:00,suzuka,gasly
1005,828,15,20.0,12,2018,22,2018-10-07,05:10:00,suzuka,ericsson
1005,843,5,6.0,13,2018,22,2018-10-07,05:10:00,suzuka,brendon_hartley
1005,4,1,18.0,14,2018,22,2018-10-07,05:10:00,suzuka,alonso
1005,838,1,19.0,15,2018,22,2018-10-07,05:10:00,suzuka,vandoorne
1005,845,3,17.0,16,2018,22,2018-10-07,05:10:00,suzuka,sirotkin
1005,840,3,14.0,17,2018,22,2018-10-07,05:10:00,suzuka,stroll
1005,844,15,10.0,,2018,22,2018-10-07,05:10:00,suzuka,leclerc
1005,807,4,16.0,,2018,22,2018-10-07,05:10:00,suzuka,hulkenberg
1005,825,210,12.0,,2018,22,2018-10-07,05:10:00,suzuka,kevin_magnussen
1006,8,6,2.0,1,2018,69,2018-10-21,18:10:00,americas,raikkonen
1006,830,9,18.0,2,2018,69,2018-10-21,18:10:00,americas,max_verstappen
1006,1,131,1.0,3,2018,69,2018-10-21,18:10:00,americas,hamilton
1006,20,6,5.0,4,2018,69,2018-10-21,18:10:00,americas,vettel
1006,822,131,3.0,5,2018,69,2018-10-21,18:10:00,americas,bottas
1006,807,4,7.0,6,2018,69,2018-10-21,18:10:00,americas,hulkenberg
1006,832,4,11.0,7,2018,69,2018-10-21,18:10:00,americas,sainz
1006,815,10,10.0,8,2018,69,2018-10-21,18:10:00,americas,perez
1006,843,5,20.0,9,2018,69,2018-10-21,18:10:00,americas,brendon_hartley
1006,828,15,16.0,10,2018,69,2018-10-21,18:10:00,americas,ericsson
1006,838,1,17.0,11,2018,69,2018-10-21,18:10:00,americas,vandoorne
1006,842,5,19.0,12,2018,69,2018-10-21,18:10:00,americas,gasly
1006,845,3,14.0,13,2018,69,2018-10-21,18:10:00,americas,sirotkin
1006,840,3,15.0,14,2018,69,2018-10-21,18:10:00,americas,stroll
1006,844,15,9.0,,2018,69,2018-10-21,18:10:00,americas,leclerc
1006,817,9,4.0,,2018,69,2018-10-21,18:10:00,americas,ricciardo
1006,154,210,8.0,,2018,69,2018-10-21,18:10:00,americas,grosjean
1006,4,1,13.0,,2018,69,2018-10-21,18:10:00,americas,alonso
1006,839,10,6.0,,2018,69,2018-10-21,18:10:00,americas,ocon
1006,825,210,12.0,,2018,69,2018-10-21,18:10:00,americas,kevin_magnussen
1007,830,9,2.0,1,2018,32,2018-10-28,19:10:00,rodriguez,max_verstappen
1007,20,6,4.0,2,2018,32,2018-10-28,19:10:00,rodriguez,vettel
1007,8,6,6.0,3,2018,32,2018-10-28,19:10:00,rodriguez,raikkonen
1007,1,131,3.0,4,2018,32,2018-10-28,19:10:00,rodriguez,hamilton
1007,822,131,5.0,5,2018,32,2018-10-28,19:10:00,rodriguez,bottas
1007,807,4,7.0,6,2018,32,2018-10-28,19:10:00,rodriguez,hulkenberg
1007,844,15,9.0,7,2018,32,2018-10-28,19:10:00,rodriguez,leclerc
1007,838,1,15.0,8,2018,32,2018-10-28,19:10:00,rodriguez,vandoorne
1007,828,15,10.0,9,2018,32,2018-10-28,19:10:00,rodriguez,ericsson
1007,842,5,20.0,10,2018,32,2018-10-28,19:10:00,rodriguez,gasly
1007,839,10,11.0,11,2018,32,2018-10-28,19:10:00,rodriguez,ocon
1007,840,3,17.0,12,2018,32,2018-10-28,19:10:00,rodriguez,stroll
1007,845,3,19.0,13,2018,32,2018-10-28,19:10:00,rodriguez,sirotkin
1007,843,5,14.0,14,2018,32,2018-10-28,19:10:00,rodriguez,brendon_hartley
1007,825,210,16.0,15,2018,32,2018-10-28,19:10:00,rodriguez,kevin_magnussen
1007,154,210,18.0,16,2018,32,2018-10-28,19:10:00,rodriguez,grosjean
1007,817,9,1.0,,2018,32,2018-10-28,19:10:00,rodriguez,ricciardo
1007,815,10,13.0,,2018,32,2018-10-28,19:10:00,rodriguez,perez
1007,832,4,8.0,,2018,32,2018-10-28,19:10:00,rodriguez,sainz
1007,4,1,12.0,,2018,32,2018-10-28,19:10:00,rodriguez,alonso
1008,1,131,1.0,1,2018,18,2018-11-11,17:10:00,interlagos,hamilton
1008,830,9,5.0,2,2018,18,2018-11-11,17:10:00,interlagos,max_verstappen
1008,8,6,4.0,3,2018,18,2018-11-11,17:10:00,interlagos,raikkonen
1008,817,9,11.0,4,2018,18,2018-11-11,17:10:00,interlagos,ricciardo
1008,822,131,3.0,5,2018,18,2018-11-11,17:10:00,interlagos,bottas
1008,20,6,2.0,6,2018,18,2018-11-11,17:10:00,interlagos,vettel
1008,844,15,7.0,7,2018,18,2018-11-11,17:10:00,interlagos,leclerc
1008,154,210,8.0,8,2018,18,2018-11-11,17:10:00,interlagos,grosjean
1008,825,210,10.0,9,2018,18,2018-11-11,17:10:00,interlagos,kevin_magnussen
1008,815,10,12.0,10,2018,18,2018-11-11,17:10:00,interlagos,perez
1008,843,5,16.0,11,2018,18,2018-11-11,17:10:00,interlagos,brendon_hartley
1008,832,4,15.0,12,2018,18,2018-11-11,17:10:00,interlagos,sainz
1008,842,5,9.0,13,2018,18,2018-11-11,17:10:00,interlagos,gasly
1008,838,1,20.0,14,2018,18,2018-11-11,17:10:00,interlagos,vandoorne
1008,839,10,18.0,15,2018,18,2018-11-11,17:10:00,interlagos,ocon
1008,845,3,14.0,16,2018,18,2018-11-11,17:10:00,interlagos,sirotkin
1008,4,1,17.0,17,2018,18,2018-11-11,17:10:00,interlagos,alonso
1008,840,3,19.0,18,2018,18,2018-11-11,17:10:00,interlagos,stroll
1008,807,4,13.0,,2018,18,2018-11-11,17:10:00,interlagos,hulkenberg
1008,828,15,6.0,,2018,18,2018-11-11,17:10:00,interlagos,ericsson
1009,1,131,1.0,1,2018,24,2018-11-25,13:10:00,yas_marina,hamilton
1009,20,6,3.0,2,2018,24,2018-11-25,13:10:00,yas_marina,vettel
1009,830,9,6.0,3,2018,24,2018-11-25,13:10:00,yas_marina,max_verstappen
1009,817,9,5.0,4,2018,24,2018-11-25,13:10:00,yas_marina,ricciardo
1009,822,131,2.0,5,2018,24,2018-11-25,13:10:00,yas_marina,bottas
1009,832,4,11.0,6,2018,24,2018-11-25,13:10:00,yas_marina,sainz
1009,844,15,8.0,7,2018,24,2018-11-25,13:10:00,yas_marina,leclerc
1009,815,10,14.0,8,2018,24,2018-11-25,13:10:00,yas_marina,perez
1009,154,210,7.0,9,2018,24,2018-11-25,13:10:00,yas_marina,grosjean
1009,825,210,13.0,10,2018,24,2018-11-25,13:10:00,yas_marina,kevin_magnussen
1009,4,1,15.0,11,2018,24,2018-11-25,13:10:00,yas_marina,alonso
1009,843,5,16.0,12,2018,24,2018-11-25,13:10:00,yas_marina,brendon_hartley
1009,840,3,20.0,13,2018,24,2018-11-25,13:10:00,yas_marina,stroll
1009,838,1,18.0,14,2018,24,2018-11-25,13:10:00,yas_marina,vandoorne
1009,845,3,19.0,15,2018,24,2018-11-25,13:10:00,yas_marina,sirotkin
1009,842,5,17.0,,2018,24,2018-11-25,13:10:00,yas_marina,gasly
1009,839,10,9.0,,2018,24,2018-11-25,13:10:00,yas_marina,ocon
1009,828,15,12.0,,2018,24,2018-11-25,13:10:00,yas_marina,ericsson
1009,8,6,4.0,,2018,24,2018-11-25,13:10:00,yas_marina,raikkonen
1009,807,4,10.0,,2018,24,2018-11-25,13:10:00,yas_marina,hulkenberg
1010,822,131,2.0,1,2019,1,2019-03-17,05:10:00,albert_park,bottas
1010,1,131,1.0,2,2019,1,2019-03-17,05:10:00,albert_park,hamilton
1010,830,9,4.0,3,2019,1,2019-03-17,05:10:00,albert_park,max_verstappen
1010,20,6,3.0,4,2019,1,2019-03-17,05:10:00,albert_park,vettel
1010,844,6,5.0,5,2019,1,2019-03-17,05:10:00,albert_park,leclerc
1010,825,210,7.0,6,2019,1,2019-03-17,05:10:00,albert_park,kevin_magnussen
1010,807,4,11.0,7,2019,1,2019-03-17,05:10:00,albert_park,hulkenberg
1010,8,51,9.0,8,2019,1,2019-03-17,05:10:00,albert_park,raikkonen
1010,840,211,16.0,9,2019,1,2019-03-17,05:10:00,albert_park,stroll
1010,826,5,15.0,10,2019,1,2019-03-17,05:10:00,albert_park,kvyat
1010,842,9,17.0,11,2019,1,2019-03-17,05:10:00,albert_park,gasly
1010,846,1,8.0,12,2019,1,2019-03-17,05:10:00,albert_park,norris
1010,815,211,10.0,13,2019,1,2019-03-17,05:10:00,albert_park,perez
1010,848,5,13.0,14,2019,1,2019-03-17,05:10:00,albert_park,albon
1010,841,51,14.0,15,2019,1,2019-03-17,05:10:00,albert_park,giovinazzi
1010,847,3,19.0,16,2019,1,2019-03-17,05:10:00,albert_park,russell
1010,9,3,20.0,17,2019,1,2019-03-17,05:10:00,albert_park,kubica
1010,154,210,6.0,,2019,1,2019-03-17,05:10:00,albert_park,grosjean
1010,817,4,12.0,,2019,1,2019-03-17,05:10:00,albert_park,ricciardo
1010,832,1,18.0,,2019,1,2019-03-17,05:10:00,albert_park,sainz
1011,1,131,3.0,1,2019,3,2019-03-31,15:10:00,bahrain,hamilton
1011,822,131,4.0,2,2019,3,2019-03-31,15:10:00,bahrain,bottas
1011,844,6,1.0,3,2019,3,2019-03-31,15:10:00,bahrain,leclerc
1011,830,9,5.0,4,2019,3,2019-03-31,15:10:00,bahrain,max_verstappen
1011,20,6,2.0,5,2019,3,2019-03-31,15:10:00,bahrain,vettel
1011,846,1,9.0,6,2019,3,2019-03-31,15:10:00,bahrain,norris
1011,8,51,8.0,7,2019,3,2019-03-31,15:10:00,bahrain,raikkonen
1011,842,9,13.0,8,2019,3,2019-03-31,15:10:00,bahrain,gasly
1011,848,5,12.0,9,2019,3,2019-03-31,15:10:00,bahrain,albon
1011,815,211,14.0,10,2019,3,2019-03-31,15:10:00,bahrain,perez
1011,841,51,16.0,11,2019,3,2019-03-31,15:10:00,bahrain,giovinazzi
1011,826,5,15.0,12,2019,3,2019-03-31,15:10:00,bahrain,kvyat
1011,825,210,6.0,13,2019,3,2019-03-31,15:10:00,bahrain,kevin_magnussen
1011,840,211,18.0,14,2019,3,2019-03-31,15:10:00,bahrain,stroll
1011,847,3,19.0,15,2019,3,2019-03-31,15:10:00,bahrain,russell
1011,9,3,20.0,16,2019,3,2019-03-31,15:10:00,bahrain,kubica
1011,807,4,17.0,,2019,3,2019-03-31,15:10:00,bahrain,hulkenberg
1011,817,4,10.0,,2019,3,2019-03-31,15:10:00,bahrain,ricciardo
1011,832,1,7.0,,2019,3,2019-03-31,15:10:00,bahrain,sainz
1011,154,210,11.0,,2019,3,2019-03-31,15:10:00,bahrain,grosjean
1012,1,131,2.0,1,2019,17,2019-04-14,06:10:00,shanghai,hamilton
1012,822,131,1.0,2,2019,17,2019-04-14,06:10:00,shanghai,bottas
1012,20,6,3.0,3,2019,17,2019-04-14,06:10:00,shanghai,vettel
1012,830,9,5.0,4,2019,17,2019-04-14,06:10:00,shanghai,max_verstappen
1012,844,6,4.0,5,2019,17,2019-04-14,06:10:00,shanghai,leclerc
1012,842,9,6.0,6,2019,17,2019-04-14,06:10:00,shanghai,gasly
1012,817,4,7.0,7,2019,17,2019-04-14,06:10:00,shanghai,ricciardo
1012,815,211,12.0,8,2019,17,2019-04-14,06:10:00,shanghai,perez
1012,8,51,13.0,9,2019,17,2019-04-14,06:10:00,shanghai,raikkonen
1012,848,5,0.0,10,2019,17,2019-04-14,06:10:00,shanghai,albon
1012,154,210,10.0,11,2019,17,2019-04-14,06:10:00,shanghai,grosjean
1012,840,211,16.0,12,2019,17,2019-04-14,06:10:00,shanghai,stroll
1012,825,210,9.0,13,2019,17,2019-04-14,06:10:00,shanghai,kevin_magnussen
1012,832,1,14.0,14,2019,17,2019-04-14,06:10:00,shanghai,sainz
1012,841,51,19.0,15,2019,17,2019-04-14,06:10:00,shanghai,giovinazzi
1012,847,3,17.0,16,2019,17,2019-04-14,06:10:00,shanghai,russell
1012,9,3,18.0,17,2019,17,2019-04-14,06:10:00,shanghai,kubica
1012,846,1,15.0,18,2019,17,2019-04-14,06:10:00,shanghai,norris
1012,826,5,11.0,,2019,17,2019-04-14,06:10:00,shanghai,kvyat
1012,807,4,8.0,,2019,17,2019-04-14,06:10:00,shanghai,hulkenberg
1013,822,131,1.0,1,2019,73,2019-04-28,12:10:00,baku,bottas
1013,1,131,2.0,2,2019,73,2019-04-28,12:10:00,baku,hamilton
1013,20,6,3.0,3,2019,73,2019-04-28,12:10:00,baku,vettel
1013,830,9,4.0,4,2019,73,2019-04-28,12:10:00,baku,max_verstappen
1013,844,6,8.0,5,2019,73,2019-04-28,12:10:00,baku,leclerc
1013,815,211,5.0,6,2019,73,2019-04-28,12:10:00,baku,perez
1013,832,1,9.0,7,2019,73,2019-04-28,12:10:00,baku,sainz
1013,846,1,7.0,8,2019,73,2019-04-28,12:10:00,baku,norris
1013,840,211,13.0,9,2019,73,2019-04-28,12:10:00,baku,stroll
1013,8,51,0.0,10,2019,73,2019-04-28,12:10:00,baku,raikkonen
1013,848,5,11.0,11,2019,73,2019-04-28,12:10:00,baku,albon
1013,841,51,17.0,12,2019,73,2019-04-28,12:10:00,baku,giovinazzi
1013,825,210,12.0,13,2019,73,2019-04-28,12:10:00,baku,kevin_magnussen
1013,807,4,15.0,14,2019,73,2019-04-28,12:10:00,baku,hulkenberg
1013,847,3,16.0,15,2019,73,2019-04-28,12:10:00,baku,russell
1013,9,3,0.0,16,2019,73,2019-04-28,12:10:00,baku,kubica
1013,842,9,0.0,,2019,73,2019-04-28,12:10:00,baku,gasly
1013,154,210,14.0,,2019,73,2019-04-28,12:10:00,baku,grosjean
1013,826,5,6.0,,2019,73,2019-04-28,12:10:00,baku,kvyat
1013,817,4,10.0,,2019,73,2019-04-28,12:10:00,baku,ricciardo
1014,1,131,2.0,1,2019,4,2019-05-12,13:10:00,catalunya,hamilton
1014,822,131,1.0,2,2019,4,2019-05-12,13:10:00,catalunya,bottas
1014,830,9,4.0,3,2019,4,2019-05-12,13:10:00,catalunya,max_verstappen
1014,20,6,3.0,4,2019,4,2019-05-12,13:10:00,catalunya,vettel
1014,844,6,5.0,5,2019,4,2019-05-12,13:10:00,catalunya,leclerc
1014,842,9,6.0,6,2019,4,2019-05-12,13:10:00,catalunya,gasly
1014,825,210,8.0,7,2019,4,2019-05-12,13:10:00,catalunya,kevin_magnussen
1014,832,1,12.0,8,2019,4,2019-05-12,13:10:00,catalunya,sainz
1014,826,5,9.0,9,2019,4,2019-05-12,13:10:00,catalunya,kvyat
1014,154,210,7.0,10,2019,4,2019-05-12,13:10:00,catalunya,grosjean
1014,848,5,11.0,11,2019,4,2019-05-12,13:10:00,catalunya,albon
1014,817,4,13.0,12,2019,4,2019-05-12,13:10:00,catalunya,ricciardo
1014,807,4,0.0,13,2019,4,2019-05-12,13:10:00,catalunya,hulkenberg
1014,8,51,14.0,14,2019,4,2019-05-12,13:10:00,catalunya,raikkonen
1014,815,211,15.0,15,2019,4,2019-05-12,13:10:00,catalunya,perez
1014,841,51,18.0,16,2019,4,2019-05-12,13:10:00,catalunya,giovinazzi
1014,847,3,19.0,17,2019,4,2019-05-12,13:10:00,catalunya,russell
1014,9,3,17.0,18,2019,4,2019-05-12,13:10:00,catalunya,kubica
1014,840,211,16.0,,2019,4,2019-05-12,13:10:00,catalunya,stroll
1014,846,1,10.0,,2019,4,2019-05-12,13:10:00,catalunya,norris
1015,1,131,1.0,1,2019,6,2019-05-26,13:10:00,monaco,hamilton
1015,20,6,4.0,2,2019,6,2019-05-26,13:10:00,monaco,vettel
1015,822,131,2.0,3,2019,6,2019-05-26,13:10:00,monaco,bottas
1015,830,9,3.0,4,2019,6,2019-05-26,13:10:00,monaco,max_verstappen
1015,842,9,8.0,5,2019,6,2019-05-26,13:10:00,monaco,gasly
1015,832,1,9.0,6,2019,6,2019-05-26,13:10:00,monaco,sainz
1015,826,5,7.0,7,2019,6,2019-05-26,13:10:00,monaco,kvyat
1015,848,5,10.0,8,2019,6,2019-05-26,13:10:00,monaco,albon
1015,817,4,6.0,9,2019,6,2019-05-26,13:10:00,monaco,ricciardo
1015,154,210,13.0,10,2019,6,2019-05-26,13:10:00,monaco,grosjean
1015,846,1,12.0,11,2019,6,2019-05-26,13:10:00,monaco,norris
1015,825,210,5.0,14,2019,6,2019-05-26,13:10:00,monaco,kevin_magnussen
1015,815,211,16.0,12,2019,6,2019-05-26,13:10:00,monaco,perez
1015,807,4,11.0,13,2019,6,2019-05-26,13:10:00,monaco,hulkenberg
1015,847,3,19.0,15,2019,6,2019-05-26,13:10:00,monaco,russell
1015,840,211,17.0,16,2019,6,2019-05-26,13:10:00,monaco,stroll
1015,8,51,14.0,17,2019,6,2019-05-26,13:10:00,monaco,raikkonen
1015,9,3,20.0,18,2019,6,2019-05-26,13:10:00,monaco,kubica
1015,841,51,18.0,19,2019,6,2019-05-26,13:10:00,monaco,giovinazzi
1015,844,6,15.0,,2019,6,2019-05-26,13:10:00,monaco,leclerc
1016,1,131,2.0,1,2019,7,2019-06-09,18:10:00,villeneuve,hamilton
1016,20,6,1.0,2,2019,7,2019-06-09,18:10:00,villeneuve,vettel
1016,844,6,3.0,3,2019,7,2019-06-09,18:10:00,villeneuve,leclerc
1016,822,131,6.0,4,2019,7,2019-06-09,18:10:00,villeneuve,bottas
1016,830,9,9.0,5,2019,7,2019-06-09,18:10:00,villeneuve,max_verstappen
1016,817,4,4.0,6,2019,7,2019-06-09,18:10:00,villeneuve,ricciardo
1016,807,4,7.0,7,2019,7,2019-06-09,18:10:00,villeneuve,hulkenberg
1016,842,9,5.0,8,2019,7,2019-06-09,18:10:00,villeneuve,gasly
1016,840,211,17.0,9,2019,7,2019-06-09,18:10:00,villeneuve,stroll
1016,826,5,10.0,10,2019,7,2019-06-09,18:10:00,villeneuve,kvyat
1016,832,1,11.0,11,2019,7,2019-06-09,18:10:00,villeneuve,sainz
1016,815,211,15.0,12,2019,7,2019-06-09,18:10:00,villeneuve,perez
1016,841,51,12.0,13,2019,7,2019-06-09,18:10:00,villeneuve,giovinazzi
1016,154,210,14.0,14,2019,7,2019-06-09,18:10:00,villeneuve,grosjean
1016,8,51,16.0,15,2019,7,2019-06-09,18:10:00,villeneuve,raikkonen
1016,847,3,18.0,16,2019,7,2019-06-09,18:10:00,villeneuve,russell
1016,825,210,0.0,17,2019,7,2019-06-09,18:10:00,villeneuve,kevin_magnussen
1016,9,3,19.0,18,2019,7,2019-06-09,18:10:00,villeneuve,kubica
1016,848,5,13.0,,2019,7,2019-06-09,18:10:00,villeneuve,albon
1016,846,1,8.0,,2019,7,2019-06-09,18:10:00,villeneuve,norris
1017,1,131,1.0,1,2019,34,2019-06-23,13:10:00,ricard,hamilton
1017,822,131,2.0,2,2019,34,2019-06-23,13:10:00,ricard,bottas
1017,844,6,3.0,3,2019,34,2019-06-23,13:10:00,ricard,leclerc
1017,830,9,4.0,4,2019,34,2019-06-23,13:10:00,ricard,max_verstappen
1017,20,6,7.0,5,2019,34,2019-06-23,13:10:00,ricard,vettel
1017,832,1,6.0,6,2019,34,2019-06-23,13:10:00,ricard,sainz
1017,8,51,12.0,7,2019,34,2019-06-23,13:10:00,ricard,raikkonen
1017,807,4,13.0,8,2019,34,2019-06-23,13:10:00,ricard,hulkenberg
1017,846,1,5.0,9,2019,34,2019-06-23,13:10:00,ricard,norris
1017,842,9,9.0,10,2019,34,2019-06-23,13:10:00,ricard,gasly
1017,817,4,8.0,11,2019,34,2019-06-23,13:10:00,ricard,ricciardo
1017,815,211,14.0,12,2019,34,2019-06-23,13:10:00,ricard,perez
1017,840,211,17.0,13,2019,34,2019-06-23,13:10:00,ricard,stroll
1017,826,5,19.0,14,2019,34,2019-06-23,13:10:00,ricard,kvyat
1017,848,5,11.0,15,2019,34,2019-06-23,13:10:00,ricard,albon
1017,841,51,10.0,16,2019,34,2019-06-23,13:10:00,ricard,giovinazzi
1017,825,210,15.0,17,2019,34,2019-06-23,13:10:00,ricard,kevin_magnussen
1017,9,3,18.0,18,2019,34,2019-06-23,13:10:00,ricard,kubica
1017,847,3,20.0,19,2019,34,2019-06-23,13:10:00,ricard,russell
1017,154,210,16.0,20,2019,34,2019-06-23,13:10:00,ricard,grosjean
1018,830,9,2.0,1,2019,70,2019-06-30,13:10:00,red_bull_ring,max_verstappen
1018,844,6,1.0,2,2019,70,2019-06-30,13:10:00,red_bull_ring,leclerc
1018,822,131,3.0,3,2019,70,2019-06-30,13:10:00,red_bull_ring,bottas
1018,20,6,9.0,4,2019,70,2019-06-30,13:10:00,red_bull_ring,vettel
1018,1,131,4.0,5,2019,70,2019-06-30,13:10:00,red_bull_ring,hamilton
1018,846,1,5.0,6,2019,70,2019-06-30,13:10:00,red_bull_ring,norris
1018,842,9,8.0,7,2019,70,2019-06-30,13:10:00,red_bull_ring,gasly
1018,832,1,19.0,8,2019,70,2019-06-30,13:10:00,red_bull_ring,sainz
1018,8,51,6.0,9,2019,70,2019-06-30,13:10:00,red_bull_ring,raikkonen
1018,841,51,7.0,10,2019,70,2019-06-30,13:10:00,red_bull_ring,giovinazzi
1018,815,211,13.0,11,2019,70,2019-06-30,13:10:00,red_bull_ring,perez
1018,817,4,12.0,12,2019,70,2019-06-30,13:10:00,red_bull_ring,ricciardo
1018,807,4,15.0,13,2019,70,2019-06-30,13:10:00,red_bull_ring,hulkenberg
1018,840,211,14.0,14,2019,70,2019-06-30,13:10:00,red_bull_ring,stroll
1018,848,5,18.0,15,2019,70,2019-06-30,13:10:00,red_bull_ring,albon
1018,154,210,11.0,16,2019,70,2019-06-30,13:10:00,red_bull_ring,grosjean
1018,826,5,16.0,17,2019,70,2019-06-30,13:10:00,red_bull_ring,kvyat
1018,847,3,0.0,18,2019,70,2019-06-30,13:10:00,red_bull_ring,russell
1018,825,210,10.0,19,2019,70,2019-06-30,13:10:00,red_bull_ring,kevin_magnussen
1018,9,3,17.0,20,2019,70,2019-06-30,13:10:00,red_bull_ring,kubica
1019,1,131,2.0,1,2019,9,2019-07-14,13:10:00,silverstone,hamilton
1019,822,131,1.0,2,2019,9,2019-07-14,13:10:00,silverstone,bottas
1019,844,6,3.0,3,2019,9,2019-07-14,13:10:00,silverstone,leclerc
1019,842,9,5.0,4,2019,9,2019-07-14,13:10:00,silverstone,gasly
1019,830,9,4.0,5,2019,9,2019-07-14,13:10:00,silverstone,max_verstappen
1019,832,1,13.0,6,2019,9,2019-07-14,13:10:00,silverstone,sainz
1019,817,4,7.0,7,2019,9,2019-07-14,13:10:00,silverstone,ricciardo
1019,8,51,12.0,8,2019,9,2019-07-14,13:10:00,silverstone,raikkonen
1019,826,5,17.0,9,2019,9,2019-07-14,13:10:00,silverstone,kvyat
1019,807,4,10.0,10,2019,9,2019-07-14,13:10:00,silverstone,hulkenberg
1019,846,1,8.0,11,2019,9,2019-07-14,13:10:00,silverstone,norris
1019,848,5,9.0,12,2019,9,2019-07-14,13:10:00,silverstone,albon
1019,840,211,18.0,13,2019,9,2019-07-14,13:10:00,silverstone,stroll
1019,847,3,19.0,14,2019,9,2019-07-14,13:10:00,silverstone,russell
1019,9,3,20.0,15,2019,9,2019-07-14,13:10:00,silverstone,kubica
1019,20,6,6.0,16,2019,9,2019-07-14,13:10:00,silverstone,vettel
1019,815,211,15.0,17,2019,9,2019-07-14,13:10:00,silverstone,perez
1019,841,51,11.0,,2019,9,2019-07-14,13:10:00,silverstone,giovinazzi
1019,154,210,14.0,,2019,9,2019-07-14,13:10:00,silverstone,grosjean
1019,825,210,16.0,,2019,9,2019-07-14,13:10:00,silverstone,kevin_magnussen
1020,830,9,2.0,1,2019,10,2019-07-28,13:10:00,hockenheimring,max_verstappen
1020,20,6,20.0,2,2019,10,2019-07-28,13:10:00,hockenheimring,vettel
1020,826,5,14.0,3,2019,10,2019-07-28,13:10:00,hockenheimring,kvyat
1020,840,211,15.0,4,2019,10,2019-07-28,13:10:00,hockenheimring,stroll
1020,832,1,7.0,5,2019,10,2019-07-28,13:10:00,hockenheimring,sainz
1020,848,5,16.0,6,2019,10,2019-07-28,13:10:00,hockenheimring,albon
1020,154,210,6.0,7,2019,10,2019-07-28,13:10:00,hockenheimring,grosjean
1020,825,210,12.0,8,2019,10,2019-07-28,13:10:00,hockenheimring,kevin_magnussen
1020,1,131,1.0,9,2019,10,2019-07-28,13:10:00,hockenheimring,hamilton
1020,9,3,18.0,10,2019,10,2019-07-28,13:10:00,hockenheimring,kubica
1020,847,3,17.0,11,2019,10,2019-07-28,13:10:00,hockenheimring,russell
1020,8,51,5.0,12,2019,10,2019-07-28,13:10:00,hockenheimring,raikkonen
1020,841,51,11.0,13,2019,10,2019-07-28,13:10:00,hockenheimring,giovinazzi
1020,842,9,4.0,14,2019,10,2019-07-28,13:10:00,hockenheimring,gasly
1020,822,131,3.0,,2019,10,2019-07-28,13:10:00,hockenheimring,bottas
1020,807,4,9.0,,2019,10,2019-07-28,13:10:00,hockenheimring,hulkenberg
1020,844,6,10.0,,2019,10,2019-07-28,13:10:00,hockenheimring,leclerc
1020,846,1,19.0,,2019,10,2019-07-28,13:10:00,hockenheimring,norris
1020,817,4,13.0,,2019,10,2019-07-28,13:10:00,hockenheimring,ricciardo
1020,815,211,8.0,,2019,10,2019-07-28,13:10:00,hockenheimring,perez
1021,1,131,3.0,1,2019,11,2019-08-04,13:10:00,hungaroring,hamilton
1021,830,9,1.0,2,2019,11,2019-08-04,13:10:00,hungaroring,max_verstappen
1021,20,6,5.0,3,2019,11,2019-08-04,13:10:00,hungaroring,vettel
1021,844,6,4.0,4,2019,11,2019-08-04,13:10:00,hungaroring,leclerc
1021,832,1,8.0,5,2019,11,2019-08-04,13:10:00,hungaroring,sainz
1021,842,9,6.0,6,2019,11,2019-08-04,13:10:00,hungaroring,gasly
1021,8,51,10.0,7,2019,11,2019-08-04,13:10:00,hungaroring,raikkonen
1021,822,131,2.0,8,2019,11,2019-08-04,13:10:00,hungaroring,bottas
1021,846,1,7.0,9,2019,11,2019-08-04,13:10:00,hungaroring,norris
1021,848,5,12.0,10,2019,11,2019-08-04,13:10:00,hungaroring,albon
1021,815,211,16.0,11,2019,11,2019-08-04,13:10:00,hungaroring,perez
1021,807,4,11.0,12,2019,11,2019-08-04,13:10:00,hungaroring,hulkenberg
1021,825,210,14.0,13,2019,11,2019-08-04,13:10:00,hungaroring,kevin_magnussen
1021,817,4,20.0,14,2019,11,2019-08-04,13:10:00,hungaroring,ricciardo
1021,826,5,13.0,15,2019,11,2019-08-04,13:10:00,hungaroring,kvyat
1021,847,3,15.0,16,2019,11,2019-08-04,13:10:00,hungaroring,russell
1021,840,211,18.0,17,2019,11,2019-08-04,13:10:00,hungaroring,stroll
1021,841,51,17.0,18,2019,11,2019-08-04,13:10:00,hungaroring,giovinazzi
1021,9,3,19.0,19,2019,11,2019-08-04,13:10:00,hungaroring,kubica
1021,154,210,9.0,,2019,11,2019-08-04,13:10:00,hungaroring,grosjean
1022,844,6,1.0,1,2019,13,2019-09-01,13:10:00,spa,leclerc
1022,1,131,3.0,2,2019,13,2019-09-01,13:10:00,spa,hamilton
1022,822,131,4.0,3,2019,13,2019-09-01,13:10:00,spa,bottas
1022,20,6,2.0,4,2019,13,2019-09-01,13:10:00,spa,vettel
1022,848,9,17.0,5,2019,13,2019-09-01,13:10:00,spa,albon
1022,815,211,7.0,6,2019,13,2019-09-01,13:10:00,spa,perez
1022,826,5,19.0,7,2019,13,2019-09-01,13:10:00,spa,kvyat
1022,807,4,12.0,8,2019,13,2019-09-01,13:10:00,spa,hulkenberg
1022,842,5,13.0,9,2019,13,2019-09-01,13:10:00,spa,gasly
1022,840,211,16.0,10,2019,13,2019-09-01,13:10:00,spa,stroll
1022,846,1,11.0,11,2019,13,2019-09-01,13:10:00,spa,norris
1022,825,210,8.0,12,2019,13,2019-09-01,13:10:00,spa,kevin_magnussen
1022,154,210,9.0,13,2019,13,2019-09-01,13:10:00,spa,grosjean
1022,817,4,10.0,14,2019,13,2019-09-01,13:10:00,spa,ricciardo
1022,847,3,14.0,15,2019,13,2019-09-01,13:10:00,spa,russell
1022,8,51,6.0,16,2019,13,2019-09-01,13:10:00,spa,raikkonen
1022,9,3,0.0,17,2019,13,2019-09-01,13:10:00,spa,kubica
1022,841,51,18.0,18,2019,13,2019-09-01,13:10:00,spa,giovinazzi
1022,832,1,15.0,,2019,13,2019-09-01,13:10:00,spa,sainz
1022,830,9,5.0,,2019,13,2019-09-01,13:10:00,spa,max_verstappen
1023,844,6,1.0,1,2019,14,2019-09-08,13:10:00,monza,leclerc
1023,822,131,3.0,2,2019,14,2019-09-08,13:10:00,monza,bottas
1023,1,131,2.0,3,2019,14,2019-09-08,13:10:00,monza,hamilton
1023,817,4,5.0,4,2019,14,2019-09-08,13:10:00,monza,ricciardo
1023,807,4,6.0,5,2019,14,2019-09-08,13:10:00,monza,hulkenberg
1023,848,9,8.0,6,2019,14,2019-09-08,13:10:00,monza,albon
1023,815,211,18.0,7,2019,14,2019-09-08,13:10:00,monza,perez
1023,830,9,19.0,8,2019,14,2019-09-08,13:10:00,monza,max_verstappen
1023,841,51,10.0,9,2019,14,2019-09-08,13:10:00,monza,giovinazzi
1023,846,1,16.0,10,2019,14,2019-09-08,13:10:00,monza,norris
1023,842,5,17.0,11,2019,14,2019-09-08,13:10:00,monza,gasly
1023,840,211,9.0,12,2019,14,2019-09-08,13:10:00,monza,stroll
1023,20,6,4.0,13,2019,14,2019-09-08,13:10:00,monza,vettel
1023,847,3,14.0,14,2019,14,2019-09-08,13:10:00,monza,russell
1023,8,51,0.0,15,2019,14,2019-09-08,13:10:00,monza,raikkonen
1023,154,210,13.0,16,2019,14,2019-09-08,13:10:00,monza,grosjean
1023,9,3,15.0,17,2019,14,2019-09-08,13:10:00,monza,kubica
1023,825,210,11.0,,2019,14,2019-09-08,13:10:00,monza,kevin_magnussen
1023,826,5,12.0,,2019,14,2019-09-08,13:10:00,monza,kvyat
1023,832,1,7.0,,2019,14,2019-09-08,13:10:00,monza,sainz
1024,20,6,3.0,1,2019,15,2019-09-22,12:10:00,marina_bay,vettel
1024,844,6,1.0,2,2019,15,2019-09-22,12:10:00,marina_bay,leclerc
1024,830,9,4.0,3,2019,15,2019-09-22,12:10:00,marina_bay,max_verstappen
1024,1,131,2.0,4,2019,15,2019-09-22,12:10:00,marina_bay,hamilton
1024,822,131,5.0,5,2019,15,2019-09-22,12:10:00,marina_bay,bottas
1024,848,9,6.0,6,2019,15,2019-09-22,12:10:00,marina_bay,albon
1024,846,1,9.0,7,2019,15,2019-09-22,12:10:00,marina_bay,norris
1024,842,5,11.0,8,2019,15,2019-09-22,12:10:00,marina_bay,gasly
1024,807,4,8.0,9,2019,15,2019-09-22,12:10:00,marina_bay,hulkenberg
1024,841,51,10.0,10,2019,15,2019-09-22,12:10:00,marina_bay,giovinazzi
1024,154,210,17.0,11,2019,15,2019-09-22,12:10:00,marina_bay,grosjean
1024,832,1,7.0,12,2019,15,2019-09-22,12:10:00,marina_bay,sainz
1024,840,211,16.0,13,2019,15,2019-09-22,12:10:00,marina_bay,stroll
1024,817,4,20.0,14,2019,15,2019-09-22,12:10:00,marina_bay,ricciardo
1024,826,5,14.0,15,2019,15,2019-09-22,12:10:00,marina_bay,kvyat
1024,9,3,19.0,16,2019,15,2019-09-22,12:10:00,marina_bay,kubica
1024,825,210,13.0,17,2019,15,2019-09-22,12:10:00,marina_bay,kevin_magnussen
1024,8,51,12.0,,2019,15,2019-09-22,12:10:00,marina_bay,raikkonen
1024,815,211,15.0,,2019,15,2019-09-22,12:10:00,marina_bay,perez
1024,847,3,18.0,,2019,15,2019-09-22,12:10:00,marina_bay,russell
1025,1,131,2.0,1,2019,71,2019-09-29,11:10:00,sochi,hamilton
1025,822,131,4.0,2,2019,71,2019-09-29,11:10:00,sochi,bottas
1025,844,6,1.0,3,2019,71,2019-09-29,11:10:00,sochi,leclerc
1025,830,9,9.0,4,2019,71,2019-09-29,11:10:00,sochi,max_verstappen
1025,848,9,0.0,5,2019,71,2019-09-29,11:10:00,sochi,albon
1025,832,1,5.0,6,2019,71,2019-09-29,11:10:00,sochi,sainz
1025,815,211,11.0,7,2019,71,2019-09-29,11:10:00,sochi,perez
1025,846,1,7.0,8,2019,71,2019-09-29,11:10:00,sochi,norris
1025,825,210,13.0,9,2019,71,2019-09-29,11:10:00,sochi,kevin_magnussen
1025,807,4,6.0,10,2019,71,2019-09-29,11:10:00,sochi,hulkenberg
1025,840,211,14.0,11,2019,71,2019-09-29,11:10:00,sochi,stroll
1025,826,5,19.0,12,2019,71,2019-09-29,11:10:00,sochi,kvyat
1025,8,51,15.0,13,2019,71,2019-09-29,11:10:00,sochi,raikkonen
1025,842,5,16.0,14,2019,71,2019-09-29,11:10:00,sochi,gasly
1025,841,51,12.0,15,2019,71,2019-09-29,11:10:00,sochi,giovinazzi
1025,9,3,18.0,,2019,71,2019-09-29,11:10:00,sochi,kubica
1025,847,3,17.0,,2019,71,2019-09-29,11:10:00,sochi,russell
1025,20,6,3.0,,2019,71,2019-09-29,11:10:00,sochi,vettel
1025,817,4,10.0,,2019,71,2019-09-29,11:10:00,sochi,ricciardo
1025,154,210,8.0,,2019,71,2019-09-29,11:10:00,sochi,grosjean
1026,822,131,3.0,1,2019,22,2019-10-13,05:10:00,suzuka,bottas
1026,20,6,1.0,2,2019,22,2019-10-13,05:10:00,suzuka,vettel
1026,1,131,4.0,3,2019,22,2019-10-13,05:10:00,suzuka,hamilton
1026,848,9,6.0,4,2019,22,2019-10-13,05:10:00,suzuka,albon
1026,832,1,7.0,5,2019,22,2019-10-13,05:10:00,suzuka,sainz
1026,844,6,2.0,6,2019,22,2019-10-13,05:10:00,suzuka,leclerc
1026,842,5,9.0,7,2019,22,2019-10-13,05:10:00,suzuka,gasly
1026,815,211,17.0,8,2019,22,2019-10-13,05:10:00,suzuka,perez
1026,840,211,12.0,9,2019,22,2019-10-13,05:10:00,suzuka,stroll
1026,826,5,14.0,10,2019,22,2019-10-13,05:10:00,suzuka,kvyat
1026,846,1,8.0,11,2019,22,2019-10-13,05:10:00,suzuka,norris
1026,8,51,13.0,12,2019,22,2019-10-13,05:10:00,suzuka,raikkonen
1026,154,210,10.0,13,2019,22,2019-10-13,05:10:00,suzuka,grosjean
1026,841,51,11.0,14,2019,22,2019-10-13,05:10:00,suzuka,giovinazzi
1026,825,210,19.0,15,2019,22,2019-10-13,05:10:00,suzuka,kevin_magnussen
1026,847,3,18.0,16,2019,22,2019-10-13,05:10:00,suzuka,russell
1026,9,3,0.0,17,2019,22,2019-10-13,05:10:00,suzuka,kubica
1026,830,9,5.0,,2019,22,2019-10-13,05:10:00,suzuka,max_verstappen
1026,817,4,16.0,,2019,22,2019-10-13,05:10:00,suzuka,ricciardo
1026,807,4,15.0,,2019,22,2019-10-13,05:10:00,suzuka,hulkenberg
1027,1,131,3.0,1,2019,32,2019-10-27,19:10:00,rodriguez,hamilton
1027,20,6,2.0,2,2019,32,2019-10-27,19:10:00,rodriguez,vettel
1027,822,131,6.0,3,2019,32,2019-10-27,19:10:00,rodriguez,bottas
1027,844,6,1.0,4,2019,32,2019-10-27,19:10:00,rodriguez,leclerc
1027,848,9,5.0,5,2019,32,2019-10-27,19:10:00,rodriguez,albon
1027,830,9,4.0,6,2019,32,2019-10-27,19:10:00,rodriguez,max_verstappen
1027,815,211,11.0,7,2019,32,2019-10-27,19:10:00,rodriguez,perez
1027,817,4,13.0,8,2019,32,2019-10-27,19:10:00,rodriguez,ricciardo
1027,842,5,10.0,9,2019,32,2019-10-27,19:10:00,rodriguez,gasly
1027,807,4,12.0,10,2019,32,2019-10-27,19:10:00,rodriguez,hulkenberg
1027,826,5,9.0,11,2019,32,2019-10-27,19:10:00,rodriguez,kvyat
1027,840,211,16.0,12,2019,32,2019-10-27,19:10:00,rodriguez,stroll
1027,832,1,7.0,13,2019,32,2019-10-27,19:10:00,rodriguez,sainz
1027,841,51,15.0,14,2019,32,2019-10-27,19:10:00,rodriguez,giovinazzi
1027,825,210,17.0,15,2019,32,2019-10-27,19:10:00,rodriguez,kevin_magnussen
1027,847,3,19.0,16,2019,32,2019-10-27,19:10:00,rodriguez,russell
1027,154,210,18.0,17,2019,32,2019-10-27,19:10:00,rodriguez,grosjean
1027,9,3,20.0,18,2019,32,2019-10-27,19:10:00,rodriguez,kubica
1027,8,51,14.0,,2019,32,2019-10-27,19:10:00,rodriguez,raikkonen
1027,846,1,8.0,,2019,32,2019-10-27,19:10:00,rodriguez,norris
1031,822,131,1.0,1,2020,70,2020-07-05,13:10:00,red_bull_ring,bottas
1028,822,131,1.0,1,2019,69,2019-11-03,19:10:00,americas,bottas
1028,1,131,5.0,2,2019,69,2019-11-03,19:10:00,americas,hamilton
1028,830,9,3.0,3,2019,69,2019-11-03,19:10:00,americas,max_verstappen
1028,844,6,4.0,4,2019,69,2019-11-03,19:10:00,americas,leclerc
1028,848,9,6.0,5,2019,69,2019-11-03,19:10:00,americas,albon
1028,817,4,9.0,6,2019,69,2019-11-03,19:10:00,americas,ricciardo
1028,846,1,8.0,7,2019,69,2019-11-03,19:10:00,americas,norris
1028,832,1,7.0,8,2019,69,2019-11-03,19:10:00,americas,sainz
1028,807,4,11.0,9,2019,69,2019-11-03,19:10:00,americas,hulkenberg
1028,815,211,0.0,10,2019,69,2019-11-03,19:10:00,americas,perez
1028,8,51,17.0,11,2019,69,2019-11-03,19:10:00,americas,raikkonen
1028,826,5,13.0,12,2019,69,2019-11-03,19:10:00,americas,kvyat
1028,840,211,14.0,13,2019,69,2019-11-03,19:10:00,americas,stroll
1028,841,51,16.0,14,2019,69,2019-11-03,19:10:00,americas,giovinazzi
1028,154,210,15.0,15,2019,69,2019-11-03,19:10:00,americas,grosjean
1028,842,5,10.0,16,2019,69,2019-11-03,19:10:00,americas,gasly
1028,847,3,18.0,17,2019,69,2019-11-03,19:10:00,americas,russell
1028,825,210,12.0,18,2019,69,2019-11-03,19:10:00,americas,kevin_magnussen
1028,9,3,19.0,,2019,69,2019-11-03,19:10:00,americas,kubica
1028,20,6,2.0,,2019,69,2019-11-03,19:10:00,americas,vettel
1029,830,9,1.0,1,2019,18,2019-11-17,17:10:00,interlagos,max_verstappen
1029,842,5,6.0,2,2019,18,2019-11-17,17:10:00,interlagos,gasly
1029,832,1,20.0,3,2019,18,2019-11-17,17:10:00,interlagos,sainz
1029,8,51,8.0,4,2019,18,2019-11-17,17:10:00,interlagos,raikkonen
1029,841,51,12.0,5,2019,18,2019-11-17,17:10:00,interlagos,giovinazzi
1029,817,4,11.0,6,2019,18,2019-11-17,17:10:00,interlagos,ricciardo
1029,1,131,3.0,7,2019,18,2019-11-17,17:10:00,interlagos,hamilton
1029,846,1,10.0,8,2019,18,2019-11-17,17:10:00,interlagos,norris
1029,815,211,15.0,9,2019,18,2019-11-17,17:10:00,interlagos,perez
1029,826,5,16.0,10,2019,18,2019-11-17,17:10:00,interlagos,kvyat
1029,825,210,9.0,11,2019,18,2019-11-17,17:10:00,interlagos,kevin_magnussen
1029,847,3,18.0,12,2019,18,2019-11-17,17:10:00,interlagos,russell
1029,154,210,7.0,13,2019,18,2019-11-17,17:10:00,interlagos,grosjean
1029,848,9,5.0,14,2019,18,2019-11-17,17:10:00,interlagos,albon
1029,807,4,13.0,15,2019,18,2019-11-17,17:10:00,interlagos,hulkenberg
1029,9,3,19.0,16,2019,18,2019-11-17,17:10:00,interlagos,kubica
1029,20,6,2.0,17,2019,18,2019-11-17,17:10:00,interlagos,vettel
1029,844,6,14.0,18,2019,18,2019-11-17,17:10:00,interlagos,leclerc
1029,840,211,17.0,19,2019,18,2019-11-17,17:10:00,interlagos,stroll
1029,822,131,4.0,,2019,18,2019-11-17,17:10:00,interlagos,bottas
1030,1,131,1.0,1,2019,24,2019-12-01,13:10:00,yas_marina,hamilton
1030,830,9,2.0,2,2019,24,2019-12-01,13:10:00,yas_marina,max_verstappen
1030,844,6,3.0,3,2019,24,2019-12-01,13:10:00,yas_marina,leclerc
1030,822,131,20.0,4,2019,24,2019-12-01,13:10:00,yas_marina,bottas
1030,20,6,4.0,5,2019,24,2019-12-01,13:10:00,yas_marina,vettel
1030,848,9,5.0,6,2019,24,2019-12-01,13:10:00,yas_marina,albon
1030,815,211,10.0,7,2019,24,2019-12-01,13:10:00,yas_marina,perez
1030,846,1,6.0,8,2019,24,2019-12-01,13:10:00,yas_marina,norris
1030,826,5,13.0,9,2019,24,2019-12-01,13:10:00,yas_marina,kvyat
1030,832,1,8.0,10,2019,24,2019-12-01,13:10:00,yas_marina,sainz
1030,817,4,7.0,11,2019,24,2019-12-01,13:10:00,yas_marina,ricciardo
1030,807,4,9.0,12,2019,24,2019-12-01,13:10:00,yas_marina,hulkenberg
1030,8,51,17.0,13,2019,24,2019-12-01,13:10:00,yas_marina,raikkonen
1030,825,210,14.0,14,2019,24,2019-12-01,13:10:00,yas_marina,kevin_magnussen
1030,154,210,15.0,15,2019,24,2019-12-01,13:10:00,yas_marina,grosjean
1030,841,51,16.0,16,2019,24,2019-12-01,13:10:00,yas_marina,giovinazzi
1030,847,3,18.0,17,2019,24,2019-12-01,13:10:00,yas_marina,russell
1030,842,5,11.0,18,2019,24,2019-12-01,13:10:00,yas_marina,gasly
1030,9,3,19.0,19,2019,24,2019-12-01,13:10:00,yas_marina,kubica
1030,840,211,12.0,,2019,24,2019-12-01,13:10:00,yas_marina,stroll
1031,844,6,7.0,2,2020,70,2020-07-05,13:10:00,red_bull_ring,leclerc
1031,846,1,3.0,3,2020,70,2020-07-05,13:10:00,red_bull_ring,norris
1031,1,131,5.0,4,2020,70,2020-07-05,13:10:00,red_bull_ring,hamilton
1031,832,1,8.0,5,2020,70,2020-07-05,13:10:00,red_bull_ring,sainz
1031,815,211,6.0,6,2020,70,2020-07-05,13:10:00,red_bull_ring,perez
1031,842,213,12.0,7,2020,70,2020-07-05,13:10:00,red_bull_ring,gasly
1031,839,4,14.0,8,2020,70,2020-07-05,13:10:00,red_bull_ring,ocon
1031,841,51,18.0,9,2020,70,2020-07-05,13:10:00,red_bull_ring,giovinazzi
1031,20,6,11.0,10,2020,70,2020-07-05,13:10:00,red_bull_ring,vettel
1031,849,3,20.0,11,2020,70,2020-07-05,13:10:00,red_bull_ring,latifi
1031,826,213,13.0,12,2020,70,2020-07-05,13:10:00,red_bull_ring,kvyat
1031,848,9,4.0,13,2020,70,2020-07-05,13:10:00,red_bull_ring,albon
1031,8,51,19.0,,2020,70,2020-07-05,13:10:00,red_bull_ring,raikkonen
1031,847,3,17.0,,2020,70,2020-07-05,13:10:00,red_bull_ring,russell
1031,154,210,15.0,,2020,70,2020-07-05,13:10:00,red_bull_ring,grosjean
1031,825,210,16.0,,2020,70,2020-07-05,13:10:00,red_bull_ring,kevin_magnussen
1031,840,211,9.0,,2020,70,2020-07-05,13:10:00,red_bull_ring,stroll
1031,817,4,10.0,,2020,70,2020-07-05,13:10:00,red_bull_ring,ricciardo
1031,830,9,2.0,,2020,70,2020-07-05,13:10:00,red_bull_ring,max_verstappen
1032,1,131,1.0,1,2020,70,2020-07-12,13:10:00,red_bull_ring,hamilton
1032,822,131,4.0,2,2020,70,2020-07-12,13:10:00,red_bull_ring,bottas
1032,830,9,2.0,3,2020,70,2020-07-12,13:10:00,red_bull_ring,max_verstappen
1032,848,9,6.0,4,2020,70,2020-07-12,13:10:00,red_bull_ring,albon
1032,846,1,9.0,5,2020,70,2020-07-12,13:10:00,red_bull_ring,norris
1032,815,211,17.0,6,2020,70,2020-07-12,13:10:00,red_bull_ring,perez
1032,840,211,12.0,7,2020,70,2020-07-12,13:10:00,red_bull_ring,stroll
1032,817,4,8.0,8,2020,70,2020-07-12,13:10:00,red_bull_ring,ricciardo
1032,832,1,3.0,9,2020,70,2020-07-12,13:10:00,red_bull_ring,sainz
1032,826,213,13.0,10,2020,70,2020-07-12,13:10:00,red_bull_ring,kvyat
1032,8,51,16.0,11,2020,70,2020-07-12,13:10:00,red_bull_ring,raikkonen
1032,825,210,15.0,12,2020,70,2020-07-12,13:10:00,red_bull_ring,kevin_magnussen
1032,154,210,0.0,13,2020,70,2020-07-12,13:10:00,red_bull_ring,grosjean
1032,841,51,19.0,14,2020,70,2020-07-12,13:10:00,red_bull_ring,giovinazzi
1032,842,213,7.0,15,2020,70,2020-07-12,13:10:00,red_bull_ring,gasly
1032,847,3,11.0,16,2020,70,2020-07-12,13:10:00,red_bull_ring,russell
1032,849,3,18.0,17,2020,70,2020-07-12,13:10:00,red_bull_ring,latifi
1032,839,4,5.0,,2020,70,2020-07-12,13:10:00,red_bull_ring,ocon
1032,844,6,14.0,,2020,70,2020-07-12,13:10:00,red_bull_ring,leclerc
1032,20,6,10.0,,2020,70,2020-07-12,13:10:00,red_bull_ring,vettel
1033,1,131,1.0,1,2020,11,2020-07-19,13:10:00,hungaroring,hamilton
1033,830,9,7.0,2,2020,11,2020-07-19,13:10:00,hungaroring,max_verstappen
1033,822,131,2.0,3,2020,11,2020-07-19,13:10:00,hungaroring,bottas
1033,840,211,3.0,4,2020,11,2020-07-19,13:10:00,hungaroring,stroll
1033,848,9,13.0,5,2020,11,2020-07-19,13:10:00,hungaroring,albon
1033,20,6,5.0,6,2020,11,2020-07-19,13:10:00,hungaroring,vettel
1033,815,211,4.0,7,2020,11,2020-07-19,13:10:00,hungaroring,perez
1033,817,4,11.0,8,2020,11,2020-07-19,13:10:00,hungaroring,ricciardo
1033,832,1,9.0,9,2020,11,2020-07-19,13:10:00,hungaroring,sainz
1033,825,210,0.0,10,2020,11,2020-07-19,13:10:00,hungaroring,kevin_magnussen
1033,844,6,6.0,11,2020,11,2020-07-19,13:10:00,hungaroring,leclerc
1033,826,213,17.0,12,2020,11,2020-07-19,13:10:00,hungaroring,kvyat
1033,846,1,8.0,13,2020,11,2020-07-19,13:10:00,hungaroring,norris
1033,839,4,14.0,14,2020,11,2020-07-19,13:10:00,hungaroring,ocon
1033,8,51,20.0,15,2020,11,2020-07-19,13:10:00,hungaroring,raikkonen
1033,154,210,0.0,16,2020,11,2020-07-19,13:10:00,hungaroring,grosjean
1033,841,51,19.0,17,2020,11,2020-07-19,13:10:00,hungaroring,giovinazzi
1033,847,3,12.0,18,2020,11,2020-07-19,13:10:00,hungaroring,russell
1033,849,3,15.0,19,2020,11,2020-07-19,13:10:00,hungaroring,latifi
1033,842,213,10.0,,2020,11,2020-07-19,13:10:00,hungaroring,gasly
1034,1,131,1.0,1,2020,9,2020-08-02,13:10:00,silverstone,hamilton
1034,830,9,3.0,2,2020,9,2020-08-02,13:10:00,silverstone,max_verstappen
1034,844,6,4.0,3,2020,9,2020-08-02,13:10:00,silverstone,leclerc
1034,817,4,8.0,4,2020,9,2020-08-02,13:10:00,silverstone,ricciardo
1034,846,1,5.0,5,2020,9,2020-08-02,13:10:00,silverstone,norris
1034,839,4,9.0,6,2020,9,2020-08-02,13:10:00,silverstone,ocon
1034,842,213,11.0,7,2020,9,2020-08-02,13:10:00,silverstone,gasly
1034,848,9,12.0,8,2020,9,2020-08-02,13:10:00,silverstone,albon
1034,840,211,6.0,9,2020,9,2020-08-02,13:10:00,silverstone,stroll
1034,20,6,10.0,10,2020,9,2020-08-02,13:10:00,silverstone,vettel
1034,822,131,2.0,11,2020,9,2020-08-02,13:10:00,silverstone,bottas
1034,847,3,20.0,12,2020,9,2020-08-02,13:10:00,silverstone,russell
1034,832,1,7.0,13,2020,9,2020-08-02,13:10:00,silverstone,sainz
1034,841,51,15.0,14,2020,9,2020-08-02,13:10:00,silverstone,giovinazzi
1034,849,3,18.0,15,2020,9,2020-08-02,13:10:00,silverstone,latifi
1034,154,210,17.0,16,2020,9,2020-08-02,13:10:00,silverstone,grosjean
1034,8,51,16.0,17,2020,9,2020-08-02,13:10:00,silverstone,raikkonen
1034,826,213,19.0,,2020,9,2020-08-02,13:10:00,silverstone,kvyat
1034,825,210,14.0,,2020,9,2020-08-02,13:10:00,silverstone,kevin_magnussen
1034,807,211,13.0,,2020,9,2020-08-02,13:10:00,silverstone,hulkenberg
1035,830,9,4.0,1,2020,9,2020-08-09,13:10:00,silverstone,max_verstappen
1035,1,131,2.0,2,2020,9,2020-08-09,13:10:00,silverstone,hamilton
1035,822,131,1.0,3,2020,9,2020-08-09,13:10:00,silverstone,bottas
1035,844,6,8.0,4,2020,9,2020-08-09,13:10:00,silverstone,leclerc
1035,848,9,9.0,5,2020,9,2020-08-09,13:10:00,silverstone,albon
1035,840,211,6.0,6,2020,9,2020-08-09,13:10:00,silverstone,stroll
1035,807,211,3.0,7,2020,9,2020-08-09,13:10:00,silverstone,hulkenberg
1035,839,4,14.0,8,2020,9,2020-08-09,13:10:00,silverstone,ocon
1035,846,1,10.0,9,2020,9,2020-08-09,13:10:00,silverstone,norris
1035,826,213,16.0,10,2020,9,2020-08-09,13:10:00,silverstone,kvyat
1035,842,213,7.0,11,2020,9,2020-08-09,13:10:00,silverstone,gasly
1035,20,6,11.0,12,2020,9,2020-08-09,13:10:00,silverstone,vettel
1035,832,1,12.0,13,2020,9,2020-08-09,13:10:00,silverstone,sainz
1035,817,4,5.0,14,2020,9,2020-08-09,13:10:00,silverstone,ricciardo
1035,8,51,20.0,15,2020,9,2020-08-09,13:10:00,silverstone,raikkonen
1035,154,210,13.0,16,2020,9,2020-08-09,13:10:00,silverstone,grosjean
1035,841,51,19.0,17,2020,9,2020-08-09,13:10:00,silverstone,giovinazzi
1035,847,3,15.0,18,2020,9,2020-08-09,13:10:00,silverstone,russell
1035,849,3,18.0,19,2020,9,2020-08-09,13:10:00,silverstone,latifi
1035,825,210,17.0,,2020,9,2020-08-09,13:10:00,silverstone,kevin_magnussen
1036,1,131,1.0,1,2020,4,2020-08-16,13:10:00,catalunya,hamilton
1036,830,9,3.0,2,2020,4,2020-08-16,13:10:00,catalunya,max_verstappen
1036,822,131,2.0,3,2020,4,2020-08-16,13:10:00,catalunya,bottas
1036,840,211,5.0,4,2020,4,2020-08-16,13:10:00,catalunya,stroll
1036,815,211,4.0,5,2020,4,2020-08-16,13:10:00,catalunya,perez
1036,832,1,7.0,6,2020,4,2020-08-16,13:10:00,catalunya,sainz
1036,20,6,11.0,7,2020,4,2020-08-16,13:10:00,catalunya,vettel
1036,848,9,6.0,8,2020,4,2020-08-16,13:10:00,catalunya,albon
1036,842,213,10.0,9,2020,4,2020-08-16,13:10:00,catalunya,gasly
1036,846,1,8.0,10,2020,4,2020-08-16,13:10:00,catalunya,norris
1036,817,4,13.0,11,2020,4,2020-08-16,13:10:00,catalunya,ricciardo
1036,826,213,12.0,12,2020,4,2020-08-16,13:10:00,catalunya,kvyat
1036,839,4,15.0,13,2020,4,2020-08-16,13:10:00,catalunya,ocon
1036,8,51,14.0,14,2020,4,2020-08-16,13:10:00,catalunya,raikkonen
1036,825,210,16.0,15,2020,4,2020-08-16,13:10:00,catalunya,kevin_magnussen
1036,841,51,20.0,16,2020,4,2020-08-16,13:10:00,catalunya,giovinazzi
1036,847,3,18.0,17,2020,4,2020-08-16,13:10:00,catalunya,russell
1036,849,3,19.0,18,2020,4,2020-08-16,13:10:00,catalunya,latifi
1036,154,210,17.0,19,2020,4,2020-08-16,13:10:00,catalunya,grosjean
1036,844,6,9.0,,2020,4,2020-08-16,13:10:00,catalunya,leclerc
1037,1,131,1.0,1,2020,13,2020-08-30,13:10:00,spa,hamilton
1037,822,131,2.0,2,2020,13,2020-08-30,13:10:00,spa,bottas
1037,830,9,3.0,3,2020,13,2020-08-30,13:10:00,spa,max_verstappen
1037,817,4,4.0,4,2020,13,2020-08-30,13:10:00,spa,ricciardo
1037,839,4,6.0,5,2020,13,2020-08-30,13:10:00,spa,ocon
1037,848,9,5.0,6,2020,13,2020-08-30,13:10:00,spa,albon
1037,846,1,10.0,7,2020,13,2020-08-30,13:10:00,spa,norris
1037,842,213,12.0,8,2020,13,2020-08-30,13:10:00,spa,gasly
1037,840,211,9.0,9,2020,13,2020-08-30,13:10:00,spa,stroll
1037,815,211,8.0,10,2020,13,2020-08-30,13:10:00,spa,perez
1037,826,213,11.0,11,2020,13,2020-08-30,13:10:00,spa,kvyat
1037,8,51,16.0,12,2020,13,2020-08-30,13:10:00,spa,raikkonen
1037,20,6,14.0,13,2020,13,2020-08-30,13:10:00,spa,vettel
1037,844,6,13.0,14,2020,13,2020-08-30,13:10:00,spa,leclerc
1037,154,210,17.0,15,2020,13,2020-08-30,13:10:00,spa,grosjean
1037,849,3,19.0,16,2020,13,2020-08-30,13:10:00,spa,latifi
1037,825,210,20.0,17,2020,13,2020-08-30,13:10:00,spa,kevin_magnussen
1037,841,51,18.0,,2020,13,2020-08-30,13:10:00,spa,giovinazzi
1037,847,3,15.0,,2020,13,2020-08-30,13:10:00,spa,russell
1037,832,1,7.0,,2020,13,2020-08-30,13:10:00,spa,sainz
1038,842,213,10.0,1,2020,14,2020-09-06,13:10:00,monza,gasly
1038,832,1,3.0,2,2020,14,2020-09-06,13:10:00,monza,sainz
1038,840,211,8.0,3,2020,14,2020-09-06,13:10:00,monza,stroll
1038,846,1,6.0,4,2020,14,2020-09-06,13:10:00,monza,norris
1038,822,131,2.0,5,2020,14,2020-09-06,13:10:00,monza,bottas
1038,817,4,7.0,6,2020,14,2020-09-06,13:10:00,monza,ricciardo
1038,1,131,1.0,7,2020,14,2020-09-06,13:10:00,monza,hamilton
1038,839,4,12.0,8,2020,14,2020-09-06,13:10:00,monza,ocon
1038,826,213,11.0,9,2020,14,2020-09-06,13:10:00,monza,kvyat
1038,815,211,4.0,10,2020,14,2020-09-06,13:10:00,monza,perez
1038,849,3,20.0,11,2020,14,2020-09-06,13:10:00,monza,latifi
1038,154,210,16.0,12,2020,14,2020-09-06,13:10:00,monza,grosjean
1038,8,51,14.0,13,2020,14,2020-09-06,13:10:00,monza,raikkonen
1038,847,3,19.0,14,2020,14,2020-09-06,13:10:00,monza,russell
1038,848,9,9.0,15,2020,14,2020-09-06,13:10:00,monza,albon
1038,841,51,18.0,16,2020,14,2020-09-06,13:10:00,monza,giovinazzi
1038,830,9,5.0,,2020,14,2020-09-06,13:10:00,monza,max_verstappen
1038,844,6,13.0,,2020,14,2020-09-06,13:10:00,monza,leclerc
1038,825,210,15.0,,2020,14,2020-09-06,13:10:00,monza,kevin_magnussen
1038,20,6,17.0,,2020,14,2020-09-06,13:10:00,monza,vettel
1039,1,131,1.0,1,2020,76,2020-09-13,13:10:00,mugello,hamilton
1039,822,131,2.0,2,2020,76,2020-09-13,13:10:00,mugello,bottas
1039,848,9,4.0,3,2020,76,2020-09-13,13:10:00,mugello,albon
1039,817,4,8.0,4,2020,76,2020-09-13,13:10:00,mugello,ricciardo
1039,815,211,7.0,5,2020,76,2020-09-13,13:10:00,mugello,perez
1039,846,1,11.0,6,2020,76,2020-09-13,13:10:00,mugello,norris
1039,826,213,12.0,7,2020,76,2020-09-13,13:10:00,mugello,kvyat
1039,844,6,5.0,8,2020,76,2020-09-13,13:10:00,mugello,leclerc
1039,8,51,13.0,9,2020,76,2020-09-13,13:10:00,mugello,raikkonen
1039,20,6,14.0,10,2020,76,2020-09-13,13:10:00,mugello,vettel
1039,847,3,18.0,11,2020,76,2020-09-13,13:10:00,mugello,russell
1039,154,210,15.0,12,2020,76,2020-09-13,13:10:00,mugello,grosjean
1039,840,211,6.0,,2020,76,2020-09-13,13:10:00,mugello,stroll
1039,839,4,10.0,,2020,76,2020-09-13,13:10:00,mugello,ocon
1039,849,3,19.0,,2020,76,2020-09-13,13:10:00,mugello,latifi
1039,825,210,20.0,,2020,76,2020-09-13,13:10:00,mugello,kevin_magnussen
1039,841,51,17.0,,2020,76,2020-09-13,13:10:00,mugello,giovinazzi
1039,832,1,9.0,,2020,76,2020-09-13,13:10:00,mugello,sainz
1039,830,9,3.0,,2020,76,2020-09-13,13:10:00,mugello,max_verstappen
1039,842,213,16.0,,2020,76,2020-09-13,13:10:00,mugello,gasly
1040,822,131,3.0,1,2020,71,2020-09-27,11:10:00,sochi,bottas
1040,830,9,2.0,2,2020,71,2020-09-27,11:10:00,sochi,max_verstappen
1040,1,131,1.0,3,2020,71,2020-09-27,11:10:00,sochi,hamilton
1040,815,211,4.0,4,2020,71,2020-09-27,11:10:00,sochi,perez
1040,817,4,5.0,5,2020,71,2020-09-27,11:10:00,sochi,ricciardo
1040,844,6,10.0,6,2020,71,2020-09-27,11:10:00,sochi,leclerc
1040,839,4,7.0,7,2020,71,2020-09-27,11:10:00,sochi,ocon
1040,826,213,11.0,8,2020,71,2020-09-27,11:10:00,sochi,kvyat
1040,842,213,9.0,9,2020,71,2020-09-27,11:10:00,sochi,gasly
1040,848,9,15.0,10,2020,71,2020-09-27,11:10:00,sochi,albon
1040,841,51,17.0,11,2020,71,2020-09-27,11:10:00,sochi,giovinazzi
1040,825,210,18.0,12,2020,71,2020-09-27,11:10:00,sochi,kevin_magnussen
1040,20,6,14.0,13,2020,71,2020-09-27,11:10:00,sochi,vettel
1040,8,51,19.0,14,2020,71,2020-09-27,11:10:00,sochi,raikkonen
1040,846,1,8.0,15,2020,71,2020-09-27,11:10:00,sochi,norris
1040,849,3,20.0,16,2020,71,2020-09-27,11:10:00,sochi,latifi
1040,154,210,16.0,17,2020,71,2020-09-27,11:10:00,sochi,grosjean
1040,847,3,13.0,18,2020,71,2020-09-27,11:10:00,sochi,russell
1040,832,1,6.0,,2020,71,2020-09-27,11:10:00,sochi,sainz
1040,840,211,12.0,,2020,71,2020-09-27,11:10:00,sochi,stroll
1041,1,131,2.0,1,2020,20,2020-10-11,13:10:00,nurburgring,hamilton
1041,830,9,3.0,2,2020,20,2020-10-11,13:10:00,nurburgring,max_verstappen
1041,817,4,6.0,3,2020,20,2020-10-11,13:10:00,nurburgring,ricciardo
1041,815,211,9.0,4,2020,20,2020-10-11,13:10:00,nurburgring,perez
1041,832,1,10.0,5,2020,20,2020-10-11,13:10:00,nurburgring,sainz
1041,842,213,12.0,6,2020,20,2020-10-11,13:10:00,nurburgring,gasly
1041,844,6,4.0,7,2020,20,2020-10-11,13:10:00,nurburgring,leclerc
1041,807,211,20.0,8,2020,20,2020-10-11,13:10:00,nurburgring,hulkenberg
1041,154,210,16.0,9,2020,20,2020-10-11,13:10:00,nurburgring,grosjean
1041,841,51,14.0,10,2020,20,2020-10-11,13:10:00,nurburgring,giovinazzi
1041,20,6,11.0,11,2020,20,2020-10-11,13:10:00,nurburgring,vettel
1041,8,51,19.0,12,2020,20,2020-10-11,13:10:00,nurburgring,raikkonen
1041,825,210,15.0,13,2020,20,2020-10-11,13:10:00,nurburgring,kevin_magnussen
1041,849,3,18.0,14,2020,20,2020-10-11,13:10:00,nurburgring,latifi
1041,826,213,13.0,15,2020,20,2020-10-11,13:10:00,nurburgring,kvyat
1041,846,1,8.0,,2020,20,2020-10-11,13:10:00,nurburgring,norris
1041,848,9,5.0,,2020,20,2020-10-11,13:10:00,nurburgring,albon
1041,839,4,7.0,,2020,20,2020-10-11,13:10:00,nurburgring,ocon
1041,822,131,1.0,,2020,20,2020-10-11,13:10:00,nurburgring,bottas
1041,847,3,17.0,,2020,20,2020-10-11,13:10:00,nurburgring,russell
1042,1,131,1.0,1,2020,75,2020-10-25,12:10:00,portimao,hamilton
1042,822,131,2.0,2,2020,75,2020-10-25,12:10:00,portimao,bottas
1042,830,9,3.0,3,2020,75,2020-10-25,12:10:00,portimao,max_verstappen
1042,844,6,4.0,4,2020,75,2020-10-25,12:10:00,portimao,leclerc
1042,842,213,9.0,5,2020,75,2020-10-25,12:10:00,portimao,gasly
1042,832,1,7.0,6,2020,75,2020-10-25,12:10:00,portimao,sainz
1042,815,211,5.0,7,2020,75,2020-10-25,12:10:00,portimao,perez
1042,839,4,11.0,8,2020,75,2020-10-25,12:10:00,portimao,ocon
1042,817,4,10.0,9,2020,75,2020-10-25,12:10:00,portimao,ricciardo
1042,20,6,15.0,10,2020,75,2020-10-25,12:10:00,portimao,vettel
1042,8,51,16.0,11,2020,75,2020-10-25,12:10:00,portimao,raikkonen
1042,848,9,6.0,12,2020,75,2020-10-25,12:10:00,portimao,albon
1042,846,1,8.0,13,2020,75,2020-10-25,12:10:00,portimao,norris
1042,847,3,14.0,14,2020,75,2020-10-25,12:10:00,portimao,russell
1042,841,51,17.0,15,2020,75,2020-10-25,12:10:00,portimao,giovinazzi
1042,825,210,19.0,16,2020,75,2020-10-25,12:10:00,portimao,kevin_magnussen
1042,154,210,18.0,17,2020,75,2020-10-25,12:10:00,portimao,grosjean
1042,849,3,20.0,18,2020,75,2020-10-25,12:10:00,portimao,latifi
1042,826,213,13.0,19,2020,75,2020-10-25,12:10:00,portimao,kvyat
1042,840,211,12.0,,2020,75,2020-10-25,12:10:00,portimao,stroll
1043,1,131,2.0,1,2020,21,2020-11-01,12:10:00,imola,hamilton
1043,822,131,1.0,2,2020,21,2020-11-01,12:10:00,imola,bottas
1043,817,4,5.0,3,2020,21,2020-11-01,12:10:00,imola,ricciardo
1043,826,213,8.0,4,2020,21,2020-11-01,12:10:00,imola,kvyat
1043,844,6,7.0,5,2020,21,2020-11-01,12:10:00,imola,leclerc
1043,815,211,11.0,6,2020,21,2020-11-01,12:10:00,imola,perez
1043,832,1,10.0,7,2020,21,2020-11-01,12:10:00,imola,sainz
1043,846,1,9.0,8,2020,21,2020-11-01,12:10:00,imola,norris
1043,8,51,18.0,9,2020,21,2020-11-01,12:10:00,imola,raikkonen
1043,841,51,20.0,10,2020,21,2020-11-01,12:10:00,imola,giovinazzi
1043,849,3,19.0,11,2020,21,2020-11-01,12:10:00,imola,latifi
1043,20,6,14.0,12,2020,21,2020-11-01,12:10:00,imola,vettel
1043,840,211,15.0,13,2020,21,2020-11-01,12:10:00,imola,stroll
1043,154,210,16.0,14,2020,21,2020-11-01,12:10:00,imola,grosjean
1043,848,9,6.0,15,2020,21,2020-11-01,12:10:00,imola,albon
1043,847,3,13.0,,2020,21,2020-11-01,12:10:00,imola,russell
1043,830,9,3.0,,2020,21,2020-11-01,12:10:00,imola,max_verstappen
1043,825,210,17.0,,2020,21,2020-11-01,12:10:00,imola,kevin_magnussen
1043,839,4,12.0,,2020,21,2020-11-01,12:10:00,imola,ocon
1043,842,213,4.0,,2020,21,2020-11-01,12:10:00,imola,gasly
1044,1,131,6.0,1,2020,5,2020-11-15,10:10:00,istanbul,hamilton
1044,815,211,3.0,2,2020,5,2020-11-15,10:10:00,istanbul,perez
1044,20,6,11.0,3,2020,5,2020-11-15,10:10:00,istanbul,vettel
1044,844,6,12.0,4,2020,5,2020-11-15,10:10:00,istanbul,leclerc
1044,832,1,15.0,5,2020,5,2020-11-15,10:10:00,istanbul,sainz
1044,830,9,2.0,6,2020,5,2020-11-15,10:10:00,istanbul,max_verstappen
1044,848,9,4.0,7,2020,5,2020-11-15,10:10:00,istanbul,albon
1044,846,1,14.0,8,2020,5,2020-11-15,10:10:00,istanbul,norris
1044,840,211,1.0,9,2020,5,2020-11-15,10:10:00,istanbul,stroll
1044,817,4,5.0,10,2020,5,2020-11-15,10:10:00,istanbul,ricciardo
1044,839,4,7.0,11,2020,5,2020-11-15,10:10:00,istanbul,ocon
1044,826,213,16.0,12,2020,5,2020-11-15,10:10:00,istanbul,kvyat
1044,842,213,19.0,13,2020,5,2020-11-15,10:10:00,istanbul,gasly
1044,822,131,9.0,14,2020,5,2020-11-15,10:10:00,istanbul,bottas
1044,8,51,8.0,15,2020,5,2020-11-15,10:10:00,istanbul,raikkonen
1044,847,3,0.0,16,2020,5,2020-11-15,10:10:00,istanbul,russell
1044,825,210,13.0,17,2020,5,2020-11-15,10:10:00,istanbul,kevin_magnussen
1044,154,210,17.0,,2020,5,2020-11-15,10:10:00,istanbul,grosjean
1044,849,3,0.0,,2020,5,2020-11-15,10:10:00,istanbul,latifi
1044,841,51,10.0,,2020,5,2020-11-15,10:10:00,istanbul,giovinazzi
1045,1,131,1.0,1,2020,3,2020-11-29,14:10:00,bahrain,hamilton
1045,830,9,3.0,2,2020,3,2020-11-29,14:10:00,bahrain,max_verstappen
1045,848,9,4.0,3,2020,3,2020-11-29,14:10:00,bahrain,albon
1045,846,1,9.0,4,2020,3,2020-11-29,14:10:00,bahrain,norris
1045,832,1,15.0,5,2020,3,2020-11-29,14:10:00,bahrain,sainz
1045,842,213,8.0,6,2020,3,2020-11-29,14:10:00,bahrain,gasly
1045,817,4,6.0,7,2020,3,2020-11-29,14:10:00,bahrain,ricciardo
1045,822,131,2.0,8,2020,3,2020-11-29,14:10:00,bahrain,bottas
1045,839,4,7.0,9,2020,3,2020-11-29,14:10:00,bahrain,ocon
1045,844,6,12.0,10,2020,3,2020-11-29,14:10:00,bahrain,leclerc
1045,826,213,10.0,11,2020,3,2020-11-29,14:10:00,bahrain,kvyat
1045,847,3,14.0,12,2020,3,2020-11-29,14:10:00,bahrain,russell
1045,20,6,11.0,13,2020,3,2020-11-29,14:10:00,bahrain,vettel
1045,849,3,20.0,14,2020,3,2020-11-29,14:10:00,bahrain,latifi
1045,8,51,17.0,15,2020,3,2020-11-29,14:10:00,bahrain,raikkonen
1045,841,51,16.0,16,2020,3,2020-11-29,14:10:00,bahrain,giovinazzi
1045,825,210,18.0,17,2020,3,2020-11-29,14:10:00,bahrain,kevin_magnussen
1045,815,211,5.0,18,2020,3,2020-11-29,14:10:00,bahrain,perez
1045,840,211,13.0,,2020,3,2020-11-29,14:10:00,bahrain,stroll
1045,154,210,19.0,,2020,3,2020-11-29,14:10:00,bahrain,grosjean
1046,815,211,5.0,1,2020,3,2020-12-06,17:10:00,bahrain,perez
1046,839,4,11.0,2,2020,3,2020-12-06,17:10:00,bahrain,ocon
1046,840,211,10.0,3,2020,3,2020-12-06,17:10:00,bahrain,stroll
1046,832,1,8.0,4,2020,3,2020-12-06,17:10:00,bahrain,sainz
1046,817,4,7.0,5,2020,3,2020-12-06,17:10:00,bahrain,ricciardo
1046,848,9,12.0,6,2020,3,2020-12-06,17:10:00,bahrain,albon
1046,826,213,6.0,7,2020,3,2020-12-06,17:10:00,bahrain,kvyat
1046,822,131,1.0,8,2020,3,2020-12-06,17:10:00,bahrain,bottas
1046,847,131,2.0,9,2020,3,2020-12-06,17:10:00,bahrain,russell
1046,846,1,19.0,10,2020,3,2020-12-06,17:10:00,bahrain,norris
1046,842,213,9.0,11,2020,3,2020-12-06,17:10:00,bahrain,gasly
1046,20,6,13.0,12,2020,3,2020-12-06,17:10:00,bahrain,vettel
1046,841,51,14.0,13,2020,3,2020-12-06,17:10:00,bahrain,giovinazzi
1046,8,51,18.0,14,2020,3,2020-12-06,17:10:00,bahrain,raikkonen
1046,825,210,15.0,15,2020,3,2020-12-06,17:10:00,bahrain,kevin_magnussen
1046,851,3,17.0,16,2020,3,2020-12-06,17:10:00,bahrain,aitken
1046,850,210,20.0,17,2020,3,2020-12-06,17:10:00,bahrain,pietro_fittipaldi
1046,849,3,16.0,,2020,3,2020-12-06,17:10:00,bahrain,latifi
1046,830,9,3.0,,2020,3,2020-12-06,17:10:00,bahrain,max_verstappen
1046,844,6,4.0,,2020,3,2020-12-06,17:10:00,bahrain,leclerc
1047,830,9,1.0,1,2020,24,2020-12-13,13:10:00,yas_marina,max_verstappen
1047,822,131,2.0,2,2020,24,2020-12-13,13:10:00,yas_marina,bottas
1047,1,131,3.0,3,2020,24,2020-12-13,13:10:00,yas_marina,hamilton
1047,848,9,5.0,4,2020,24,2020-12-13,13:10:00,yas_marina,albon
1047,846,1,4.0,5,2020,24,2020-12-13,13:10:00,yas_marina,norris
1047,832,1,6.0,6,2020,24,2020-12-13,13:10:00,yas_marina,sainz
1047,817,4,11.0,7,2020,24,2020-12-13,13:10:00,yas_marina,ricciardo
1047,842,213,9.0,8,2020,24,2020-12-13,13:10:00,yas_marina,gasly
1047,839,4,10.0,9,2020,24,2020-12-13,13:10:00,yas_marina,ocon
1047,840,211,8.0,10,2020,24,2020-12-13,13:10:00,yas_marina,stroll
1047,826,213,7.0,11,2020,24,2020-12-13,13:10:00,yas_marina,kvyat
1047,8,51,15.0,12,2020,24,2020-12-13,13:10:00,yas_marina,raikkonen
1047,844,6,12.0,13,2020,24,2020-12-13,13:10:00,yas_marina,leclerc
1047,20,6,13.0,14,2020,24,2020-12-13,13:10:00,yas_marina,vettel
1047,847,3,16.0,15,2020,24,2020-12-13,13:10:00,yas_marina,russell
1047,841,51,14.0,16,2020,24,2020-12-13,13:10:00,yas_marina,giovinazzi
1047,849,3,18.0,17,2020,24,2020-12-13,13:10:00,yas_marina,latifi
1047,825,210,20.0,18,2020,24,2020-12-13,13:10:00,yas_marina,kevin_magnussen
1047,850,210,17.0,19,2020,24,2020-12-13,13:10:00,yas_marina,pietro_fittipaldi
1047,815,211,19.0,,2020,24,2020-12-13,13:10:00,yas_marina,perez
1052,1,131,2.0,1,2021,3,2021-03-28,15:00:00,bahrain,hamilton
1052,830,9,1.0,2,2021,3,2021-03-28,15:00:00,bahrain,max_verstappen
1052,822,131,3.0,3,2021,3,2021-03-28,15:00:00,bahrain,bottas
1052,846,1,7.0,4,2021,3,2021-03-28,15:00:00,bahrain,norris
1052,815,9,0.0,5,2021,3,2021-03-28,15:00:00,bahrain,perez
1052,844,6,4.0,6,2021,3,2021-03-28,15:00:00,bahrain,leclerc
1052,817,1,6.0,7,2021,3,2021-03-28,15:00:00,bahrain,ricciardo
1052,832,6,8.0,8,2021,3,2021-03-28,15:00:00,bahrain,sainz
1052,852,213,13.0,9,2021,3,2021-03-28,15:00:00,bahrain,tsunoda
1052,840,117,10.0,10,2021,3,2021-03-28,15:00:00,bahrain,stroll
1052,8,51,14.0,11,2021,3,2021-03-28,15:00:00,bahrain,raikkonen
1052,841,51,12.0,12,2021,3,2021-03-28,15:00:00,bahrain,giovinazzi
1052,839,214,16.0,13,2021,3,2021-03-28,15:00:00,bahrain,ocon
1052,847,3,15.0,14,2021,3,2021-03-28,15:00:00,bahrain,russell
1052,20,117,20.0,15,2021,3,2021-03-28,15:00:00,bahrain,vettel
1052,854,210,18.0,16,2021,3,2021-03-28,15:00:00,bahrain,mick_schumacher
1052,842,213,5.0,17,2021,3,2021-03-28,15:00:00,bahrain,gasly
1052,849,3,17.0,18,2021,3,2021-03-28,15:00:00,bahrain,latifi
1052,4,214,9.0,,2021,3,2021-03-28,15:00:00,bahrain,alonso
1052,853,210,19.0,,2021,3,2021-03-28,15:00:00,bahrain,mazepin
1053,830,9,3.0,1,2021,21,2021-04-18,13:00:00,imola,max_verstappen
1053,1,131,1.0,2,2021,21,2021-04-18,13:00:00,imola,hamilton
1053,846,1,7.0,3,2021,21,2021-04-18,13:00:00,imola,norris
1053,844,6,4.0,4,2021,21,2021-04-18,13:00:00,imola,leclerc
1053,832,6,11.0,5,2021,21,2021-04-18,13:00:00,imola,sainz
1053,817,1,6.0,6,2021,21,2021-04-18,13:00:00,imola,ricciardo
1053,842,213,5.0,7,2021,21,2021-04-18,13:00:00,imola,gasly
1053,840,117,10.0,8,2021,21,2021-04-18,13:00:00,imola,stroll
1053,839,214,9.0,9,2021,21,2021-04-18,13:00:00,imola,ocon
1053,4,214,15.0,10,2021,21,2021-04-18,13:00:00,imola,alonso
1053,815,9,2.0,11,2021,21,2021-04-18,13:00:00,imola,perez
1053,852,213,20.0,12,2021,21,2021-04-18,13:00:00,imola,tsunoda
1053,8,51,16.0,13,2021,21,2021-04-18,13:00:00,imola,raikkonen
1053,841,51,17.0,14,2021,21,2021-04-18,13:00:00,imola,giovinazzi
1053,20,117,0.0,15,2021,21,2021-04-18,13:00:00,imola,vettel
1053,854,210,18.0,16,2021,21,2021-04-18,13:00:00,imola,mick_schumacher
1053,853,210,19.0,17,2021,21,2021-04-18,13:00:00,imola,mazepin
1053,822,131,8.0,,2021,21,2021-04-18,13:00:00,imola,bottas
1053,847,3,12.0,,2021,21,2021-04-18,13:00:00,imola,russell
1053,849,3,14.0,,2021,21,2021-04-18,13:00:00,imola,latifi
1054,1,131,2.0,1,2021,75,2021-05-02,14:00:00,portimao,hamilton
1054,830,9,3.0,2,2021,75,2021-05-02,14:00:00,portimao,max_verstappen
1054,822,131,1.0,3,2021,75,2021-05-02,14:00:00,portimao,bottas
1054,815,9,4.0,4,2021,75,2021-05-02,14:00:00,portimao,perez
1054,846,1,7.0,5,2021,75,2021-05-02,14:00:00,portimao,norris
1054,844,6,8.0,6,2021,75,2021-05-02,14:00:00,portimao,leclerc
1054,839,214,6.0,7,2021,75,2021-05-02,14:00:00,portimao,ocon
1054,4,214,13.0,8,2021,75,2021-05-02,14:00:00,portimao,alonso
1054,817,1,16.0,9,2021,75,2021-05-02,14:00:00,portimao,ricciardo
1054,842,213,9.0,10,2021,75,2021-05-02,14:00:00,portimao,gasly
1054,832,6,5.0,11,2021,75,2021-05-02,14:00:00,portimao,sainz
1054,841,51,12.0,12,2021,75,2021-05-02,14:00:00,portimao,giovinazzi
1054,20,117,10.0,13,2021,75,2021-05-02,14:00:00,portimao,vettel
1054,840,117,17.0,14,2021,75,2021-05-02,14:00:00,portimao,stroll
1054,852,213,14.0,15,2021,75,2021-05-02,14:00:00,portimao,tsunoda
1054,847,3,11.0,16,2021,75,2021-05-02,14:00:00,portimao,russell
1054,854,210,19.0,17,2021,75,2021-05-02,14:00:00,portimao,mick_schumacher
1054,849,3,18.0,18,2021,75,2021-05-02,14:00:00,portimao,latifi
1054,853,210,20.0,19,2021,75,2021-05-02,14:00:00,portimao,mazepin
1054,8,51,15.0,,2021,75,2021-05-02,14:00:00,portimao,raikkonen
1055,1,131,1.0,1,2021,4,2021-05-09,13:00:00,catalunya,hamilton
1055,830,9,2.0,2,2021,4,2021-05-09,13:00:00,catalunya,max_verstappen
1055,822,131,3.0,3,2021,4,2021-05-09,13:00:00,catalunya,bottas
1055,844,6,4.0,4,2021,4,2021-05-09,13:00:00,catalunya,leclerc
1055,815,9,8.0,5,2021,4,2021-05-09,13:00:00,catalunya,perez
1055,817,1,7.0,6,2021,4,2021-05-09,13:00:00,catalunya,ricciardo
1055,832,6,6.0,7,2021,4,2021-05-09,13:00:00,catalunya,sainz
1055,846,1,9.0,8,2021,4,2021-05-09,13:00:00,catalunya,norris
1055,839,214,5.0,9,2021,4,2021-05-09,13:00:00,catalunya,ocon
1055,842,213,12.0,10,2021,4,2021-05-09,13:00:00,catalunya,gasly
1055,840,117,11.0,11,2021,4,2021-05-09,13:00:00,catalunya,stroll
1055,8,51,17.0,12,2021,4,2021-05-09,13:00:00,catalunya,raikkonen
1055,20,117,13.0,13,2021,4,2021-05-09,13:00:00,catalunya,vettel
1055,847,3,15.0,14,2021,4,2021-05-09,13:00:00,catalunya,russell
1055,841,51,14.0,15,2021,4,2021-05-09,13:00:00,catalunya,giovinazzi
1055,849,3,19.0,16,2021,4,2021-05-09,13:00:00,catalunya,latifi
1055,4,214,10.0,17,2021,4,2021-05-09,13:00:00,catalunya,alonso
1055,854,210,18.0,18,2021,4,2021-05-09,13:00:00,catalunya,mick_schumacher
1055,853,210,20.0,19,2021,4,2021-05-09,13:00:00,catalunya,mazepin
1055,852,213,16.0,,2021,4,2021-05-09,13:00:00,catalunya,tsunoda
1056,832,6,4.0,2,2021,6,2021-05-23,13:00:00,monaco,sainz
1056,830,9,2.0,1,2021,6,2021-05-23,13:00:00,monaco,max_verstappen
1056,846,1,5.0,3,2021,6,2021-05-23,13:00:00,monaco,norris
1056,815,9,9.0,4,2021,6,2021-05-23,13:00:00,monaco,perez
1056,20,117,8.0,5,2021,6,2021-05-23,13:00:00,monaco,vettel
1056,842,213,6.0,6,2021,6,2021-05-23,13:00:00,monaco,gasly
1056,1,131,7.0,7,2021,6,2021-05-23,13:00:00,monaco,hamilton
1056,840,117,13.0,8,2021,6,2021-05-23,13:00:00,monaco,stroll
1056,839,214,11.0,9,2021,6,2021-05-23,13:00:00,monaco,ocon
1056,841,51,10.0,10,2021,6,2021-05-23,13:00:00,monaco,giovinazzi
1056,8,51,14.0,11,2021,6,2021-05-23,13:00:00,monaco,raikkonen
1056,817,1,12.0,12,2021,6,2021-05-23,13:00:00,monaco,ricciardo
1056,4,214,17.0,13,2021,6,2021-05-23,13:00:00,monaco,alonso
1056,847,3,15.0,14,2021,6,2021-05-23,13:00:00,monaco,russell
1056,849,3,18.0,15,2021,6,2021-05-23,13:00:00,monaco,latifi
1056,852,213,16.0,16,2021,6,2021-05-23,13:00:00,monaco,tsunoda
1056,853,210,19.0,17,2021,6,2021-05-23,13:00:00,monaco,mazepin
1056,854,210,20.0,18,2021,6,2021-05-23,13:00:00,monaco,mick_schumacher
1056,822,131,3.0,,2021,6,2021-05-23,13:00:00,monaco,bottas
1056,844,6,1.0,,2021,6,2021-05-23,13:00:00,monaco,leclerc
1057,815,9,6.0,1,2021,73,2021-06-06,12:00:00,baku,perez
1057,20,117,11.0,2,2021,73,2021-06-06,12:00:00,baku,vettel
1057,842,213,4.0,3,2021,73,2021-06-06,12:00:00,baku,gasly
1057,844,6,1.0,4,2021,73,2021-06-06,12:00:00,baku,leclerc
1057,846,1,9.0,5,2021,73,2021-06-06,12:00:00,baku,norris
1057,4,214,8.0,6,2021,73,2021-06-06,12:00:00,baku,alonso
1057,852,213,7.0,7,2021,73,2021-06-06,12:00:00,baku,tsunoda
1057,832,6,5.0,8,2021,73,2021-06-06,12:00:00,baku,sainz
1057,817,1,13.0,9,2021,73,2021-06-06,12:00:00,baku,ricciardo
1057,8,51,14.0,10,2021,73,2021-06-06,12:00:00,baku,raikkonen
1057,841,51,20.0,11,2021,73,2021-06-06,12:00:00,baku,giovinazzi
1057,822,131,10.0,12,2021,73,2021-06-06,12:00:00,baku,bottas
1057,854,210,17.0,13,2021,73,2021-06-06,12:00:00,baku,mick_schumacher
1057,853,210,18.0,14,2021,73,2021-06-06,12:00:00,baku,mazepin
1057,1,131,2.0,15,2021,73,2021-06-06,12:00:00,baku,hamilton
1057,849,3,16.0,16,2021,73,2021-06-06,12:00:00,baku,latifi
1057,847,3,15.0,,2021,73,2021-06-06,12:00:00,baku,russell
1057,830,9,3.0,,2021,73,2021-06-06,12:00:00,baku,max_verstappen
1057,840,117,19.0,,2021,73,2021-06-06,12:00:00,baku,stroll
1057,839,214,12.0,,2021,73,2021-06-06,12:00:00,baku,ocon
1059,830,9,1.0,1,2021,34,2021-06-20,13:00:00,ricard,max_verstappen
1059,1,131,2.0,2,2021,34,2021-06-20,13:00:00,ricard,hamilton
1059,815,9,4.0,3,2021,34,2021-06-20,13:00:00,ricard,perez
1059,822,131,3.0,4,2021,34,2021-06-20,13:00:00,ricard,bottas
1059,846,1,8.0,5,2021,34,2021-06-20,13:00:00,ricard,norris
1059,817,1,10.0,6,2021,34,2021-06-20,13:00:00,ricard,ricciardo
1059,842,213,6.0,7,2021,34,2021-06-20,13:00:00,ricard,gasly
1059,4,214,9.0,8,2021,34,2021-06-20,13:00:00,ricard,alonso
1059,20,117,12.0,9,2021,34,2021-06-20,13:00:00,ricard,vettel
1059,840,117,19.0,10,2021,34,2021-06-20,13:00:00,ricard,stroll
1059,832,6,5.0,11,2021,34,2021-06-20,13:00:00,ricard,sainz
1059,847,3,14.0,12,2021,34,2021-06-20,13:00:00,ricard,russell
1059,852,213,0.0,13,2021,34,2021-06-20,13:00:00,ricard,tsunoda
1059,839,214,11.0,14,2021,34,2021-06-20,13:00:00,ricard,ocon
1059,841,51,13.0,15,2021,34,2021-06-20,13:00:00,ricard,giovinazzi
1059,844,6,7.0,16,2021,34,2021-06-20,13:00:00,ricard,leclerc
1059,8,51,17.0,17,2021,34,2021-06-20,13:00:00,ricard,raikkonen
1059,849,3,16.0,18,2021,34,2021-06-20,13:00:00,ricard,latifi
1059,854,210,15.0,19,2021,34,2021-06-20,13:00:00,ricard,mick_schumacher
1059,853,210,18.0,20,2021,34,2021-06-20,13:00:00,ricard,mazepin
1058,830,9,1.0,1,2021,70,2021-06-27,13:00:00,red_bull_ring,max_verstappen
1058,1,131,2.0,2,2021,70,2021-06-27,13:00:00,red_bull_ring,hamilton
1058,822,131,5.0,3,2021,70,2021-06-27,13:00:00,red_bull_ring,bottas
1058,815,9,4.0,4,2021,70,2021-06-27,13:00:00,red_bull_ring,perez
1058,846,1,3.0,5,2021,70,2021-06-27,13:00:00,red_bull_ring,norris
1058,832,6,12.0,6,2021,70,2021-06-27,13:00:00,red_bull_ring,sainz
1058,844,6,7.0,7,2021,70,2021-06-27,13:00:00,red_bull_ring,leclerc
1058,840,117,9.0,8,2021,70,2021-06-27,13:00:00,red_bull_ring,stroll
1058,4,214,8.0,9,2021,70,2021-06-27,13:00:00,red_bull_ring,alonso
1058,852,213,11.0,10,2021,70,2021-06-27,13:00:00,red_bull_ring,tsunoda
1058,8,51,18.0,11,2021,70,2021-06-27,13:00:00,red_bull_ring,raikkonen
1058,20,117,14.0,12,2021,70,2021-06-27,13:00:00,red_bull_ring,vettel
1058,817,1,13.0,13,2021,70,2021-06-27,13:00:00,red_bull_ring,ricciardo
1058,839,214,17.0,14,2021,70,2021-06-27,13:00:00,red_bull_ring,ocon
1058,841,51,15.0,15,2021,70,2021-06-27,13:00:00,red_bull_ring,giovinazzi
1058,854,210,19.0,16,2021,70,2021-06-27,13:00:00,red_bull_ring,mick_schumacher
1058,849,3,16.0,17,2021,70,2021-06-27,13:00:00,red_bull_ring,latifi
1058,853,210,20.0,18,2021,70,2021-06-27,13:00:00,red_bull_ring,mazepin
1058,847,3,10.0,,2021,70,2021-06-27,13:00:00,red_bull_ring,russell
1058,842,213,6.0,,2021,70,2021-06-27,13:00:00,red_bull_ring,gasly
1060,830,9,1.0,1,2021,70,2021-07-04,13:00:00,red_bull_ring,max_verstappen
1060,822,131,5.0,2,2021,70,2021-07-04,13:00:00,red_bull_ring,bottas
1060,846,1,2.0,3,2021,70,2021-07-04,13:00:00,red_bull_ring,norris
1060,1,131,4.0,4,2021,70,2021-07-04,13:00:00,red_bull_ring,hamilton
1060,832,6,10.0,5,2021,70,2021-07-04,13:00:00,red_bull_ring,sainz
1060,815,9,3.0,6,2021,70,2021-07-04,13:00:00,red_bull_ring,perez
1060,817,1,13.0,7,2021,70,2021-07-04,13:00:00,red_bull_ring,ricciardo
1060,844,6,12.0,8,2021,70,2021-07-04,13:00:00,red_bull_ring,leclerc
1060,842,213,6.0,9,2021,70,2021-07-04,13:00:00,red_bull_ring,gasly
1060,4,214,14.0,10,2021,70,2021-07-04,13:00:00,red_bull_ring,alonso
1060,847,3,8.0,11,2021,70,2021-07-04,13:00:00,red_bull_ring,russell
1060,852,213,7.0,12,2021,70,2021-07-04,13:00:00,red_bull_ring,tsunoda
1060,840,117,9.0,13,2021,70,2021-07-04,13:00:00,red_bull_ring,stroll
1060,841,51,15.0,14,2021,70,2021-07-04,13:00:00,red_bull_ring,giovinazzi
1060,8,51,16.0,15,2021,70,2021-07-04,13:00:00,red_bull_ring,raikkonen
1060,849,3,18.0,16,2021,70,2021-07-04,13:00:00,red_bull_ring,latifi
1060,20,117,11.0,17,2021,70,2021-07-04,13:00:00,red_bull_ring,vettel
1060,854,210,19.0,18,2021,70,2021-07-04,13:00:00,red_bull_ring,mick_schumacher
1060,853,210,20.0,19,2021,70,2021-07-04,13:00:00,red_bull_ring,mazepin
1060,839,214,17.0,,2021,70,2021-07-04,13:00:00,red_bull_ring,ocon
1061,1,131,2.0,1,2021,9,2021-07-18,14:00:00,silverstone,hamilton
1061,844,6,4.0,2,2021,9,2021-07-18,14:00:00,silverstone,leclerc
1061,822,131,3.0,3,2021,9,2021-07-18,14:00:00,silverstone,bottas
1061,846,1,5.0,4,2021,9,2021-07-18,14:00:00,silverstone,norris
1061,817,1,6.0,5,2021,9,2021-07-18,14:00:00,silverstone,ricciardo
1061,832,6,10.0,6,2021,9,2021-07-18,14:00:00,silverstone,sainz
1061,4,214,7.0,7,2021,9,2021-07-18,14:00:00,silverstone,alonso
1061,840,117,14.0,8,2021,9,2021-07-18,14:00:00,silverstone,stroll
1061,839,214,9.0,9,2021,9,2021-07-18,14:00:00,silverstone,ocon
1061,852,213,16.0,10,2021,9,2021-07-18,14:00:00,silverstone,tsunoda
1061,842,213,11.0,11,2021,9,2021-07-18,14:00:00,silverstone,gasly
1061,847,3,12.0,12,2021,9,2021-07-18,14:00:00,silverstone,russell
1061,841,51,15.0,13,2021,9,2021-07-18,14:00:00,silverstone,giovinazzi
1061,849,3,17.0,14,2021,9,2021-07-18,14:00:00,silverstone,latifi
1061,8,51,13.0,15,2021,9,2021-07-18,14:00:00,silverstone,raikkonen
1061,815,9,0.0,16,2021,9,2021-07-18,14:00:00,silverstone,perez
1061,853,210,19.0,17,2021,9,2021-07-18,14:00:00,silverstone,mazepin
1061,854,210,18.0,18,2021,9,2021-07-18,14:00:00,silverstone,mick_schumacher
1061,20,117,8.0,,2021,9,2021-07-18,14:00:00,silverstone,vettel
1061,830,9,1.0,,2021,9,2021-07-18,14:00:00,silverstone,max_verstappen
1062,839,214,8.0,1,2021,11,2021-08-01,13:00:00,hungaroring,ocon
1062,1,131,1.0,2,2021,11,2021-08-01,13:00:00,hungaroring,hamilton
1062,832,6,15.0,3,2021,11,2021-08-01,13:00:00,hungaroring,sainz
1062,4,214,9.0,4,2021,11,2021-08-01,13:00:00,hungaroring,alonso
1062,842,213,5.0,5,2021,11,2021-08-01,13:00:00,hungaroring,gasly
1062,852,213,16.0,6,2021,11,2021-08-01,13:00:00,hungaroring,tsunoda
1062,849,3,18.0,7,2021,11,2021-08-01,13:00:00,hungaroring,latifi
1062,847,3,17.0,8,2021,11,2021-08-01,13:00:00,hungaroring,russell
1062,830,9,3.0,9,2021,11,2021-08-01,13:00:00,hungaroring,max_verstappen
1062,8,51,13.0,10,2021,11,2021-08-01,13:00:00,hungaroring,raikkonen
1062,817,1,11.0,11,2021,11,2021-08-01,13:00:00,hungaroring,ricciardo
1062,854,210,20.0,12,2021,11,2021-08-01,13:00:00,hungaroring,mick_schumacher
1062,841,51,0.0,13,2021,11,2021-08-01,13:00:00,hungaroring,giovinazzi
1062,853,210,19.0,,2021,11,2021-08-01,13:00:00,hungaroring,mazepin
1062,846,1,6.0,,2021,11,2021-08-01,13:00:00,hungaroring,norris
1062,822,131,2.0,,2021,11,2021-08-01,13:00:00,hungaroring,bottas
1062,815,9,4.0,,2021,11,2021-08-01,13:00:00,hungaroring,perez
1062,844,6,7.0,,2021,11,2021-08-01,13:00:00,hungaroring,leclerc
1062,840,117,12.0,,2021,11,2021-08-01,13:00:00,hungaroring,stroll
1062,20,117,10.0,,2021,11,2021-08-01,13:00:00,hungaroring,vettel
1063,830,9,1.0,1,2021,13,2021-08-29,13:00:00,spa,max_verstappen
1063,847,3,2.0,2,2021,13,2021-08-29,13:00:00,spa,russell
1063,1,131,3.0,3,2021,13,2021-08-29,13:00:00,spa,hamilton
1063,817,1,4.0,4,2021,13,2021-08-29,13:00:00,spa,ricciardo
1063,20,117,5.0,5,2021,13,2021-08-29,13:00:00,spa,vettel
1063,842,213,6.0,6,2021,13,2021-08-29,13:00:00,spa,gasly
1063,839,214,8.0,7,2021,13,2021-08-29,13:00:00,spa,ocon
1063,844,6,9.0,8,2021,13,2021-08-29,13:00:00,spa,leclerc
1063,849,3,10.0,9,2021,13,2021-08-29,13:00:00,spa,latifi
1063,832,6,11.0,10,2021,13,2021-08-29,13:00:00,spa,sainz
1063,4,214,12.0,11,2021,13,2021-08-29,13:00:00,spa,alonso
1063,822,131,13.0,12,2021,13,2021-08-29,13:00:00,spa,bottas
1063,841,51,14.0,13,2021,13,2021-08-29,13:00:00,spa,giovinazzi
1063,846,1,15.0,14,2021,13,2021-08-29,13:00:00,spa,norris
1063,852,213,16.0,15,2021,13,2021-08-29,13:00:00,spa,tsunoda
1063,854,210,17.0,16,2021,13,2021-08-29,13:00:00,spa,mick_schumacher
1063,853,210,18.0,17,2021,13,2021-08-29,13:00:00,spa,mazepin
1063,8,51,0.0,18,2021,13,2021-08-29,13:00:00,spa,raikkonen
1063,815,9,0.0,19,2021,13,2021-08-29,13:00:00,spa,perez
1063,840,117,19.0,20,2021,13,2021-08-29,13:00:00,spa,stroll
1064,830,9,1.0,1,2021,39,2021-09-05,13:00:00,zandvoort,max_verstappen
1064,1,131,2.0,2,2021,39,2021-09-05,13:00:00,zandvoort,hamilton
1064,822,131,3.0,3,2021,39,2021-09-05,13:00:00,zandvoort,bottas
1064,842,213,4.0,4,2021,39,2021-09-05,13:00:00,zandvoort,gasly
1064,844,6,5.0,5,2021,39,2021-09-05,13:00:00,zandvoort,leclerc
1064,4,214,9.0,6,2021,39,2021-09-05,13:00:00,zandvoort,alonso
1064,832,6,6.0,7,2021,39,2021-09-05,13:00:00,zandvoort,sainz
1064,815,9,0.0,8,2021,39,2021-09-05,13:00:00,zandvoort,perez
1064,839,214,8.0,9,2021,39,2021-09-05,13:00:00,zandvoort,ocon
1064,846,1,13.0,10,2021,39,2021-09-05,13:00:00,zandvoort,norris
1064,817,1,10.0,11,2021,39,2021-09-05,13:00:00,zandvoort,ricciardo
1064,840,117,12.0,12,2021,39,2021-09-05,13:00:00,zandvoort,stroll
1064,20,117,15.0,13,2021,39,2021-09-05,13:00:00,zandvoort,vettel
1064,841,51,7.0,14,2021,39,2021-09-05,13:00:00,zandvoort,giovinazzi
1064,9,51,16.0,15,2021,39,2021-09-05,13:00:00,zandvoort,kubica
1064,849,3,0.0,16,2021,39,2021-09-05,13:00:00,zandvoort,latifi
1064,847,3,11.0,17,2021,39,2021-09-05,13:00:00,zandvoort,russell
1064,854,210,17.0,18,2021,39,2021-09-05,13:00:00,zandvoort,mick_schumacher
1064,852,213,14.0,,2021,39,2021-09-05,13:00:00,zandvoort,tsunoda
1064,853,210,18.0,,2021,39,2021-09-05,13:00:00,zandvoort,mazepin
1065,817,1,2.0,1,2021,14,2021-09-12,13:00:00,monza,ricciardo
1065,846,1,3.0,2,2021,14,2021-09-12,13:00:00,monza,norris
1065,822,131,19.0,3,2021,14,2021-09-12,13:00:00,monza,bottas
1065,844,6,5.0,4,2021,14,2021-09-12,13:00:00,monza,leclerc
1065,815,9,8.0,5,2021,14,2021-09-12,13:00:00,monza,perez
1065,832,6,6.0,6,2021,14,2021-09-12,13:00:00,monza,sainz
1065,840,117,9.0,7,2021,14,2021-09-12,13:00:00,monza,stroll
1065,4,214,10.0,8,2021,14,2021-09-12,13:00:00,monza,alonso
1065,847,3,14.0,9,2021,14,2021-09-12,13:00:00,monza,russell
1065,839,214,12.0,10,2021,14,2021-09-12,13:00:00,monza,ocon
1065,849,3,13.0,11,2021,14,2021-09-12,13:00:00,monza,latifi
1065,20,117,11.0,12,2021,14,2021-09-12,13:00:00,monza,vettel
1065,841,51,7.0,13,2021,14,2021-09-12,13:00:00,monza,giovinazzi
1065,9,51,17.0,14,2021,14,2021-09-12,13:00:00,monza,kubica
1065,854,210,18.0,15,2021,14,2021-09-12,13:00:00,monza,mick_schumacher
1065,853,210,16.0,,2021,14,2021-09-12,13:00:00,monza,mazepin
1065,1,131,4.0,,2021,14,2021-09-12,13:00:00,monza,hamilton
1065,830,9,1.0,,2021,14,2021-09-12,13:00:00,monza,max_verstappen
1065,842,213,0.0,,2021,14,2021-09-12,13:00:00,monza,gasly
1065,852,213,0.0,,2021,14,2021-09-12,13:00:00,monza,tsunoda
1066,1,131,4.0,1,2021,71,2021-09-26,12:00:00,sochi,hamilton
1066,830,9,20.0,2,2021,71,2021-09-26,12:00:00,sochi,max_verstappen
1066,832,6,2.0,3,2021,71,2021-09-26,12:00:00,sochi,sainz
1066,817,1,5.0,4,2021,71,2021-09-26,12:00:00,sochi,ricciardo
1066,822,131,16.0,5,2021,71,2021-09-26,12:00:00,sochi,bottas
1066,4,214,6.0,6,2021,71,2021-09-26,12:00:00,sochi,alonso
1066,846,1,1.0,7,2021,71,2021-09-26,12:00:00,sochi,norris
1066,8,51,13.0,8,2021,71,2021-09-26,12:00:00,sochi,raikkonen
1066,815,9,8.0,9,2021,71,2021-09-26,12:00:00,sochi,perez
1066,847,3,3.0,10,2021,71,2021-09-26,12:00:00,sochi,russell
1066,840,117,7.0,11,2021,71,2021-09-26,12:00:00,sochi,stroll
1066,20,117,10.0,12,2021,71,2021-09-26,12:00:00,sochi,vettel
1066,842,213,11.0,13,2021,71,2021-09-26,12:00:00,sochi,gasly
1066,839,214,9.0,14,2021,71,2021-09-26,12:00:00,sochi,ocon
1066,844,6,19.0,15,2021,71,2021-09-26,12:00:00,sochi,leclerc
1066,841,51,17.0,16,2021,71,2021-09-26,12:00:00,sochi,giovinazzi
1066,852,213,12.0,17,2021,71,2021-09-26,12:00:00,sochi,tsunoda
1066,853,210,15.0,18,2021,71,2021-09-26,12:00:00,sochi,mazepin
1066,849,3,18.0,19,2021,71,2021-09-26,12:00:00,sochi,latifi
1066,854,210,14.0,,2021,71,2021-09-26,12:00:00,sochi,mick_schumacher
1067,822,131,1.0,1,2021,5,2021-10-10,12:00:00,istanbul,bottas
1067,830,9,2.0,2,2021,5,2021-10-10,12:00:00,istanbul,max_verstappen
1067,815,9,6.0,3,2021,5,2021-10-10,12:00:00,istanbul,perez
1067,844,6,3.0,4,2021,5,2021-10-10,12:00:00,istanbul,leclerc
1067,1,131,11.0,5,2021,5,2021-10-10,12:00:00,istanbul,hamilton
1067,842,213,4.0,6,2021,5,2021-10-10,12:00:00,istanbul,gasly
1067,846,1,7.0,7,2021,5,2021-10-10,12:00:00,istanbul,norris
1067,832,6,19.0,8,2021,5,2021-10-10,12:00:00,istanbul,sainz
1067,840,117,8.0,9,2021,5,2021-10-10,12:00:00,istanbul,stroll
1067,839,214,12.0,10,2021,5,2021-10-10,12:00:00,istanbul,ocon
1067,841,51,16.0,11,2021,5,2021-10-10,12:00:00,istanbul,giovinazzi
1067,8,51,17.0,12,2021,5,2021-10-10,12:00:00,istanbul,raikkonen
1067,817,1,20.0,13,2021,5,2021-10-10,12:00:00,istanbul,ricciardo
1067,852,213,9.0,14,2021,5,2021-10-10,12:00:00,istanbul,tsunoda
1067,847,3,13.0,15,2021,5,2021-10-10,12:00:00,istanbul,russell
1067,4,214,5.0,16,2021,5,2021-10-10,12:00:00,istanbul,alonso
1067,849,3,15.0,17,2021,5,2021-10-10,12:00:00,istanbul,latifi
1067,20,117,10.0,18,2021,5,2021-10-10,12:00:00,istanbul,vettel
1067,854,210,14.0,19,2021,5,2021-10-10,12:00:00,istanbul,mick_schumacher
1067,853,210,18.0,20,2021,5,2021-10-10,12:00:00,istanbul,mazepin
1069,830,9,1.0,1,2021,69,2021-10-24,19:00:00,americas,max_verstappen
1069,1,131,2.0,2,2021,69,2021-10-24,19:00:00,americas,hamilton
1069,815,9,3.0,3,2021,69,2021-10-24,19:00:00,americas,perez
1069,844,6,4.0,4,2021,69,2021-10-24,19:00:00,americas,leclerc
1069,817,1,6.0,5,2021,69,2021-10-24,19:00:00,americas,ricciardo
1069,822,131,9.0,6,2021,69,2021-10-24,19:00:00,americas,bottas
1069,832,6,5.0,7,2021,69,2021-10-24,19:00:00,americas,sainz
1069,846,1,7.0,8,2021,69,2021-10-24,19:00:00,americas,norris
1069,852,213,10.0,9,2021,69,2021-10-24,19:00:00,americas,tsunoda
1069,20,117,18.0,10,2021,69,2021-10-24,19:00:00,americas,vettel
1069,841,51,12.0,11,2021,69,2021-10-24,19:00:00,americas,giovinazzi
1069,840,117,13.0,12,2021,69,2021-10-24,19:00:00,americas,stroll
1069,8,51,15.0,13,2021,69,2021-10-24,19:00:00,americas,raikkonen
1069,847,3,20.0,14,2021,69,2021-10-24,19:00:00,americas,russell
1069,849,3,14.0,15,2021,69,2021-10-24,19:00:00,americas,latifi
1069,854,210,16.0,16,2021,69,2021-10-24,19:00:00,americas,mick_schumacher
1069,853,210,17.0,17,2021,69,2021-10-24,19:00:00,americas,mazepin
1069,4,214,19.0,,2021,69,2021-10-24,19:00:00,americas,alonso
1069,839,214,11.0,,2021,69,2021-10-24,19:00:00,americas,ocon
1069,842,213,8.0,,2021,69,2021-10-24,19:00:00,americas,gasly
1070,830,9,3.0,1,2021,32,2021-11-07,19:00:00,rodriguez,max_verstappen
1070,1,131,2.0,2,2021,32,2021-11-07,19:00:00,rodriguez,hamilton
1070,815,9,4.0,3,2021,32,2021-11-07,19:00:00,rodriguez,perez
1070,842,213,5.0,4,2021,32,2021-11-07,19:00:00,rodriguez,gasly
1070,844,6,8.0,5,2021,32,2021-11-07,19:00:00,rodriguez,leclerc
1070,832,6,6.0,6,2021,32,2021-11-07,19:00:00,rodriguez,sainz
1070,20,117,9.0,7,2021,32,2021-11-07,19:00:00,rodriguez,vettel
1070,8,51,10.0,8,2021,32,2021-11-07,19:00:00,rodriguez,raikkonen
1070,4,214,12.0,9,2021,32,2021-11-07,19:00:00,rodriguez,alonso
1070,846,1,18.0,10,2021,32,2021-11-07,19:00:00,rodriguez,norris
1070,841,51,11.0,11,2021,32,2021-11-07,19:00:00,rodriguez,giovinazzi
1070,817,1,7.0,12,2021,32,2021-11-07,19:00:00,rodriguez,ricciardo
1070,839,214,19.0,13,2021,32,2021-11-07,19:00:00,rodriguez,ocon
1070,840,117,20.0,14,2021,32,2021-11-07,19:00:00,rodriguez,stroll
1070,822,131,1.0,15,2021,32,2021-11-07,19:00:00,rodriguez,bottas
1070,847,3,16.0,16,2021,32,2021-11-07,19:00:00,rodriguez,russell
1070,849,3,13.0,17,2021,32,2021-11-07,19:00:00,rodriguez,latifi
1070,853,210,15.0,18,2021,32,2021-11-07,19:00:00,rodriguez,mazepin
1070,854,210,14.0,,2021,32,2021-11-07,19:00:00,rodriguez,mick_schumacher
1070,852,213,17.0,,2021,32,2021-11-07,19:00:00,rodriguez,tsunoda
1071,1,131,10.0,1,2021,18,2021-11-14,17:00:00,interlagos,hamilton
1071,830,9,2.0,2,2021,18,2021-11-14,17:00:00,interlagos,max_verstappen
1071,822,131,1.0,3,2021,18,2021-11-14,17:00:00,interlagos,bottas
1071,815,9,4.0,4,2021,18,2021-11-14,17:00:00,interlagos,perez
1071,844,6,6.0,5,2021,18,2021-11-14,17:00:00,interlagos,leclerc
1071,832,6,3.0,6,2021,18,2021-11-14,17:00:00,interlagos,sainz
1071,842,213,7.0,7,2021,18,2021-11-14,17:00:00,interlagos,gasly
1071,839,214,8.0,8,2021,18,2021-11-14,17:00:00,interlagos,ocon
1071,4,214,12.0,9,2021,18,2021-11-14,17:00:00,interlagos,alonso
1071,846,1,5.0,10,2021,18,2021-11-14,17:00:00,interlagos,norris
1071,20,117,9.0,11,2021,18,2021-11-14,17:00:00,interlagos,vettel
1071,8,51,0.0,12,2021,18,2021-11-14,17:00:00,interlagos,raikkonen
1071,847,3,17.0,13,2021,18,2021-11-14,17:00:00,interlagos,russell
1071,841,51,13.0,14,2021,18,2021-11-14,17:00:00,interlagos,giovinazzi
1071,852,213,15.0,15,2021,18,2021-11-14,17:00:00,interlagos,tsunoda
1071,849,3,16.0,16,2021,18,2021-11-14,17:00:00,interlagos,latifi
1071,853,210,19.0,17,2021,18,2021-11-14,17:00:00,interlagos,mazepin
1071,854,210,18.0,18,2021,18,2021-11-14,17:00:00,interlagos,mick_schumacher
1071,817,1,11.0,,2021,18,2021-11-14,17:00:00,interlagos,ricciardo
1071,840,117,14.0,,2021,18,2021-11-14,17:00:00,interlagos,stroll
1051,1,131,1.0,1,2021,78,2021-11-21,14:00:00,losail,hamilton
1051,830,9,7.0,2,2021,78,2021-11-21,14:00:00,losail,max_verstappen
1051,4,214,3.0,3,2021,78,2021-11-21,14:00:00,losail,alonso
1051,815,9,11.0,4,2021,78,2021-11-21,14:00:00,losail,perez
1051,839,214,9.0,5,2021,78,2021-11-21,14:00:00,losail,ocon
1051,840,117,12.0,6,2021,78,2021-11-21,14:00:00,losail,stroll
1051,832,6,5.0,7,2021,78,2021-11-21,14:00:00,losail,sainz
1051,844,6,13.0,8,2021,78,2021-11-21,14:00:00,losail,leclerc
1051,846,1,4.0,9,2021,78,2021-11-21,14:00:00,losail,norris
1051,20,117,10.0,10,2021,78,2021-11-21,14:00:00,losail,vettel
1051,842,213,2.0,11,2021,78,2021-11-21,14:00:00,losail,gasly
1051,817,1,14.0,12,2021,78,2021-11-21,14:00:00,losail,ricciardo
1051,852,213,8.0,13,2021,78,2021-11-21,14:00:00,losail,tsunoda
1051,8,51,16.0,14,2021,78,2021-11-21,14:00:00,losail,raikkonen
1051,841,51,18.0,15,2021,78,2021-11-21,14:00:00,losail,giovinazzi
1051,854,210,19.0,16,2021,78,2021-11-21,14:00:00,losail,mick_schumacher
1051,847,3,15.0,17,2021,78,2021-11-21,14:00:00,losail,russell
1051,853,210,20.0,18,2021,78,2021-11-21,14:00:00,losail,mazepin
1051,849,3,17.0,,2021,78,2021-11-21,14:00:00,losail,latifi
1051,822,131,6.0,,2021,78,2021-11-21,14:00:00,losail,bottas
1072,1,131,1.0,1,2021,77,2021-12-05,17:30:00,jeddah,hamilton
1072,830,9,3.0,2,2021,77,2021-12-05,17:30:00,jeddah,max_verstappen
1072,822,131,2.0,3,2021,77,2021-12-05,17:30:00,jeddah,bottas
1072,839,214,9.0,4,2021,77,2021-12-05,17:30:00,jeddah,ocon
1072,817,1,11.0,5,2021,77,2021-12-05,17:30:00,jeddah,ricciardo
1072,842,213,6.0,6,2021,77,2021-12-05,17:30:00,jeddah,gasly
1072,844,6,4.0,7,2021,77,2021-12-05,17:30:00,jeddah,leclerc
1072,832,6,15.0,8,2021,77,2021-12-05,17:30:00,jeddah,sainz
1072,841,51,10.0,9,2021,77,2021-12-05,17:30:00,jeddah,giovinazzi
1072,846,1,7.0,10,2021,77,2021-12-05,17:30:00,jeddah,norris
1072,840,117,18.0,11,2021,77,2021-12-05,17:30:00,jeddah,stroll
1072,849,3,16.0,12,2021,77,2021-12-05,17:30:00,jeddah,latifi
1072,4,214,13.0,13,2021,77,2021-12-05,17:30:00,jeddah,alonso
1072,852,213,8.0,14,2021,77,2021-12-05,17:30:00,jeddah,tsunoda
1072,8,51,12.0,15,2021,77,2021-12-05,17:30:00,jeddah,raikkonen
1072,20,117,17.0,,2021,77,2021-12-05,17:30:00,jeddah,vettel
1072,815,9,5.0,,2021,77,2021-12-05,17:30:00,jeddah,perez
1072,853,210,20.0,,2021,77,2021-12-05,17:30:00,jeddah,mazepin
1072,847,3,14.0,,2021,77,2021-12-05,17:30:00,jeddah,russell
1072,854,210,19.0,,2021,77,2021-12-05,17:30:00,jeddah,mick_schumacher
1073,830,9,1.0,1,2021,24,2021-12-12,13:00:00,yas_marina,max_verstappen
1073,1,131,2.0,2,2021,24,2021-12-12,13:00:00,yas_marina,hamilton
1073,832,6,5.0,3,2021,24,2021-12-12,13:00:00,yas_marina,sainz
1073,852,213,8.0,4,2021,24,2021-12-12,13:00:00,yas_marina,tsunoda
1073,842,213,12.0,5,2021,24,2021-12-12,13:00:00,yas_marina,gasly
1073,822,131,6.0,6,2021,24,2021-12-12,13:00:00,yas_marina,bottas
1073,846,1,3.0,7,2021,24,2021-12-12,13:00:00,yas_marina,norris
1073,4,214,11.0,8,2021,24,2021-12-12,13:00:00,yas_marina,alonso
1073,839,214,9.0,9,2021,24,2021-12-12,13:00:00,yas_marina,ocon
1073,844,6,7.0,10,2021,24,2021-12-12,13:00:00,yas_marina,leclerc
1073,20,117,15.0,11,2021,24,2021-12-12,13:00:00,yas_marina,vettel
1073,817,1,10.0,12,2021,24,2021-12-12,13:00:00,yas_marina,ricciardo
1073,840,117,13.0,13,2021,24,2021-12-12,13:00:00,yas_marina,stroll
1073,854,210,19.0,14,2021,24,2021-12-12,13:00:00,yas_marina,mick_schumacher
1073,815,9,4.0,15,2021,24,2021-12-12,13:00:00,yas_marina,perez
1073,849,3,16.0,,2021,24,2021-12-12,13:00:00,yas_marina,latifi
1073,841,51,14.0,,2021,24,2021-12-12,13:00:00,yas_marina,giovinazzi
1073,847,3,17.0,,2021,24,2021-12-12,13:00:00,yas_marina,russell
1073,8,51,18.0,,2021,24,2021-12-12,13:00:00,yas_marina,raikkonen
1073,853,210,20.0,,2021,24,2021-12-12,13:00:00,yas_marina,mazepin
1074,844,6,1.0,1,2022,3,2022-03-20,15:00:00,bahrain,leclerc
1074,832,6,3.0,2,2022,3,2022-03-20,15:00:00,bahrain,sainz
1074,1,131,5.0,3,2022,3,2022-03-20,15:00:00,bahrain,hamilton
1074,847,131,9.0,4,2022,3,2022-03-20,15:00:00,bahrain,russell
1074,825,210,7.0,5,2022,3,2022-03-20,15:00:00,bahrain,kevin_magnussen
1074,822,51,6.0,6,2022,3,2022-03-20,15:00:00,bahrain,bottas
1074,839,214,11.0,7,2022,3,2022-03-20,15:00:00,bahrain,ocon
1074,852,213,16.0,8,2022,3,2022-03-20,15:00:00,bahrain,tsunoda
1074,4,214,8.0,9,2022,3,2022-03-20,15:00:00,bahrain,alonso
1074,855,51,15.0,10,2022,3,2022-03-20,15:00:00,bahrain,zhou
1074,854,210,12.0,11,2022,3,2022-03-20,15:00:00,bahrain,mick_schumacher
1074,840,117,19.0,12,2022,3,2022-03-20,15:00:00,bahrain,stroll
1074,848,3,14.0,13,2022,3,2022-03-20,15:00:00,bahrain,albon
1074,817,1,18.0,14,2022,3,2022-03-20,15:00:00,bahrain,ricciardo
1074,846,1,13.0,15,2022,3,2022-03-20,15:00:00,bahrain,norris
1074,849,3,20.0,16,2022,3,2022-03-20,15:00:00,bahrain,latifi
1074,807,117,17.0,17,2022,3,2022-03-20,15:00:00,bahrain,hulkenberg
1074,815,9,4.0,18,2022,3,2022-03-20,15:00:00,bahrain,perez
1074,830,9,2.0,19,2022,3,2022-03-20,15:00:00,bahrain,max_verstappen
1074,842,213,10.0,,2022,3,2022-03-20,15:00:00,bahrain,gasly
1075,830,9,4.0,1,2022,77,2022-03-27,17:00:00,jeddah,max_verstappen
1075,844,6,2.0,2,2022,77,2022-03-27,17:00:00,jeddah,leclerc
1075,832,6,3.0,3,2022,77,2022-03-27,17:00:00,jeddah,sainz
1075,815,9,1.0,4,2022,77,2022-03-27,17:00:00,jeddah,perez
1075,847,131,6.0,5,2022,77,2022-03-27,17:00:00,jeddah,russell
1075,839,214,5.0,6,2022,77,2022-03-27,17:00:00,jeddah,ocon
1075,846,1,11.0,7,2022,77,2022-03-27,17:00:00,jeddah,norris
1075,842,213,9.0,8,2022,77,2022-03-27,17:00:00,jeddah,gasly
1075,825,210,10.0,9,2022,77,2022-03-27,17:00:00,jeddah,kevin_magnussen
1075,1,131,15.0,10,2022,77,2022-03-27,17:00:00,jeddah,hamilton
1075,855,51,12.0,11,2022,77,2022-03-27,17:00:00,jeddah,zhou
1075,807,117,17.0,12,2022,77,2022-03-27,17:00:00,jeddah,hulkenberg
1075,840,117,13.0,13,2022,77,2022-03-27,17:00:00,jeddah,stroll
1075,848,3,16.0,14,2022,77,2022-03-27,17:00:00,jeddah,albon
1075,822,51,8.0,,2022,77,2022-03-27,17:00:00,jeddah,bottas
1075,4,214,7.0,,2022,77,2022-03-27,17:00:00,jeddah,alonso
1075,817,1,14.0,,2022,77,2022-03-27,17:00:00,jeddah,ricciardo
1075,849,3,18.0,,2022,77,2022-03-27,17:00:00,jeddah,latifi
1075,852,213,19.0,,2022,77,2022-03-27,17:00:00,jeddah,tsunoda
1075,854,210,0.0,,2022,77,2022-03-27,17:00:00,jeddah,mick_schumacher
1076,844,6,1.0,1,2022,1,2022-04-10,05:00:00,albert_park,leclerc
1076,815,9,3.0,2,2022,1,2022-04-10,05:00:00,albert_park,perez
1076,847,131,6.0,3,2022,1,2022-04-10,05:00:00,albert_park,russell
1076,1,131,5.0,4,2022,1,2022-04-10,05:00:00,albert_park,hamilton
1076,846,1,4.0,5,2022,1,2022-04-10,05:00:00,albert_park,norris
1076,817,1,7.0,6,2022,1,2022-04-10,05:00:00,albert_park,ricciardo
1076,839,214,8.0,7,2022,1,2022-04-10,05:00:00,albert_park,ocon
1076,822,51,12.0,8,2022,1,2022-04-10,05:00:00,albert_park,bottas
1076,842,213,11.0,9,2022,1,2022-04-10,05:00:00,albert_park,gasly
1076,848,3,20.0,10,2022,1,2022-04-10,05:00:00,albert_park,albon
1076,855,51,14.0,11,2022,1,2022-04-10,05:00:00,albert_park,zhou
1076,840,117,19.0,12,2022,1,2022-04-10,05:00:00,albert_park,stroll
1076,854,210,15.0,13,2022,1,2022-04-10,05:00:00,albert_park,mick_schumacher
1076,825,210,16.0,14,2022,1,2022-04-10,05:00:00,albert_park,kevin_magnussen
1076,852,213,13.0,15,2022,1,2022-04-10,05:00:00,albert_park,tsunoda
1076,849,3,18.0,16,2022,1,2022-04-10,05:00:00,albert_park,latifi
1076,4,214,10.0,17,2022,1,2022-04-10,05:00:00,albert_park,alonso
1076,830,9,2.0,,2022,1,2022-04-10,05:00:00,albert_park,max_verstappen
1076,20,117,17.0,,2022,1,2022-04-10,05:00:00,albert_park,vettel
1076,832,6,9.0,,2022,1,2022-04-10,05:00:00,albert_park,sainz
1077,830,9,1.0,1,2022,21,2022-04-24,13:00:00,imola,max_verstappen
1077,815,9,3.0,2,2022,21,2022-04-24,13:00:00,imola,perez
1077,846,1,5.0,3,2022,21,2022-04-24,13:00:00,imola,norris
1077,847,131,11.0,4,2022,21,2022-04-24,13:00:00,imola,russell
1077,822,51,7.0,5,2022,21,2022-04-24,13:00:00,imola,bottas
1077,844,6,2.0,6,2022,21,2022-04-24,13:00:00,imola,leclerc
1077,852,213,12.0,7,2022,21,2022-04-24,13:00:00,imola,tsunoda
1077,20,117,13.0,8,2022,21,2022-04-24,13:00:00,imola,vettel
1077,825,210,8.0,9,2022,21,2022-04-24,13:00:00,imola,kevin_magnussen
1077,840,117,15.0,10,2022,21,2022-04-24,13:00:00,imola,stroll
1077,848,3,18.0,11,2022,21,2022-04-24,13:00:00,imola,albon
1077,842,213,17.0,12,2022,21,2022-04-24,13:00:00,imola,gasly
1077,1,131,14.0,13,2022,21,2022-04-24,13:00:00,imola,hamilton
1077,839,214,16.0,14,2022,21,2022-04-24,13:00:00,imola,ocon
1077,855,51,0.0,15,2022,21,2022-04-24,13:00:00,imola,zhou
1077,849,3,19.0,16,2022,21,2022-04-24,13:00:00,imola,latifi
1077,854,210,10.0,17,2022,21,2022-04-24,13:00:00,imola,mick_schumacher
1077,817,1,6.0,18,2022,21,2022-04-24,13:00:00,imola,ricciardo
1077,4,214,9.0,,2022,21,2022-04-24,13:00:00,imola,alonso
1077,832,6,4.0,,2022,21,2022-04-24,13:00:00,imola,sainz
1078,830,9,3.0,1,2022,79,2022-05-08,19:30:00,miami,max_verstappen
1078,844,6,1.0,2,2022,79,2022-05-08,19:30:00,miami,leclerc
1078,832,6,2.0,3,2022,79,2022-05-08,19:30:00,miami,sainz
1078,815,9,4.0,4,2022,79,2022-05-08,19:30:00,miami,perez
1078,847,131,12.0,5,2022,79,2022-05-08,19:30:00,miami,russell
1078,1,131,6.0,6,2022,79,2022-05-08,19:30:00,miami,hamilton
1078,822,51,5.0,7,2022,79,2022-05-08,19:30:00,miami,bottas
1078,839,214,20.0,8,2022,79,2022-05-08,19:30:00,miami,ocon
1078,848,3,18.0,9,2022,79,2022-05-08,19:30:00,miami,albon
1078,840,117,0.0,10,2022,79,2022-05-08,19:30:00,miami,stroll
1078,4,214,11.0,11,2022,79,2022-05-08,19:30:00,miami,alonso
1078,852,213,9.0,12,2022,79,2022-05-08,19:30:00,miami,tsunoda
1078,817,1,14.0,13,2022,79,2022-05-08,19:30:00,miami,ricciardo
1078,849,3,19.0,14,2022,79,2022-05-08,19:30:00,miami,latifi
1078,854,210,15.0,15,2022,79,2022-05-08,19:30:00,miami,mick_schumacher
1078,825,210,16.0,16,2022,79,2022-05-08,19:30:00,miami,kevin_magnussen
1078,20,117,0.0,17,2022,79,2022-05-08,19:30:00,miami,vettel
1078,842,213,7.0,,2022,79,2022-05-08,19:30:00,miami,gasly
1078,846,1,8.0,,2022,79,2022-05-08,19:30:00,miami,norris
1078,855,51,17.0,,2022,79,2022-05-08,19:30:00,miami,zhou
1079,830,9,2.0,1,2022,4,2022-05-22,13:00:00,catalunya,max_verstappen
1079,815,9,5.0,2,2022,4,2022-05-22,13:00:00,catalunya,perez
1079,847,131,4.0,3,2022,4,2022-05-22,13:00:00,catalunya,russell
1079,832,6,3.0,4,2022,4,2022-05-22,13:00:00,catalunya,sainz
1079,1,131,6.0,5,2022,4,2022-05-22,13:00:00,catalunya,hamilton
1079,822,51,7.0,6,2022,4,2022-05-22,13:00:00,catalunya,bottas
1079,839,214,12.0,7,2022,4,2022-05-22,13:00:00,catalunya,ocon
1079,846,1,11.0,8,2022,4,2022-05-22,13:00:00,catalunya,norris
1079,4,214,20.0,9,2022,4,2022-05-22,13:00:00,catalunya,alonso
1079,852,213,13.0,10,2022,4,2022-05-22,13:00:00,catalunya,tsunoda
1079,20,117,16.0,11,2022,4,2022-05-22,13:00:00,catalunya,vettel
1079,817,1,9.0,12,2022,4,2022-05-22,13:00:00,catalunya,ricciardo
1079,842,213,14.0,13,2022,4,2022-05-22,13:00:00,catalunya,gasly
1079,854,210,10.0,14,2022,4,2022-05-22,13:00:00,catalunya,mick_schumacher
1079,840,117,17.0,15,2022,4,2022-05-22,13:00:00,catalunya,stroll
1079,849,3,19.0,16,2022,4,2022-05-22,13:00:00,catalunya,latifi
1079,825,210,8.0,17,2022,4,2022-05-22,13:00:00,catalunya,kevin_magnussen
1079,848,3,18.0,18,2022,4,2022-05-22,13:00:00,catalunya,albon
1079,855,51,15.0,,2022,4,2022-05-22,13:00:00,catalunya,zhou
1079,844,6,1.0,,2022,4,2022-05-22,13:00:00,catalunya,leclerc
1080,815,9,3.0,1,2022,6,2022-05-29,13:00:00,monaco,perez
1080,832,6,2.0,2,2022,6,2022-05-29,13:00:00,monaco,sainz
1080,830,9,4.0,3,2022,6,2022-05-29,13:00:00,monaco,max_verstappen
1080,844,6,1.0,4,2022,6,2022-05-29,13:00:00,monaco,leclerc
1080,847,131,6.0,5,2022,6,2022-05-29,13:00:00,monaco,russell
1080,846,1,5.0,6,2022,6,2022-05-29,13:00:00,monaco,norris
1080,4,214,7.0,7,2022,6,2022-05-29,13:00:00,monaco,alonso
1080,1,131,8.0,8,2022,6,2022-05-29,13:00:00,monaco,hamilton
1080,822,51,12.0,9,2022,6,2022-05-29,13:00:00,monaco,bottas
1080,20,117,9.0,10,2022,6,2022-05-29,13:00:00,monaco,vettel
1080,842,213,17.0,11,2022,6,2022-05-29,13:00:00,monaco,gasly
1080,839,214,10.0,12,2022,6,2022-05-29,13:00:00,monaco,ocon
1080,817,1,14.0,13,2022,6,2022-05-29,13:00:00,monaco,ricciardo
1080,840,117,18.0,14,2022,6,2022-05-29,13:00:00,monaco,stroll
1080,849,3,19.0,15,2022,6,2022-05-29,13:00:00,monaco,latifi
1080,855,51,20.0,16,2022,6,2022-05-29,13:00:00,monaco,zhou
1080,852,213,11.0,17,2022,6,2022-05-29,13:00:00,monaco,tsunoda
1080,848,3,16.0,,2022,6,2022-05-29,13:00:00,monaco,albon
1080,854,210,15.0,,2022,6,2022-05-29,13:00:00,monaco,mick_schumacher
1080,825,210,13.0,,2022,6,2022-05-29,13:00:00,monaco,kevin_magnussen
1081,830,9,3.0,1,2022,73,2022-06-12,11:00:00,baku,max_verstappen
1081,815,9,2.0,2,2022,73,2022-06-12,11:00:00,baku,perez
1081,847,131,5.0,3,2022,73,2022-06-12,11:00:00,baku,russell
1081,1,131,7.0,4,2022,73,2022-06-12,11:00:00,baku,hamilton
1081,842,213,6.0,5,2022,73,2022-06-12,11:00:00,baku,gasly
1081,20,117,9.0,6,2022,73,2022-06-12,11:00:00,baku,vettel
1081,4,214,10.0,7,2022,73,2022-06-12,11:00:00,baku,alonso
1081,817,1,12.0,8,2022,73,2022-06-12,11:00:00,baku,ricciardo
1081,846,1,11.0,9,2022,73,2022-06-12,11:00:00,baku,norris
1081,839,214,13.0,10,2022,73,2022-06-12,11:00:00,baku,ocon
1081,822,51,15.0,11,2022,73,2022-06-12,11:00:00,baku,bottas
1081,848,3,17.0,12,2022,73,2022-06-12,11:00:00,baku,albon
1081,852,213,8.0,13,2022,73,2022-06-12,11:00:00,baku,tsunoda
1081,854,210,20.0,14,2022,73,2022-06-12,11:00:00,baku,mick_schumacher
1081,849,3,18.0,15,2022,73,2022-06-12,11:00:00,baku,latifi
1081,840,117,19.0,16,2022,73,2022-06-12,11:00:00,baku,stroll
1081,825,210,16.0,,2022,73,2022-06-12,11:00:00,baku,kevin_magnussen
1081,855,51,14.0,,2022,73,2022-06-12,11:00:00,baku,zhou
1081,844,6,1.0,,2022,73,2022-06-12,11:00:00,baku,leclerc
1081,832,6,4.0,,2022,73,2022-06-12,11:00:00,baku,sainz
1082,830,9,1.0,1,2022,7,2022-06-19,18:00:00,villeneuve,max_verstappen
1082,832,6,3.0,2,2022,7,2022-06-19,18:00:00,villeneuve,sainz
1082,1,131,4.0,3,2022,7,2022-06-19,18:00:00,villeneuve,hamilton
1082,847,131,8.0,4,2022,7,2022-06-19,18:00:00,villeneuve,russell
1082,844,6,19.0,5,2022,7,2022-06-19,18:00:00,villeneuve,leclerc
1082,839,214,7.0,6,2022,7,2022-06-19,18:00:00,villeneuve,ocon
1082,822,51,11.0,7,2022,7,2022-06-19,18:00:00,villeneuve,bottas
1082,855,51,10.0,8,2022,7,2022-06-19,18:00:00,villeneuve,zhou
1082,4,214,2.0,9,2022,7,2022-06-19,18:00:00,villeneuve,alonso
1082,840,117,17.0,10,2022,7,2022-06-19,18:00:00,villeneuve,stroll
1082,817,1,9.0,11,2022,7,2022-06-19,18:00:00,villeneuve,ricciardo
1082,20,117,16.0,12,2022,7,2022-06-19,18:00:00,villeneuve,vettel
1082,848,3,12.0,13,2022,7,2022-06-19,18:00:00,villeneuve,albon
1082,842,213,15.0,14,2022,7,2022-06-19,18:00:00,villeneuve,gasly
1082,846,1,14.0,15,2022,7,2022-06-19,18:00:00,villeneuve,norris
1082,849,3,18.0,16,2022,7,2022-06-19,18:00:00,villeneuve,latifi
1082,825,210,5.0,17,2022,7,2022-06-19,18:00:00,villeneuve,kevin_magnussen
1082,852,213,20.0,,2022,7,2022-06-19,18:00:00,villeneuve,tsunoda
1082,854,210,6.0,,2022,7,2022-06-19,18:00:00,villeneuve,mick_schumacher
1082,815,9,13.0,,2022,7,2022-06-19,18:00:00,villeneuve,perez
1083,832,6,1.0,1,2022,9,2022-07-03,14:00:00,silverstone,sainz
1083,815,9,4.0,2,2022,9,2022-07-03,14:00:00,silverstone,perez
1083,1,131,5.0,3,2022,9,2022-07-03,14:00:00,silverstone,hamilton
1083,844,6,3.0,4,2022,9,2022-07-03,14:00:00,silverstone,leclerc
1083,4,214,7.0,5,2022,9,2022-07-03,14:00:00,silverstone,alonso
1083,846,1,6.0,6,2022,9,2022-07-03,14:00:00,silverstone,norris
1083,830,9,2.0,7,2022,9,2022-07-03,14:00:00,silverstone,max_verstappen
1083,854,210,19.0,8,2022,9,2022-07-03,14:00:00,silverstone,mick_schumacher
1083,20,117,18.0,9,2022,9,2022-07-03,14:00:00,silverstone,vettel
1083,825,210,17.0,10,2022,9,2022-07-03,14:00:00,silverstone,kevin_magnussen
1083,840,117,20.0,11,2022,9,2022-07-03,14:00:00,silverstone,stroll
1083,849,3,10.0,12,2022,9,2022-07-03,14:00:00,silverstone,latifi
1083,817,1,14.0,13,2022,9,2022-07-03,14:00:00,silverstone,ricciardo
1083,852,213,13.0,14,2022,9,2022-07-03,14:00:00,silverstone,tsunoda
1083,839,214,15.0,,2022,9,2022-07-03,14:00:00,silverstone,ocon
1083,842,213,11.0,,2022,9,2022-07-03,14:00:00,silverstone,gasly
1083,822,51,12.0,,2022,9,2022-07-03,14:00:00,silverstone,bottas
1083,847,131,8.0,,2022,9,2022-07-03,14:00:00,silverstone,russell
1083,855,51,9.0,,2022,9,2022-07-03,14:00:00,silverstone,zhou
1083,848,3,16.0,,2022,9,2022-07-03,14:00:00,silverstone,albon
1084,844,6,2.0,1,2022,70,2022-07-10,13:00:00,red_bull_ring,leclerc
1084,830,9,1.0,2,2022,70,2022-07-10,13:00:00,red_bull_ring,max_verstappen
1084,1,131,8.0,3,2022,70,2022-07-10,13:00:00,red_bull_ring,hamilton
1084,847,131,4.0,4,2022,70,2022-07-10,13:00:00,red_bull_ring,russell
1084,839,214,6.0,5,2022,70,2022-07-10,13:00:00,red_bull_ring,ocon
1084,854,210,9.0,6,2022,70,2022-07-10,13:00:00,red_bull_ring,mick_schumacher
1084,846,1,10.0,7,2022,70,2022-07-10,13:00:00,red_bull_ring,norris
1084,825,210,7.0,8,2022,70,2022-07-10,13:00:00,red_bull_ring,kevin_magnussen
1084,817,1,11.0,9,2022,70,2022-07-10,13:00:00,red_bull_ring,ricciardo
1084,4,214,19.0,10,2022,70,2022-07-10,13:00:00,red_bull_ring,alonso
1084,822,51,0.0,11,2022,70,2022-07-10,13:00:00,red_bull_ring,bottas
1084,848,3,15.0,12,2022,70,2022-07-10,13:00:00,red_bull_ring,albon
1084,840,117,12.0,13,2022,70,2022-07-10,13:00:00,red_bull_ring,stroll
1084,855,51,13.0,14,2022,70,2022-07-10,13:00:00,red_bull_ring,zhou
1084,842,213,14.0,15,2022,70,2022-07-10,13:00:00,red_bull_ring,gasly
1084,852,213,16.0,16,2022,70,2022-07-10,13:00:00,red_bull_ring,tsunoda
1084,20,117,18.0,17,2022,70,2022-07-10,13:00:00,red_bull_ring,vettel
1084,832,6,3.0,,2022,70,2022-07-10,13:00:00,red_bull_ring,sainz
1084,849,3,17.0,,2022,70,2022-07-10,13:00:00,red_bull_ring,latifi
1084,815,9,5.0,,2022,70,2022-07-10,13:00:00,red_bull_ring,perez
1085,830,9,2.0,1,2022,34,2022-07-24,13:00:00,ricard,max_verstappen
1085,1,131,4.0,2,2022,34,2022-07-24,13:00:00,ricard,hamilton
1085,847,131,6.0,3,2022,34,2022-07-24,13:00:00,ricard,russell
1085,815,9,3.0,4,2022,34,2022-07-24,13:00:00,ricard,perez
1085,832,6,19.0,5,2022,34,2022-07-24,13:00:00,ricard,sainz
1085,4,214,7.0,6,2022,34,2022-07-24,13:00:00,ricard,alonso
1085,846,1,5.0,7,2022,34,2022-07-24,13:00:00,ricard,norris
1085,839,214,10.0,8,2022,34,2022-07-24,13:00:00,ricard,ocon
1085,817,1,9.0,9,2022,34,2022-07-24,13:00:00,ricard,ricciardo
1085,840,117,15.0,10,2022,34,2022-07-24,13:00:00,ricard,stroll
1085,20,117,12.0,11,2022,34,2022-07-24,13:00:00,ricard,vettel
1085,842,213,14.0,12,2022,34,2022-07-24,13:00:00,ricard,gasly
1085,848,3,13.0,13,2022,34,2022-07-24,13:00:00,ricard,albon
1085,822,51,11.0,14,2022,34,2022-07-24,13:00:00,ricard,bottas
1085,854,210,17.0,15,2022,34,2022-07-24,13:00:00,ricard,mick_schumacher
1085,855,51,16.0,16,2022,34,2022-07-24,13:00:00,ricard,zhou
1085,849,3,18.0,,2022,34,2022-07-24,13:00:00,ricard,latifi
1085,825,210,20.0,,2022,34,2022-07-24,13:00:00,ricard,kevin_magnussen
1085,844,6,1.0,,2022,34,2022-07-24,13:00:00,ricard,leclerc
1085,852,213,8.0,,2022,34,2022-07-24,13:00:00,ricard,tsunoda
1086,830,9,10.0,1,2022,11,2022-07-31,13:00:00,hungaroring,max_verstappen
1086,1,131,7.0,2,2022,11,2022-07-31,13:00:00,hungaroring,hamilton
1086,847,131,1.0,3,2022,11,2022-07-31,13:00:00,hungaroring,russell
1086,832,6,2.0,4,2022,11,2022-07-31,13:00:00,hungaroring,sainz
1086,815,9,11.0,5,2022,11,2022-07-31,13:00:00,hungaroring,perez
1086,844,6,3.0,6,2022,11,2022-07-31,13:00:00,hungaroring,leclerc
1086,846,1,4.0,7,2022,11,2022-07-31,13:00:00,hungaroring,norris
1086,4,214,6.0,8,2022,11,2022-07-31,13:00:00,hungaroring,alonso
1086,839,214,5.0,9,2022,11,2022-07-31,13:00:00,hungaroring,ocon
1086,20,117,18.0,10,2022,11,2022-07-31,13:00:00,hungaroring,vettel
1086,840,117,14.0,11,2022,11,2022-07-31,13:00:00,hungaroring,stroll
1086,842,213,0.0,12,2022,11,2022-07-31,13:00:00,hungaroring,gasly
1086,855,51,12.0,13,2022,11,2022-07-31,13:00:00,hungaroring,zhou
1086,854,210,15.0,14,2022,11,2022-07-31,13:00:00,hungaroring,mick_schumacher
1086,817,1,9.0,15,2022,11,2022-07-31,13:00:00,hungaroring,ricciardo
1086,825,210,13.0,16,2022,11,2022-07-31,13:00:00,hungaroring,kevin_magnussen
1086,848,3,17.0,17,2022,11,2022-07-31,13:00:00,hungaroring,albon
1086,849,3,19.0,18,2022,11,2022-07-31,13:00:00,hungaroring,latifi
1086,852,213,16.0,19,2022,11,2022-07-31,13:00:00,hungaroring,tsunoda
1086,822,51,8.0,20,2022,11,2022-07-31,13:00:00,hungaroring,bottas
1087,830,9,14.0,1,2022,13,2022-08-28,13:00:00,spa,max_verstappen
1087,815,9,2.0,2,2022,13,2022-08-28,13:00:00,spa,perez
1087,832,6,1.0,3,2022,13,2022-08-28,13:00:00,spa,sainz
1087,847,131,5.0,4,2022,13,2022-08-28,13:00:00,spa,russell
1087,4,214,3.0,5,2022,13,2022-08-28,13:00:00,spa,alonso
1087,844,6,15.0,6,2022,13,2022-08-28,13:00:00,spa,leclerc
1087,839,214,16.0,7,2022,13,2022-08-28,13:00:00,spa,ocon
1087,20,117,10.0,8,2022,13,2022-08-28,13:00:00,spa,vettel
1087,842,213,0.0,9,2022,13,2022-08-28,13:00:00,spa,gasly
1087,848,3,6.0,10,2022,13,2022-08-28,13:00:00,spa,albon
1087,840,117,9.0,11,2022,13,2022-08-28,13:00:00,spa,stroll
1087,846,1,17.0,12,2022,13,2022-08-28,13:00:00,spa,norris
1087,852,213,0.0,13,2022,13,2022-08-28,13:00:00,spa,tsunoda
1087,855,51,18.0,14,2022,13,2022-08-28,13:00:00,spa,zhou
1087,817,1,7.0,15,2022,13,2022-08-28,13:00:00,spa,ricciardo
1087,825,210,12.0,16,2022,13,2022-08-28,13:00:00,spa,kevin_magnussen
1087,854,210,19.0,17,2022,13,2022-08-28,13:00:00,spa,mick_schumacher
1087,849,3,11.0,18,2022,13,2022-08-28,13:00:00,spa,latifi
1087,822,51,13.0,,2022,13,2022-08-28,13:00:00,spa,bottas
1087,1,131,4.0,,2022,13,2022-08-28,13:00:00,spa,hamilton
1088,830,9,1.0,1,2022,39,2022-09-04,13:00:00,zandvoort,max_verstappen
1088,847,131,6.0,2,2022,39,2022-09-04,13:00:00,zandvoort,russell
1088,844,6,2.0,3,2022,39,2022-09-04,13:00:00,zandvoort,leclerc
1088,1,131,4.0,4,2022,39,2022-09-04,13:00:00,zandvoort,hamilton
1088,815,9,5.0,5,2022,39,2022-09-04,13:00:00,zandvoort,perez
1088,4,214,13.0,6,2022,39,2022-09-04,13:00:00,zandvoort,alonso
1088,846,1,7.0,7,2022,39,2022-09-04,13:00:00,zandvoort,norris
1088,832,6,3.0,8,2022,39,2022-09-04,13:00:00,zandvoort,sainz
1088,839,214,12.0,9,2022,39,2022-09-04,13:00:00,zandvoort,ocon
1088,840,117,10.0,10,2022,39,2022-09-04,13:00:00,zandvoort,stroll
1088,842,213,11.0,11,2022,39,2022-09-04,13:00:00,zandvoort,gasly
1088,848,3,15.0,12,2022,39,2022-09-04,13:00:00,zandvoort,albon
1088,854,210,8.0,13,2022,39,2022-09-04,13:00:00,zandvoort,mick_schumacher
1088,20,117,19.0,14,2022,39,2022-09-04,13:00:00,zandvoort,vettel
1088,825,210,18.0,15,2022,39,2022-09-04,13:00:00,zandvoort,kevin_magnussen
1088,855,51,14.0,16,2022,39,2022-09-04,13:00:00,zandvoort,zhou
1088,817,1,17.0,17,2022,39,2022-09-04,13:00:00,zandvoort,ricciardo
1088,849,3,20.0,18,2022,39,2022-09-04,13:00:00,zandvoort,latifi
1088,822,51,16.0,,2022,39,2022-09-04,13:00:00,zandvoort,bottas
1088,852,213,9.0,,2022,39,2022-09-04,13:00:00,zandvoort,tsunoda
1089,830,9,7.0,1,2022,14,2022-09-11,13:00:00,monza,max_verstappen
1089,844,6,1.0,2,2022,14,2022-09-11,13:00:00,monza,leclerc
1089,847,131,2.0,3,2022,14,2022-09-11,13:00:00,monza,russell
1089,832,6,18.0,4,2022,14,2022-09-11,13:00:00,monza,sainz
1089,1,131,19.0,5,2022,14,2022-09-11,13:00:00,monza,hamilton
1089,815,9,13.0,6,2022,14,2022-09-11,13:00:00,monza,perez
1089,846,1,3.0,7,2022,14,2022-09-11,13:00:00,monza,norris
1089,842,213,5.0,8,2022,14,2022-09-11,13:00:00,monza,gasly
1089,856,3,8.0,9,2022,14,2022-09-11,13:00:00,monza,de_vries
1089,855,51,9.0,10,2022,14,2022-09-11,13:00:00,monza,zhou
1089,839,214,14.0,11,2022,14,2022-09-11,13:00:00,monza,ocon
1089,854,210,17.0,12,2022,14,2022-09-11,13:00:00,monza,mick_schumacher
1089,822,51,15.0,13,2022,14,2022-09-11,13:00:00,monza,bottas
1089,852,213,20.0,14,2022,14,2022-09-11,13:00:00,monza,tsunoda
1089,849,3,10.0,15,2022,14,2022-09-11,13:00:00,monza,latifi
1089,825,210,16.0,16,2022,14,2022-09-11,13:00:00,monza,kevin_magnussen
1089,817,1,4.0,,2022,14,2022-09-11,13:00:00,monza,ricciardo
1089,840,117,12.0,,2022,14,2022-09-11,13:00:00,monza,stroll
1089,4,214,6.0,,2022,14,2022-09-11,13:00:00,monza,alonso
1089,20,117,11.0,,2022,14,2022-09-11,13:00:00,monza,vettel
1091,815,9,2.0,1,2022,15,2022-10-02,12:00:00,marina_bay,perez
1091,844,6,1.0,2,2022,15,2022-10-02,12:00:00,marina_bay,leclerc
1091,832,6,4.0,3,2022,15,2022-10-02,12:00:00,marina_bay,sainz
1091,846,1,6.0,4,2022,15,2022-10-02,12:00:00,marina_bay,norris
1091,817,1,16.0,5,2022,15,2022-10-02,12:00:00,marina_bay,ricciardo
1091,840,117,11.0,6,2022,15,2022-10-02,12:00:00,marina_bay,stroll
1091,830,9,8.0,7,2022,15,2022-10-02,12:00:00,marina_bay,max_verstappen
1091,20,117,13.0,8,2022,15,2022-10-02,12:00:00,marina_bay,vettel
1091,1,131,3.0,9,2022,15,2022-10-02,12:00:00,marina_bay,hamilton
1091,842,213,7.0,10,2022,15,2022-10-02,12:00:00,marina_bay,gasly
1091,822,51,15.0,11,2022,15,2022-10-02,12:00:00,marina_bay,bottas
1091,825,210,9.0,12,2022,15,2022-10-02,12:00:00,marina_bay,kevin_magnussen
1091,854,210,12.0,13,2022,15,2022-10-02,12:00:00,marina_bay,mick_schumacher
1091,847,131,0.0,14,2022,15,2022-10-02,12:00:00,marina_bay,russell
1091,852,213,10.0,,2022,15,2022-10-02,12:00:00,marina_bay,tsunoda
1091,839,214,17.0,,2022,15,2022-10-02,12:00:00,marina_bay,ocon
1091,848,3,18.0,,2022,15,2022-10-02,12:00:00,marina_bay,albon
1091,4,214,5.0,,2022,15,2022-10-02,12:00:00,marina_bay,alonso
1091,849,3,19.0,,2022,15,2022-10-02,12:00:00,marina_bay,latifi
1091,855,51,14.0,,2022,15,2022-10-02,12:00:00,marina_bay,zhou
1092,830,9,1.0,1,2022,22,2022-10-09,05:00:00,suzuka,max_verstappen
1092,815,9,4.0,2,2022,22,2022-10-09,05:00:00,suzuka,perez
1092,844,6,2.0,3,2022,22,2022-10-09,05:00:00,suzuka,leclerc
1092,839,214,5.0,4,2022,22,2022-10-09,05:00:00,suzuka,ocon
1092,1,131,6.0,5,2022,22,2022-10-09,05:00:00,suzuka,hamilton
1092,20,117,9.0,6,2022,22,2022-10-09,05:00:00,suzuka,vettel
1092,4,214,7.0,7,2022,22,2022-10-09,05:00:00,suzuka,alonso
1092,847,131,8.0,8,2022,22,2022-10-09,05:00:00,suzuka,russell
1092,849,3,20.0,9,2022,22,2022-10-09,05:00:00,suzuka,latifi
1092,846,1,10.0,10,2022,22,2022-10-09,05:00:00,suzuka,norris
1092,817,1,11.0,11,2022,22,2022-10-09,05:00:00,suzuka,ricciardo
1092,840,117,19.0,12,2022,22,2022-10-09,05:00:00,suzuka,stroll
1092,852,213,13.0,13,2022,22,2022-10-09,05:00:00,suzuka,tsunoda
1092,825,210,18.0,14,2022,22,2022-10-09,05:00:00,suzuka,kevin_magnussen
1092,822,51,12.0,15,2022,22,2022-10-09,05:00:00,suzuka,bottas
1092,855,51,14.0,16,2022,22,2022-10-09,05:00:00,suzuka,zhou
1092,854,210,15.0,17,2022,22,2022-10-09,05:00:00,suzuka,mick_schumacher
1092,842,213,17.0,18,2022,22,2022-10-09,05:00:00,suzuka,gasly
1092,832,6,3.0,,2022,22,2022-10-09,05:00:00,suzuka,sainz
1092,848,3,16.0,,2022,22,2022-10-09,05:00:00,suzuka,albon
1093,830,9,2.0,1,2022,69,2022-10-23,19:00:00,americas,max_verstappen
1093,1,131,3.0,2,2022,69,2022-10-23,19:00:00,americas,hamilton
1093,844,6,12.0,3,2022,69,2022-10-23,19:00:00,americas,leclerc
1093,815,9,9.0,4,2022,69,2022-10-23,19:00:00,americas,perez
1093,847,131,4.0,5,2022,69,2022-10-23,19:00:00,americas,russell
1093,846,1,6.0,6,2022,69,2022-10-23,19:00:00,americas,norris
1093,4,214,14.0,7,2022,69,2022-10-23,19:00:00,americas,alonso
1093,20,117,10.0,8,2022,69,2022-10-23,19:00:00,americas,vettel
1093,825,210,13.0,9,2022,69,2022-10-23,19:00:00,americas,kevin_magnussen
1093,852,213,19.0,10,2022,69,2022-10-23,19:00:00,americas,tsunoda
1093,839,214,0.0,11,2022,69,2022-10-23,19:00:00,americas,ocon
1093,855,51,18.0,12,2022,69,2022-10-23,19:00:00,americas,zhou
1093,848,3,8.0,13,2022,69,2022-10-23,19:00:00,americas,albon
1093,842,213,11.0,14,2022,69,2022-10-23,19:00:00,americas,gasly
1093,854,210,16.0,15,2022,69,2022-10-23,19:00:00,americas,mick_schumacher
1093,817,1,15.0,16,2022,69,2022-10-23,19:00:00,americas,ricciardo
1093,849,3,17.0,17,2022,69,2022-10-23,19:00:00,americas,latifi
1093,840,117,5.0,,2022,69,2022-10-23,19:00:00,americas,stroll
1093,822,51,7.0,,2022,69,2022-10-23,19:00:00,americas,bottas
1093,832,6,1.0,,2022,69,2022-10-23,19:00:00,americas,sainz
1094,830,9,1.0,1,2022,32,2022-10-30,20:00:00,rodriguez,max_verstappen
1094,1,131,3.0,2,2022,32,2022-10-30,20:00:00,rodriguez,hamilton
1094,815,9,4.0,3,2022,32,2022-10-30,20:00:00,rodriguez,perez
1094,847,131,2.0,4,2022,32,2022-10-30,20:00:00,rodriguez,russell
1094,832,6,5.0,5,2022,32,2022-10-30,20:00:00,rodriguez,sainz
1094,844,6,7.0,6,2022,32,2022-10-30,20:00:00,rodriguez,leclerc
1094,817,1,11.0,7,2022,32,2022-10-30,20:00:00,rodriguez,ricciardo
1094,839,214,10.0,8,2022,32,2022-10-30,20:00:00,rodriguez,ocon
1094,846,1,8.0,9,2022,32,2022-10-30,20:00:00,rodriguez,norris
1094,822,51,6.0,10,2022,32,2022-10-30,20:00:00,rodriguez,bottas
1094,842,213,14.0,11,2022,32,2022-10-30,20:00:00,rodriguez,gasly
1094,848,3,17.0,12,2022,32,2022-10-30,20:00:00,rodriguez,albon
1094,855,51,12.0,13,2022,32,2022-10-30,20:00:00,rodriguez,zhou
1094,20,117,16.0,14,2022,32,2022-10-30,20:00:00,rodriguez,vettel
1094,840,117,20.0,15,2022,32,2022-10-30,20:00:00,rodriguez,stroll
1094,854,210,15.0,16,2022,32,2022-10-30,20:00:00,rodriguez,mick_schumacher
1094,825,210,19.0,17,2022,32,2022-10-30,20:00:00,rodriguez,kevin_magnussen
1094,849,3,18.0,18,2022,32,2022-10-30,20:00:00,rodriguez,latifi
1094,4,214,9.0,19,2022,32,2022-10-30,20:00:00,rodriguez,alonso
1094,852,213,13.0,,2022,32,2022-10-30,20:00:00,rodriguez,tsunoda
1095,847,131,1.0,1,2022,18,2022-11-13,18:00:00,interlagos,russell
1095,1,131,2.0,2,2022,18,2022-11-13,18:00:00,interlagos,hamilton
1095,832,6,7.0,3,2022,18,2022-11-13,18:00:00,interlagos,sainz
1095,844,6,5.0,4,2022,18,2022-11-13,18:00:00,interlagos,leclerc
1095,4,214,17.0,5,2022,18,2022-11-13,18:00:00,interlagos,alonso
1095,830,9,3.0,6,2022,18,2022-11-13,18:00:00,interlagos,max_verstappen
1095,815,9,4.0,7,2022,18,2022-11-13,18:00:00,interlagos,perez
1095,839,214,16.0,8,2022,18,2022-11-13,18:00:00,interlagos,ocon
1095,822,51,14.0,9,2022,18,2022-11-13,18:00:00,interlagos,bottas
1095,840,117,15.0,10,2022,18,2022-11-13,18:00:00,interlagos,stroll
1095,20,117,9.0,11,2022,18,2022-11-13,18:00:00,interlagos,vettel
1095,855,51,13.0,12,2022,18,2022-11-13,18:00:00,interlagos,zhou
1095,854,210,12.0,13,2022,18,2022-11-13,18:00:00,interlagos,mick_schumacher
1095,842,213,10.0,14,2022,18,2022-11-13,18:00:00,interlagos,gasly
1095,848,3,19.0,15,2022,18,2022-11-13,18:00:00,interlagos,albon
1095,849,3,18.0,16,2022,18,2022-11-13,18:00:00,interlagos,latifi
1095,852,213,0.0,17,2022,18,2022-11-13,18:00:00,interlagos,tsunoda
1095,846,1,6.0,,2022,18,2022-11-13,18:00:00,interlagos,norris
1095,825,210,8.0,,2022,18,2022-11-13,18:00:00,interlagos,kevin_magnussen
1095,817,1,11.0,,2022,18,2022-11-13,18:00:00,interlagos,ricciardo
1096,830,9,1.0,1,2022,24,2022-11-20,13:00:00,yas_marina,max_verstappen
1096,844,6,3.0,2,2022,24,2022-11-20,13:00:00,yas_marina,leclerc
1096,815,9,2.0,3,2022,24,2022-11-20,13:00:00,yas_marina,perez
1096,832,6,4.0,4,2022,24,2022-11-20,13:00:00,yas_marina,sainz
1096,847,131,6.0,5,2022,24,2022-11-20,13:00:00,yas_marina,russell
1096,846,1,7.0,6,2022,24,2022-11-20,13:00:00,yas_marina,norris
1096,839,214,8.0,7,2022,24,2022-11-20,13:00:00,yas_marina,ocon
1096,840,117,14.0,8,2022,24,2022-11-20,13:00:00,yas_marina,stroll
1096,817,1,13.0,9,2022,24,2022-11-20,13:00:00,yas_marina,ricciardo
1096,20,117,9.0,10,2022,24,2022-11-20,13:00:00,yas_marina,vettel
1096,852,213,11.0,11,2022,24,2022-11-20,13:00:00,yas_marina,tsunoda
1096,855,51,15.0,12,2022,24,2022-11-20,13:00:00,yas_marina,zhou
1096,848,3,19.0,13,2022,24,2022-11-20,13:00:00,yas_marina,albon
1096,842,213,17.0,14,2022,24,2022-11-20,13:00:00,yas_marina,gasly
1096,822,51,18.0,15,2022,24,2022-11-20,13:00:00,yas_marina,bottas
1096,854,210,12.0,16,2022,24,2022-11-20,13:00:00,yas_marina,mick_schumacher
1096,825,210,16.0,17,2022,24,2022-11-20,13:00:00,yas_marina,kevin_magnussen
1096,1,131,5.0,18,2022,24,2022-11-20,13:00:00,yas_marina,hamilton
1096,849,3,20.0,19,2022,24,2022-11-20,13:00:00,yas_marina,latifi
1096,4,214,10.0,,2022,24,2022-11-20,13:00:00,yas_marina,alonso
1098,830,9,1.0,1,2023,3,2023-03-05,15:00:00,bahrain,max_verstappen
1098,815,9,2.0,2,2023,3,2023-03-05,15:00:00,bahrain,perez
1098,4,117,5.0,3,2023,3,2023-03-05,15:00:00,bahrain,alonso
1098,832,6,4.0,4,2023,3,2023-03-05,15:00:00,bahrain,sainz
1098,1,131,7.0,5,2023,3,2023-03-05,15:00:00,bahrain,hamilton
1098,840,117,8.0,6,2023,3,2023-03-05,15:00:00,bahrain,stroll
1098,847,131,6.0,7,2023,3,2023-03-05,15:00:00,bahrain,russell
1098,822,51,12.0,8,2023,3,2023-03-05,15:00:00,bahrain,bottas
1098,842,214,20.0,9,2023,3,2023-03-05,15:00:00,bahrain,gasly
1098,848,3,15.0,10,2023,3,2023-03-05,15:00:00,bahrain,albon
1098,852,213,14.0,11,2023,3,2023-03-05,15:00:00,bahrain,tsunoda
1098,858,3,16.0,12,2023,3,2023-03-05,15:00:00,bahrain,sargeant
1098,825,210,17.0,13,2023,3,2023-03-05,15:00:00,bahrain,kevin_magnussen
1098,856,213,19.0,14,2023,3,2023-03-05,15:00:00,bahrain,de_vries
1098,807,210,10.0,15,2023,3,2023-03-05,15:00:00,bahrain,hulkenberg
1098,855,51,13.0,16,2023,3,2023-03-05,15:00:00,bahrain,zhou
1098,846,1,11.0,17,2023,3,2023-03-05,15:00:00,bahrain,norris
1098,839,214,9.0,,2023,3,2023-03-05,15:00:00,bahrain,ocon
1098,844,6,3.0,,2023,3,2023-03-05,15:00:00,bahrain,leclerc
1098,857,1,18.0,,2023,3,2023-03-05,15:00:00,bahrain,piastri
1099,815,9,1.0,1,2023,77,2023-03-19,17:00:00,jeddah,perez
1099,830,9,15.0,2,2023,77,2023-03-19,17:00:00,jeddah,max_verstappen
1099,4,117,2.0,3,2023,77,2023-03-19,17:00:00,jeddah,alonso
1099,847,131,3.0,4,2023,77,2023-03-19,17:00:00,jeddah,russell
1099,1,131,7.0,5,2023,77,2023-03-19,17:00:00,jeddah,hamilton
1099,832,6,4.0,6,2023,77,2023-03-19,17:00:00,jeddah,sainz
1099,844,6,12.0,7,2023,77,2023-03-19,17:00:00,jeddah,leclerc
1099,839,214,6.0,8,2023,77,2023-03-19,17:00:00,jeddah,ocon
1099,842,214,9.0,9,2023,77,2023-03-19,17:00:00,jeddah,gasly
1099,825,210,13.0,10,2023,77,2023-03-19,17:00:00,jeddah,kevin_magnussen
1099,852,213,16.0,11,2023,77,2023-03-19,17:00:00,jeddah,tsunoda
1099,807,210,10.0,12,2023,77,2023-03-19,17:00:00,jeddah,hulkenberg
1099,855,51,11.0,13,2023,77,2023-03-19,17:00:00,jeddah,zhou
1099,856,213,18.0,14,2023,77,2023-03-19,17:00:00,jeddah,de_vries
1099,857,1,8.0,15,2023,77,2023-03-19,17:00:00,jeddah,piastri
1099,858,3,20.0,16,2023,77,2023-03-19,17:00:00,jeddah,sargeant
1099,846,1,19.0,17,2023,77,2023-03-19,17:00:00,jeddah,norris
1099,822,51,14.0,18,2023,77,2023-03-19,17:00:00,jeddah,bottas
1099,848,3,17.0,,2023,77,2023-03-19,17:00:00,jeddah,albon
1099,840,117,5.0,,2023,77,2023-03-19,17:00:00,jeddah,stroll
1100,830,9,1.0,1,2023,1,2023-04-02,05:00:00,albert_park,max_verstappen
1100,1,131,3.0,2,2023,1,2023-04-02,05:00:00,albert_park,hamilton
1100,4,117,4.0,3,2023,1,2023-04-02,05:00:00,albert_park,alonso
1100,840,117,6.0,4,2023,1,2023-04-02,05:00:00,albert_park,stroll
1100,815,9,0.0,5,2023,1,2023-04-02,05:00:00,albert_park,perez
1100,846,1,13.0,6,2023,1,2023-04-02,05:00:00,albert_park,norris
1100,807,210,10.0,7,2023,1,2023-04-02,05:00:00,albert_park,hulkenberg
1100,857,1,16.0,8,2023,1,2023-04-02,05:00:00,albert_park,piastri
1100,855,51,17.0,9,2023,1,2023-04-02,05:00:00,albert_park,zhou
1100,852,213,12.0,10,2023,1,2023-04-02,05:00:00,albert_park,tsunoda
1100,822,51,0.0,11,2023,1,2023-04-02,05:00:00,albert_park,bottas
1100,832,6,5.0,12,2023,1,2023-04-02,05:00:00,albert_park,sainz
1100,842,214,9.0,13,2023,1,2023-04-02,05:00:00,albert_park,gasly
1100,839,214,11.0,14,2023,1,2023-04-02,05:00:00,albert_park,ocon
1100,856,213,15.0,15,2023,1,2023-04-02,05:00:00,albert_park,de_vries
1100,858,3,18.0,16,2023,1,2023-04-02,05:00:00,albert_park,sargeant
1100,825,210,14.0,17,2023,1,2023-04-02,05:00:00,albert_park,kevin_magnussen
1100,847,131,2.0,,2023,1,2023-04-02,05:00:00,albert_park,russell
1100,848,3,8.0,,2023,1,2023-04-02,05:00:00,albert_park,albon
1100,844,6,7.0,,2023,1,2023-04-02,05:00:00,albert_park,leclerc
1101,815,9,3.0,1,2023,73,2023-04-30,11:00:00,baku,perez
1101,830,9,2.0,2,2023,73,2023-04-30,11:00:00,baku,max_verstappen
1101,844,6,1.0,3,2023,73,2023-04-30,11:00:00,baku,leclerc
1101,4,117,6.0,4,2023,73,2023-04-30,11:00:00,baku,alonso
1101,832,6,4.0,5,2023,73,2023-04-30,11:00:00,baku,sainz
1101,1,131,5.0,6,2023,73,2023-04-30,11:00:00,baku,hamilton
1101,840,117,9.0,7,2023,73,2023-04-30,11:00:00,baku,stroll
1101,847,131,11.0,8,2023,73,2023-04-30,11:00:00,baku,russell
1101,846,1,7.0,9,2023,73,2023-04-30,11:00:00,baku,norris
1101,852,213,8.0,10,2023,73,2023-04-30,11:00:00,baku,tsunoda
1101,857,1,10.0,11,2023,73,2023-04-30,11:00:00,baku,piastri
1101,848,3,12.0,12,2023,73,2023-04-30,11:00:00,baku,albon
1101,825,210,16.0,13,2023,73,2023-04-30,11:00:00,baku,kevin_magnussen
1101,842,214,17.0,14,2023,73,2023-04-30,11:00:00,baku,gasly
1101,839,214,0.0,15,2023,73,2023-04-30,11:00:00,baku,ocon
1101,858,3,14.0,16,2023,73,2023-04-30,11:00:00,baku,sargeant
1101,807,210,0.0,17,2023,73,2023-04-30,11:00:00,baku,hulkenberg
1101,822,51,13.0,18,2023,73,2023-04-30,11:00:00,baku,bottas
1101,855,51,15.0,,2023,73,2023-04-30,11:00:00,baku,zhou
1101,856,213,18.0,,2023,73,2023-04-30,11:00:00,baku,de_vries
1102,830,9,9.0,1,2023,79,2023-05-07,19:30:00,miami,max_verstappen
1102,815,9,1.0,2,2023,79,2023-05-07,19:30:00,miami,perez
1102,4,117,2.0,3,2023,79,2023-05-07,19:30:00,miami,alonso
1102,847,131,6.0,4,2023,79,2023-05-07,19:30:00,miami,russell
1102,832,6,3.0,5,2023,79,2023-05-07,19:30:00,miami,sainz
1102,1,131,13.0,6,2023,79,2023-05-07,19:30:00,miami,hamilton
1102,844,6,7.0,7,2023,79,2023-05-07,19:30:00,miami,leclerc
1102,842,214,5.0,8,2023,79,2023-05-07,19:30:00,miami,gasly
1102,839,214,8.0,9,2023,79,2023-05-07,19:30:00,miami,ocon
1102,825,210,4.0,10,2023,79,2023-05-07,19:30:00,miami,kevin_magnussen
1102,852,213,17.0,11,2023,79,2023-05-07,19:30:00,miami,tsunoda
1102,840,117,18.0,12,2023,79,2023-05-07,19:30:00,miami,stroll
1102,822,51,10.0,13,2023,79,2023-05-07,19:30:00,miami,bottas
1102,848,3,11.0,14,2023,79,2023-05-07,19:30:00,miami,albon
1102,807,210,12.0,15,2023,79,2023-05-07,19:30:00,miami,hulkenberg
1102,855,51,14.0,16,2023,79,2023-05-07,19:30:00,miami,zhou
1102,846,1,16.0,17,2023,79,2023-05-07,19:30:00,miami,norris
1102,856,213,15.0,18,2023,79,2023-05-07,19:30:00,miami,de_vries
1102,857,1,19.0,19,2023,79,2023-05-07,19:30:00,miami,piastri
1102,858,3,20.0,20,2023,79,2023-05-07,19:30:00,miami,sargeant
1104,830,9,1.0,1,2023,6,2023-05-28,13:00:00,monaco,max_verstappen
1104,4,117,2.0,2,2023,6,2023-05-28,13:00:00,monaco,alonso
1104,839,214,3.0,3,2023,6,2023-05-28,13:00:00,monaco,ocon
1104,1,131,5.0,4,2023,6,2023-05-28,13:00:00,monaco,hamilton
1104,847,131,8.0,5,2023,6,2023-05-28,13:00:00,monaco,russell
1104,844,6,6.0,6,2023,6,2023-05-28,13:00:00,monaco,leclerc
1104,842,214,7.0,7,2023,6,2023-05-28,13:00:00,monaco,gasly
1104,832,6,4.0,8,2023,6,2023-05-28,13:00:00,monaco,sainz
1104,846,1,10.0,9,2023,6,2023-05-28,13:00:00,monaco,norris
1104,857,1,11.0,10,2023,6,2023-05-28,13:00:00,monaco,piastri
1104,822,51,15.0,11,2023,6,2023-05-28,13:00:00,monaco,bottas
1104,856,213,12.0,12,2023,6,2023-05-28,13:00:00,monaco,de_vries
1104,855,51,19.0,13,2023,6,2023-05-28,13:00:00,monaco,zhou
1104,848,3,13.0,14,2023,6,2023-05-28,13:00:00,monaco,albon
1104,852,213,9.0,15,2023,6,2023-05-28,13:00:00,monaco,tsunoda
1104,815,9,20.0,16,2023,6,2023-05-28,13:00:00,monaco,perez
1104,807,210,18.0,17,2023,6,2023-05-28,13:00:00,monaco,hulkenberg
1104,858,3,16.0,18,2023,6,2023-05-28,13:00:00,monaco,sargeant
1104,825,210,17.0,,2023,6,2023-05-28,13:00:00,monaco,kevin_magnussen
1104,840,117,14.0,,2023,6,2023-05-28,13:00:00,monaco,stroll
1105,830,9,1.0,1,2023,4,2023-06-04,13:00:00,catalunya,max_verstappen
1105,1,131,4.0,2,2023,4,2023-06-04,13:00:00,catalunya,hamilton
1105,847,131,12.0,3,2023,4,2023-06-04,13:00:00,catalunya,russell
1105,815,9,11.0,4,2023,4,2023-06-04,13:00:00,catalunya,perez
1105,832,6,2.0,5,2023,4,2023-06-04,13:00:00,catalunya,sainz
1105,840,117,5.0,6,2023,4,2023-06-04,13:00:00,catalunya,stroll
1105,4,117,8.0,7,2023,4,2023-06-04,13:00:00,catalunya,alonso
1105,839,214,6.0,8,2023,4,2023-06-04,13:00:00,catalunya,ocon
1105,855,51,13.0,9,2023,4,2023-06-04,13:00:00,catalunya,zhou
1105,842,214,10.0,10,2023,4,2023-06-04,13:00:00,catalunya,gasly
1105,844,6,19.0,11,2023,4,2023-06-04,13:00:00,catalunya,leclerc
1105,852,213,15.0,12,2023,4,2023-06-04,13:00:00,catalunya,tsunoda
1105,857,1,9.0,13,2023,4,2023-06-04,13:00:00,catalunya,piastri
1105,856,213,14.0,14,2023,4,2023-06-04,13:00:00,catalunya,de_vries
1105,807,210,7.0,15,2023,4,2023-06-04,13:00:00,catalunya,hulkenberg
1105,848,3,18.0,16,2023,4,2023-06-04,13:00:00,catalunya,albon
1105,846,1,3.0,17,2023,4,2023-06-04,13:00:00,catalunya,norris
1105,825,210,17.0,18,2023,4,2023-06-04,13:00:00,catalunya,kevin_magnussen
1105,822,51,16.0,19,2023,4,2023-06-04,13:00:00,catalunya,bottas
1105,858,3,20.0,20,2023,4,2023-06-04,13:00:00,catalunya,sargeant
1106,830,9,1.0,1,2023,7,2023-06-18,18:00:00,villeneuve,max_verstappen
1106,4,117,2.0,2,2023,7,2023-06-18,18:00:00,villeneuve,alonso
1106,1,131,3.0,3,2023,7,2023-06-18,18:00:00,villeneuve,hamilton
1106,844,6,10.0,4,2023,7,2023-06-18,18:00:00,villeneuve,leclerc
1106,832,6,11.0,5,2023,7,2023-06-18,18:00:00,villeneuve,sainz
1106,815,9,12.0,6,2023,7,2023-06-18,18:00:00,villeneuve,perez
1106,848,3,9.0,7,2023,7,2023-06-18,18:00:00,villeneuve,albon
1106,839,214,6.0,8,2023,7,2023-06-18,18:00:00,villeneuve,ocon
1106,840,117,16.0,9,2023,7,2023-06-18,18:00:00,villeneuve,stroll
1106,822,51,14.0,10,2023,7,2023-06-18,18:00:00,villeneuve,bottas
1106,857,1,8.0,11,2023,7,2023-06-18,18:00:00,villeneuve,piastri
1106,842,214,15.0,12,2023,7,2023-06-18,18:00:00,villeneuve,gasly
1106,846,1,7.0,13,2023,7,2023-06-18,18:00:00,villeneuve,norris
1106,852,213,19.0,14,2023,7,2023-06-18,18:00:00,villeneuve,tsunoda
1106,807,210,5.0,15,2023,7,2023-06-18,18:00:00,villeneuve,hulkenberg
1106,855,51,20.0,16,2023,7,2023-06-18,18:00:00,villeneuve,zhou
1106,825,210,13.0,17,2023,7,2023-06-18,18:00:00,villeneuve,kevin_magnussen
1106,856,213,17.0,18,2023,7,2023-06-18,18:00:00,villeneuve,de_vries
1106,847,131,4.0,,2023,7,2023-06-18,18:00:00,villeneuve,russell
1106,858,3,18.0,,2023,7,2023-06-18,18:00:00,villeneuve,sargeant
1107,830,9,1.0,1,2023,70,2023-07-02,13:00:00,red_bull_ring,max_verstappen
1107,844,6,2.0,2,2023,70,2023-07-02,13:00:00,red_bull_ring,leclerc
1107,815,9,15.0,3,2023,70,2023-07-02,13:00:00,red_bull_ring,perez
1107,846,1,4.0,4,2023,70,2023-07-02,13:00:00,red_bull_ring,norris
1107,4,117,7.0,5,2023,70,2023-07-02,13:00:00,red_bull_ring,alonso
1107,832,6,3.0,6,2023,70,2023-07-02,13:00:00,red_bull_ring,sainz
1107,847,131,11.0,7,2023,70,2023-07-02,13:00:00,red_bull_ring,russell
1107,1,131,5.0,8,2023,70,2023-07-02,13:00:00,red_bull_ring,hamilton
1107,840,117,6.0,9,2023,70,2023-07-02,13:00:00,red_bull_ring,stroll
1107,842,214,9.0,10,2023,70,2023-07-02,13:00:00,red_bull_ring,gasly
1107,848,3,10.0,11,2023,70,2023-07-02,13:00:00,red_bull_ring,albon
1107,855,51,17.0,12,2023,70,2023-07-02,13:00:00,red_bull_ring,zhou
1107,858,3,18.0,13,2023,70,2023-07-02,13:00:00,red_bull_ring,sargeant
1107,839,214,12.0,14,2023,70,2023-07-02,13:00:00,red_bull_ring,ocon
1107,822,51,14.0,15,2023,70,2023-07-02,13:00:00,red_bull_ring,bottas
1107,857,1,13.0,16,2023,70,2023-07-02,13:00:00,red_bull_ring,piastri
1107,856,213,0.0,17,2023,70,2023-07-02,13:00:00,red_bull_ring,de_vries
1107,825,210,0.0,18,2023,70,2023-07-02,13:00:00,red_bull_ring,kevin_magnussen
1107,852,213,16.0,19,2023,70,2023-07-02,13:00:00,red_bull_ring,tsunoda
1107,807,210,8.0,,2023,70,2023-07-02,13:00:00,red_bull_ring,hulkenberg
1108,830,9,1.0,1,2023,9,2023-07-09,14:00:00,silverstone,max_verstappen
1108,846,1,2.0,2,2023,9,2023-07-09,14:00:00,silverstone,norris
1108,1,131,7.0,3,2023,9,2023-07-09,14:00:00,silverstone,hamilton
1108,857,1,3.0,4,2023,9,2023-07-09,14:00:00,silverstone,piastri
1108,847,131,6.0,5,2023,9,2023-07-09,14:00:00,silverstone,russell
1108,815,9,15.0,6,2023,9,2023-07-09,14:00:00,silverstone,perez
1108,4,117,9.0,7,2023,9,2023-07-09,14:00:00,silverstone,alonso
1108,848,3,8.0,8,2023,9,2023-07-09,14:00:00,silverstone,albon
1108,844,6,4.0,9,2023,9,2023-07-09,14:00:00,silverstone,leclerc
1108,832,6,5.0,10,2023,9,2023-07-09,14:00:00,silverstone,sainz
1108,858,3,14.0,11,2023,9,2023-07-09,14:00:00,silverstone,sargeant
1108,822,51,20.0,12,2023,9,2023-07-09,14:00:00,silverstone,bottas
1108,807,210,11.0,13,2023,9,2023-07-09,14:00:00,silverstone,hulkenberg
1108,840,117,12.0,14,2023,9,2023-07-09,14:00:00,silverstone,stroll
1108,855,51,17.0,15,2023,9,2023-07-09,14:00:00,silverstone,zhou
1108,852,213,16.0,16,2023,9,2023-07-09,14:00:00,silverstone,tsunoda
1108,856,213,18.0,17,2023,9,2023-07-09,14:00:00,silverstone,de_vries
1108,842,214,10.0,18,2023,9,2023-07-09,14:00:00,silverstone,gasly
1108,825,210,19.0,,2023,9,2023-07-09,14:00:00,silverstone,kevin_magnussen
1108,839,214,13.0,,2023,9,2023-07-09,14:00:00,silverstone,ocon
1109,830,9,2.0,1,2023,11,2023-07-23,13:00:00,hungaroring,max_verstappen
1109,846,1,3.0,2,2023,11,2023-07-23,13:00:00,hungaroring,norris
1109,815,9,9.0,3,2023,11,2023-07-23,13:00:00,hungaroring,perez
1109,1,131,1.0,4,2023,11,2023-07-23,13:00:00,hungaroring,hamilton
1109,857,1,4.0,5,2023,11,2023-07-23,13:00:00,hungaroring,piastri
1109,847,131,18.0,6,2023,11,2023-07-23,13:00:00,hungaroring,russell
1109,844,6,6.0,7,2023,11,2023-07-23,13:00:00,hungaroring,leclerc
1109,832,6,11.0,8,2023,11,2023-07-23,13:00:00,hungaroring,sainz
1109,4,117,8.0,9,2023,11,2023-07-23,13:00:00,hungaroring,alonso
1109,840,117,14.0,10,2023,11,2023-07-23,13:00:00,hungaroring,stroll
1109,848,3,16.0,11,2023,11,2023-07-23,13:00:00,hungaroring,albon
1109,822,51,7.0,12,2023,11,2023-07-23,13:00:00,hungaroring,bottas
1109,817,213,13.0,13,2023,11,2023-07-23,13:00:00,hungaroring,ricciardo
1109,807,210,10.0,14,2023,11,2023-07-23,13:00:00,hungaroring,hulkenberg
1109,852,213,17.0,15,2023,11,2023-07-23,13:00:00,hungaroring,tsunoda
1109,855,51,5.0,16,2023,11,2023-07-23,13:00:00,hungaroring,zhou
1109,825,210,19.0,17,2023,11,2023-07-23,13:00:00,hungaroring,kevin_magnussen
1109,858,3,20.0,,2023,11,2023-07-23,13:00:00,hungaroring,sargeant
1109,839,214,12.0,,2023,11,2023-07-23,13:00:00,hungaroring,ocon
1109,842,214,15.0,,2023,11,2023-07-23,13:00:00,hungaroring,gasly
1110,830,9,6.0,1,2023,13,2023-07-30,13:00:00,spa,max_verstappen
1110,815,9,2.0,2,2023,13,2023-07-30,13:00:00,spa,perez
1110,844,6,1.0,3,2023,13,2023-07-30,13:00:00,spa,leclerc
1110,1,131,3.0,4,2023,13,2023-07-30,13:00:00,spa,hamilton
1110,4,117,9.0,5,2023,13,2023-07-30,13:00:00,spa,alonso
1110,847,131,8.0,6,2023,13,2023-07-30,13:00:00,spa,russell
1110,846,1,7.0,7,2023,13,2023-07-30,13:00:00,spa,norris
1110,839,214,14.0,8,2023,13,2023-07-30,13:00:00,spa,ocon
1110,840,117,10.0,9,2023,13,2023-07-30,13:00:00,spa,stroll
1110,852,213,11.0,10,2023,13,2023-07-30,13:00:00,spa,tsunoda
1110,842,214,12.0,11,2023,13,2023-07-30,13:00:00,spa,gasly
1110,822,51,13.0,12,2023,13,2023-07-30,13:00:00,spa,bottas
1110,855,51,17.0,13,2023,13,2023-07-30,13:00:00,spa,zhou
1110,848,3,15.0,14,2023,13,2023-07-30,13:00:00,spa,albon
1110,825,210,16.0,15,2023,13,2023-07-30,13:00:00,spa,kevin_magnussen
1110,817,213,19.0,16,2023,13,2023-07-30,13:00:00,spa,ricciardo
1110,858,3,18.0,17,2023,13,2023-07-30,13:00:00,spa,sargeant
1110,807,210,0.0,18,2023,13,2023-07-30,13:00:00,spa,hulkenberg
1110,832,6,4.0,,2023,13,2023-07-30,13:00:00,spa,sainz
1110,857,1,5.0,,2023,13,2023-07-30,13:00:00,spa,piastri
1111,830,9,1.0,1,2023,39,2023-08-27,13:00:00,zandvoort,max_verstappen
1111,4,117,5.0,2,2023,39,2023-08-27,13:00:00,zandvoort,alonso
1111,842,214,12.0,3,2023,39,2023-08-27,13:00:00,zandvoort,gasly
1111,815,9,7.0,4,2023,39,2023-08-27,13:00:00,zandvoort,perez
1111,832,6,6.0,5,2023,39,2023-08-27,13:00:00,zandvoort,sainz
1111,1,131,13.0,6,2023,39,2023-08-27,13:00:00,zandvoort,hamilton
1111,846,1,2.0,7,2023,39,2023-08-27,13:00:00,zandvoort,norris
1111,848,3,4.0,8,2023,39,2023-08-27,13:00:00,zandvoort,albon
1111,857,1,8.0,9,2023,39,2023-08-27,13:00:00,zandvoort,piastri
1111,839,214,16.0,10,2023,39,2023-08-27,13:00:00,zandvoort,ocon
1111,840,117,11.0,11,2023,39,2023-08-27,13:00:00,zandvoort,stroll
1111,807,210,14.0,12,2023,39,2023-08-27,13:00:00,zandvoort,hulkenberg
1111,859,213,19.0,13,2023,39,2023-08-27,13:00:00,zandvoort,lawson
1111,822,51,18.0,14,2023,39,2023-08-27,13:00:00,zandvoort,bottas
1111,852,213,17.0,15,2023,39,2023-08-27,13:00:00,zandvoort,tsunoda
1111,825,210,0.0,16,2023,39,2023-08-27,13:00:00,zandvoort,kevin_magnussen
1111,847,131,3.0,17,2023,39,2023-08-27,13:00:00,zandvoort,russell
1111,855,51,15.0,,2023,39,2023-08-27,13:00:00,zandvoort,zhou
1111,844,6,9.0,,2023,39,2023-08-27,13:00:00,zandvoort,leclerc
1111,858,3,10.0,,2023,39,2023-08-27,13:00:00,zandvoort,sargeant
1112,830,9,2.0,1,2023,14,2023-09-03,13:00:00,monza,max_verstappen
1112,815,9,5.0,2,2023,14,2023-09-03,13:00:00,monza,perez
1112,832,6,1.0,3,2023,14,2023-09-03,13:00:00,monza,sainz
1112,844,6,3.0,4,2023,14,2023-09-03,13:00:00,monza,leclerc
1112,847,131,4.0,5,2023,14,2023-09-03,13:00:00,monza,russell
1112,1,131,8.0,6,2023,14,2023-09-03,13:00:00,monza,hamilton
1112,848,3,6.0,7,2023,14,2023-09-03,13:00:00,monza,albon
1112,846,1,9.0,8,2023,14,2023-09-03,13:00:00,monza,norris
1112,4,117,10.0,9,2023,14,2023-09-03,13:00:00,monza,alonso
1112,822,51,14.0,10,2023,14,2023-09-03,13:00:00,monza,bottas
1112,859,213,12.0,11,2023,14,2023-09-03,13:00:00,monza,lawson
1112,857,1,7.0,12,2023,14,2023-09-03,13:00:00,monza,piastri
1112,858,3,15.0,13,2023,14,2023-09-03,13:00:00,monza,sargeant
1112,855,51,16.0,14,2023,14,2023-09-03,13:00:00,monza,zhou
1112,842,214,17.0,15,2023,14,2023-09-03,13:00:00,monza,gasly
1112,840,117,20.0,16,2023,14,2023-09-03,13:00:00,monza,stroll
1112,807,210,13.0,17,2023,14,2023-09-03,13:00:00,monza,hulkenberg
1112,825,210,19.0,18,2023,14,2023-09-03,13:00:00,monza,kevin_magnussen
1112,839,214,18.0,,2023,14,2023-09-03,13:00:00,monza,ocon
1112,852,213,11.0,,2023,14,2023-09-03,13:00:00,monza,tsunoda
1113,832,6,1.0,1,2023,15,2023-09-17,12:00:00,marina_bay,sainz
1113,846,1,4.0,2,2023,15,2023-09-17,12:00:00,marina_bay,norris
1113,1,131,5.0,3,2023,15,2023-09-17,12:00:00,marina_bay,hamilton
1113,844,6,3.0,4,2023,15,2023-09-17,12:00:00,marina_bay,leclerc
1113,830,9,11.0,5,2023,15,2023-09-17,12:00:00,marina_bay,max_verstappen
1113,842,214,12.0,6,2023,15,2023-09-17,12:00:00,marina_bay,gasly
1113,857,1,17.0,7,2023,15,2023-09-17,12:00:00,marina_bay,piastri
1113,815,9,13.0,8,2023,15,2023-09-17,12:00:00,marina_bay,perez
1113,859,213,10.0,9,2023,15,2023-09-17,12:00:00,marina_bay,lawson
1113,825,210,6.0,10,2023,15,2023-09-17,12:00:00,marina_bay,kevin_magnussen
1113,848,3,14.0,11,2023,15,2023-09-17,12:00:00,marina_bay,albon
1113,855,51,0.0,12,2023,15,2023-09-17,12:00:00,marina_bay,zhou
1113,807,210,9.0,13,2023,15,2023-09-17,12:00:00,marina_bay,hulkenberg
1113,858,3,18.0,14,2023,15,2023-09-17,12:00:00,marina_bay,sargeant
1113,4,117,7.0,15,2023,15,2023-09-17,12:00:00,marina_bay,alonso
1113,847,131,2.0,16,2023,15,2023-09-17,12:00:00,marina_bay,russell
1113,822,51,16.0,,2023,15,2023-09-17,12:00:00,marina_bay,bottas
1113,839,214,8.0,,2023,15,2023-09-17,12:00:00,marina_bay,ocon
1113,852,213,15.0,,2023,15,2023-09-17,12:00:00,marina_bay,tsunoda
1113,840,117,0.0,,2023,15,2023-09-17,12:00:00,marina_bay,stroll
1114,830,9,1.0,1,2023,22,2023-09-24,05:00:00,suzuka,max_verstappen
1114,846,1,3.0,2,2023,22,2023-09-24,05:00:00,suzuka,norris
1114,857,1,2.0,3,2023,22,2023-09-24,05:00:00,suzuka,piastri
1114,844,6,4.0,4,2023,22,2023-09-24,05:00:00,suzuka,leclerc
1114,1,131,7.0,5,2023,22,2023-09-24,05:00:00,suzuka,hamilton
1114,832,6,6.0,6,2023,22,2023-09-24,05:00:00,suzuka,sainz
1114,847,131,8.0,7,2023,22,2023-09-24,05:00:00,suzuka,russell
1114,4,117,10.0,8,2023,22,2023-09-24,05:00:00,suzuka,alonso
1114,839,214,14.0,9,2023,22,2023-09-24,05:00:00,suzuka,ocon
1114,842,214,12.0,10,2023,22,2023-09-24,05:00:00,suzuka,gasly
1114,859,213,11.0,11,2023,22,2023-09-24,05:00:00,suzuka,lawson
1114,852,213,9.0,12,2023,22,2023-09-24,05:00:00,suzuka,tsunoda
1114,855,51,19.0,13,2023,22,2023-09-24,05:00:00,suzuka,zhou
1114,807,210,18.0,14,2023,22,2023-09-24,05:00:00,suzuka,hulkenberg
1114,825,210,15.0,15,2023,22,2023-09-24,05:00:00,suzuka,kevin_magnussen
1114,848,3,13.0,,2023,22,2023-09-24,05:00:00,suzuka,albon
1114,858,3,0.0,,2023,22,2023-09-24,05:00:00,suzuka,sargeant
1114,840,117,17.0,,2023,22,2023-09-24,05:00:00,suzuka,stroll
1114,815,9,5.0,,2023,22,2023-09-24,05:00:00,suzuka,perez
1114,822,51,16.0,,2023,22,2023-09-24,05:00:00,suzuka,bottas
1115,830,9,1.0,1,2023,78,2023-10-08,17:00:00,losail,max_verstappen
1115,857,1,6.0,2,2023,78,2023-10-08,17:00:00,losail,piastri
1115,846,1,10.0,3,2023,78,2023-10-08,17:00:00,losail,norris
1115,847,131,2.0,4,2023,78,2023-10-08,17:00:00,losail,russell
1115,844,6,5.0,5,2023,78,2023-10-08,17:00:00,losail,leclerc
1115,4,117,4.0,6,2023,78,2023-10-08,17:00:00,losail,alonso
1115,839,214,8.0,7,2023,78,2023-10-08,17:00:00,losail,ocon
1115,822,51,9.0,8,2023,78,2023-10-08,17:00:00,losail,bottas
1115,855,51,19.0,9,2023,78,2023-10-08,17:00:00,losail,zhou
1115,815,9,0.0,10,2023,78,2023-10-08,17:00:00,losail,perez
1115,840,117,16.0,11,2023,78,2023-10-08,17:00:00,losail,stroll
1115,842,214,7.0,12,2023,78,2023-10-08,17:00:00,losail,gasly
1115,848,3,13.0,13,2023,78,2023-10-08,17:00:00,losail,albon
1115,825,210,18.0,14,2023,78,2023-10-08,17:00:00,losail,kevin_magnussen
1115,852,213,11.0,15,2023,78,2023-10-08,17:00:00,losail,tsunoda
1115,807,210,14.0,16,2023,78,2023-10-08,17:00:00,losail,hulkenberg
1115,859,213,17.0,17,2023,78,2023-10-08,17:00:00,losail,lawson
1115,858,3,15.0,,2023,78,2023-10-08,17:00:00,losail,sargeant
1115,1,131,3.0,,2023,78,2023-10-08,17:00:00,losail,hamilton
1115,832,6,12.0,,2023,78,2023-10-08,17:00:00,losail,sainz
1116,830,9,6.0,1,2023,69,2023-10-22,19:00:00,americas,max_verstappen
1116,846,1,2.0,2,2023,69,2023-10-22,19:00:00,americas,norris
1116,832,6,4.0,3,2023,69,2023-10-22,19:00:00,americas,sainz
1116,815,9,9.0,4,2023,69,2023-10-22,19:00:00,americas,perez
1116,847,131,5.0,5,2023,69,2023-10-22,19:00:00,americas,russell
1116,842,214,7.0,6,2023,69,2023-10-22,19:00:00,americas,gasly
1116,840,117,0.0,7,2023,69,2023-10-22,19:00:00,americas,stroll
1116,852,213,11.0,8,2023,69,2023-10-22,19:00:00,americas,tsunoda
1116,848,3,15.0,9,2023,69,2023-10-22,19:00:00,americas,albon
1116,858,3,16.0,10,2023,69,2023-10-22,19:00:00,americas,sargeant
1116,807,210,0.0,11,2023,69,2023-10-22,19:00:00,americas,hulkenberg
1116,822,51,13.0,12,2023,69,2023-10-22,19:00:00,americas,bottas
1116,855,51,12.0,13,2023,69,2023-10-22,19:00:00,americas,zhou
1116,825,210,0.0,14,2023,69,2023-10-22,19:00:00,americas,kevin_magnussen
1116,817,213,14.0,15,2023,69,2023-10-22,19:00:00,americas,ricciardo
1116,4,117,0.0,,2023,69,2023-10-22,19:00:00,americas,alonso
1116,857,1,10.0,,2023,69,2023-10-22,19:00:00,americas,piastri
1116,839,214,8.0,,2023,69,2023-10-22,19:00:00,americas,ocon
1116,1,131,3.0,,2023,69,2023-10-22,19:00:00,americas,hamilton
1116,844,6,1.0,,2023,69,2023-10-22,19:00:00,americas,leclerc
1117,830,9,3.0,1,2023,32,2023-10-29,20:00:00,rodriguez,max_verstappen
1117,1,131,6.0,2,2023,32,2023-10-29,20:00:00,rodriguez,hamilton
1117,844,6,1.0,3,2023,32,2023-10-29,20:00:00,rodriguez,leclerc
1117,832,6,2.0,4,2023,32,2023-10-29,20:00:00,rodriguez,sainz
1117,846,1,17.0,5,2023,32,2023-10-29,20:00:00,rodriguez,norris
1117,847,131,8.0,6,2023,32,2023-10-29,20:00:00,rodriguez,russell
1117,817,213,4.0,7,2023,32,2023-10-29,20:00:00,rodriguez,ricciardo
1117,857,1,7.0,8,2023,32,2023-10-29,20:00:00,rodriguez,piastri
1117,848,3,14.0,9,2023,32,2023-10-29,20:00:00,rodriguez,albon
1117,839,214,15.0,10,2023,32,2023-10-29,20:00:00,rodriguez,ocon
1117,842,214,11.0,11,2023,32,2023-10-29,20:00:00,rodriguez,gasly
1117,852,213,18.0,12,2023,32,2023-10-29,20:00:00,rodriguez,tsunoda
1117,807,210,12.0,13,2023,32,2023-10-29,20:00:00,rodriguez,hulkenberg
1117,855,51,10.0,14,2023,32,2023-10-29,20:00:00,rodriguez,zhou
1117,822,51,9.0,15,2023,32,2023-10-29,20:00:00,rodriguez,bottas
1117,858,3,19.0,16,2023,32,2023-10-29,20:00:00,rodriguez,sargeant
1117,840,117,0.0,17,2023,32,2023-10-29,20:00:00,rodriguez,stroll
1117,4,117,13.0,,2023,32,2023-10-29,20:00:00,rodriguez,alonso
1117,825,210,16.0,,2023,32,2023-10-29,20:00:00,rodriguez,kevin_magnussen
1117,815,9,5.0,,2023,32,2023-10-29,20:00:00,rodriguez,perez
1118,830,9,1.0,1,2023,18,2023-11-05,17:00:00,interlagos,max_verstappen
1118,846,1,6.0,2,2023,18,2023-11-05,17:00:00,interlagos,norris
1118,4,117,4.0,3,2023,18,2023-11-05,17:00:00,interlagos,alonso
1118,815,9,9.0,4,2023,18,2023-11-05,17:00:00,interlagos,perez
1118,840,117,3.0,5,2023,18,2023-11-05,17:00:00,interlagos,stroll
1118,832,6,7.0,6,2023,18,2023-11-05,17:00:00,interlagos,sainz
1118,842,214,15.0,7,2023,18,2023-11-05,17:00:00,interlagos,gasly
1118,1,131,5.0,8,2023,18,2023-11-05,17:00:00,interlagos,hamilton
1118,852,213,16.0,9,2023,18,2023-11-05,17:00:00,interlagos,tsunoda
1118,839,214,14.0,10,2023,18,2023-11-05,17:00:00,interlagos,ocon
1118,858,3,19.0,11,2023,18,2023-11-05,17:00:00,interlagos,sargeant
1118,807,210,11.0,12,2023,18,2023-11-05,17:00:00,interlagos,hulkenberg
1118,817,213,17.0,13,2023,18,2023-11-05,17:00:00,interlagos,ricciardo
1118,857,1,10.0,14,2023,18,2023-11-05,17:00:00,interlagos,piastri
1118,847,131,8.0,,2023,18,2023-11-05,17:00:00,interlagos,russell
1118,822,51,18.0,,2023,18,2023-11-05,17:00:00,interlagos,bottas
1118,855,51,20.0,,2023,18,2023-11-05,17:00:00,interlagos,zhou
1118,825,210,12.0,,2023,18,2023-11-05,17:00:00,interlagos,kevin_magnussen
1118,848,3,13.0,,2023,18,2023-11-05,17:00:00,interlagos,albon
1118,844,6,0.0,,2023,18,2023-11-05,17:00:00,interlagos,leclerc
1119,830,9,2.0,1,2023,80,2023-11-19,06:00:00,vegas,max_verstappen
1119,844,6,1.0,2,2023,80,2023-11-19,06:00:00,vegas,leclerc
1119,815,9,11.0,3,2023,80,2023-11-19,06:00:00,vegas,perez
1119,839,214,16.0,4,2023,80,2023-11-19,06:00:00,vegas,ocon
1119,840,117,19.0,5,2023,80,2023-11-19,06:00:00,vegas,stroll
1119,832,6,12.0,6,2023,80,2023-11-19,06:00:00,vegas,sainz
1119,1,131,10.0,7,2023,80,2023-11-19,06:00:00,vegas,hamilton
1119,847,131,3.0,8,2023,80,2023-11-19,06:00:00,vegas,russell
1119,4,117,9.0,9,2023,80,2023-11-19,06:00:00,vegas,alonso
1119,857,1,18.0,10,2023,80,2023-11-19,06:00:00,vegas,piastri
1119,842,214,4.0,11,2023,80,2023-11-19,06:00:00,vegas,gasly
1119,848,3,5.0,12,2023,80,2023-11-19,06:00:00,vegas,albon
1119,825,210,8.0,13,2023,80,2023-11-19,06:00:00,vegas,kevin_magnussen
1119,817,213,14.0,14,2023,80,2023-11-19,06:00:00,vegas,ricciardo
1119,855,51,17.0,15,2023,80,2023-11-19,06:00:00,vegas,zhou
1119,858,3,6.0,16,2023,80,2023-11-19,06:00:00,vegas,sargeant
1119,822,51,7.0,17,2023,80,2023-11-19,06:00:00,vegas,bottas
1119,852,213,20.0,18,2023,80,2023-11-19,06:00:00,vegas,tsunoda
1119,807,210,13.0,19,2023,80,2023-11-19,06:00:00,vegas,hulkenberg
1119,846,1,15.0,,2023,80,2023-11-19,06:00:00,vegas,norris
1120,830,9,1.0,1,2023,24,2023-11-26,13:00:00,yas_marina,max_verstappen
1120,844,6,2.0,2,2023,24,2023-11-26,13:00:00,yas_marina,leclerc
1120,847,131,4.0,3,2023,24,2023-11-26,13:00:00,yas_marina,russell
1120,815,9,9.0,4,2023,24,2023-11-26,13:00:00,yas_marina,perez
1120,846,1,5.0,5,2023,24,2023-11-26,13:00:00,yas_marina,norris
1120,857,1,3.0,6,2023,24,2023-11-26,13:00:00,yas_marina,piastri
1120,4,117,7.0,7,2023,24,2023-11-26,13:00:00,yas_marina,alonso
1120,852,213,6.0,8,2023,24,2023-11-26,13:00:00,yas_marina,tsunoda
1120,1,131,11.0,9,2023,24,2023-11-26,13:00:00,yas_marina,hamilton
1120,840,117,13.0,10,2023,24,2023-11-26,13:00:00,yas_marina,stroll
1120,817,213,15.0,11,2023,24,2023-11-26,13:00:00,yas_marina,ricciardo
1120,839,214,12.0,12,2023,24,2023-11-26,13:00:00,yas_marina,ocon
1120,842,214,10.0,13,2023,24,2023-11-26,13:00:00,yas_marina,gasly
1120,848,3,14.0,14,2023,24,2023-11-26,13:00:00,yas_marina,albon
1120,807,210,8.0,15,2023,24,2023-11-26,13:00:00,yas_marina,hulkenberg
1120,858,3,20.0,16,2023,24,2023-11-26,13:00:00,yas_marina,sargeant
1120,855,51,19.0,17,2023,24,2023-11-26,13:00:00,yas_marina,zhou
1120,832,6,16.0,18,2023,24,2023-11-26,13:00:00,yas_marina,sainz
1120,822,51,18.0,19,2023,24,2023-11-26,13:00:00,yas_marina,bottas
1120,825,210,17.0,20,2023,24,2023-11-26,13:00:00,yas_marina,kevin_magnussen
1121,830,9,1.0,1,2024,3,2024-03-02,15:00:00,bahrain,max_verstappen
1121,815,9,5.0,2,2024,3,2024-03-02,15:00:00,bahrain,perez
1121,832,6,4.0,3,2024,3,2024-03-02,15:00:00,bahrain,sainz
1121,844,6,2.0,4,2024,3,2024-03-02,15:00:00,bahrain,leclerc
1121,847,131,3.0,5,2024,3,2024-03-02,15:00:00,bahrain,russell
1121,846,1,7.0,6,2024,3,2024-03-02,15:00:00,bahrain,norris
1121,1,131,9.0,7,2024,3,2024-03-02,15:00:00,bahrain,hamilton
1121,857,1,8.0,8,2024,3,2024-03-02,15:00:00,bahrain,piastri
1121,4,117,6.0,9,2024,3,2024-03-02,15:00:00,bahrain,alonso
1121,840,117,12.0,10,2024,3,2024-03-02,15:00:00,bahrain,stroll
1121,855,15,17.0,11,2024,3,2024-03-02,15:00:00,bahrain,zhou
1121,825,210,15.0,12,2024,3,2024-03-02,15:00:00,bahrain,kevin_magnussen
1121,817,215,14.0,13,2024,3,2024-03-02,15:00:00,bahrain,ricciardo
1121,852,215,11.0,14,2024,3,2024-03-02,15:00:00,bahrain,tsunoda
1121,848,3,13.0,15,2024,3,2024-03-02,15:00:00,bahrain,albon
1121,807,210,10.0,16,2024,3,2024-03-02,15:00:00,bahrain,hulkenberg
1121,839,214,19.0,17,2024,3,2024-03-02,15:00:00,bahrain,ocon
1121,842,214,20.0,18,2024,3,2024-03-02,15:00:00,bahrain,gasly
1121,822,15,16.0,19,2024,3,2024-03-02,15:00:00,bahrain,bottas
1121,858,3,18.0,20,2024,3,2024-03-02,15:00:00,bahrain,sargeant
1122,830,9,1.0,1,2024,77,2024-03-09,17:00:00,jeddah,max_verstappen
1122,815,9,3.0,2,2024,77,2024-03-09,17:00:00,jeddah,perez
1122,844,6,2.0,3,2024,77,2024-03-09,17:00:00,jeddah,leclerc
1122,857,1,5.0,4,2024,77,2024-03-09,17:00:00,jeddah,piastri
1122,4,117,4.0,5,2024,77,2024-03-09,17:00:00,jeddah,alonso
1122,847,131,7.0,6,2024,77,2024-03-09,17:00:00,jeddah,russell
1122,860,6,11.0,7,2024,77,2024-03-09,17:00:00,jeddah,bearman
1122,846,1,6.0,8,2024,77,2024-03-09,17:00:00,jeddah,norris
1122,1,131,8.0,9,2024,77,2024-03-09,17:00:00,jeddah,hamilton
1122,807,210,15.0,10,2024,77,2024-03-09,17:00:00,jeddah,hulkenberg
1122,848,3,12.0,11,2024,77,2024-03-09,17:00:00,jeddah,albon
1122,825,210,13.0,12,2024,77,2024-03-09,17:00:00,jeddah,kevin_magnussen
1122,839,214,17.0,13,2024,77,2024-03-09,17:00:00,jeddah,ocon
1122,858,3,19.0,14,2024,77,2024-03-09,17:00:00,jeddah,sargeant
1122,852,215,9.0,15,2024,77,2024-03-09,17:00:00,jeddah,tsunoda
1122,817,215,14.0,16,2024,77,2024-03-09,17:00:00,jeddah,ricciardo
1122,822,15,16.0,17,2024,77,2024-03-09,17:00:00,jeddah,bottas
1122,855,15,20.0,18,2024,77,2024-03-09,17:00:00,jeddah,zhou
1122,840,117,10.0,,2024,77,2024-03-09,17:00:00,jeddah,stroll
1122,842,214,18.0,,2024,77,2024-03-09,17:00:00,jeddah,gasly
1123,832,6,2.0,1,2024,1,2024-03-24,04:00:00,albert_park,sainz
1123,844,6,4.0,2,2024,1,2024-03-24,04:00:00,albert_park,leclerc
1123,846,1,3.0,3,2024,1,2024-03-24,04:00:00,albert_park,norris
1123,857,1,5.0,4,2024,1,2024-03-24,04:00:00,albert_park,piastri
1123,815,9,6.0,5,2024,1,2024-03-24,04:00:00,albert_park,perez
1123,840,117,9.0,6,2024,1,2024-03-24,04:00:00,albert_park,stroll
1123,852,215,8.0,7,2024,1,2024-03-24,04:00:00,albert_park,tsunoda
1123,4,117,10.0,8,2024,1,2024-03-24,04:00:00,albert_park,alonso
1123,807,210,16.0,9,2024,1,2024-03-24,04:00:00,albert_park,hulkenberg
1123,825,210,14.0,10,2024,1,2024-03-24,04:00:00,albert_park,kevin_magnussen
1123,848,3,12.0,11,2024,1,2024-03-24,04:00:00,albert_park,albon
1123,817,215,18.0,12,2024,1,2024-03-24,04:00:00,albert_park,ricciardo
1123,842,214,17.0,13,2024,1,2024-03-24,04:00:00,albert_park,gasly
1123,822,15,13.0,14,2024,1,2024-03-24,04:00:00,albert_park,bottas
1123,855,15,19.0,15,2024,1,2024-03-24,04:00:00,albert_park,zhou
1123,839,214,15.0,16,2024,1,2024-03-24,04:00:00,albert_park,ocon
1123,847,131,7.0,17,2024,1,2024-03-24,04:00:00,albert_park,russell
1123,1,131,11.0,,2024,1,2024-03-24,04:00:00,albert_park,hamilton
1123,830,9,1.0,,2024,1,2024-03-24,04:00:00,albert_park,max_verstappen
1124,830,9,1.0,1,2024,22,2024-04-07,05:00:00,suzuka,max_verstappen
1124,815,9,2.0,2,2024,22,2024-04-07,05:00:00,suzuka,perez
1124,832,6,4.0,3,2024,22,2024-04-07,05:00:00,suzuka,sainz
1124,844,6,8.0,4,2024,22,2024-04-07,05:00:00,suzuka,leclerc
1124,846,1,3.0,5,2024,22,2024-04-07,05:00:00,suzuka,norris
1124,4,117,5.0,6,2024,22,2024-04-07,05:00:00,suzuka,alonso
1124,847,131,9.0,7,2024,22,2024-04-07,05:00:00,suzuka,russell
1124,857,1,6.0,8,2024,22,2024-04-07,05:00:00,suzuka,piastri
1124,1,131,7.0,9,2024,22,2024-04-07,05:00:00,suzuka,hamilton
1124,852,215,10.0,10,2024,22,2024-04-07,05:00:00,suzuka,tsunoda
1124,807,210,12.0,11,2024,22,2024-04-07,05:00:00,suzuka,hulkenberg
1124,840,117,16.0,12,2024,22,2024-04-07,05:00:00,suzuka,stroll
1124,825,210,18.0,13,2024,22,2024-04-07,05:00:00,suzuka,kevin_magnussen
1124,822,15,13.0,14,2024,22,2024-04-07,05:00:00,suzuka,bottas
1124,839,214,15.0,15,2024,22,2024-04-07,05:00:00,suzuka,ocon
1124,842,214,17.0,16,2024,22,2024-04-07,05:00:00,suzuka,gasly
1124,858,3,19.0,17,2024,22,2024-04-07,05:00:00,suzuka,sargeant
1124,855,15,20.0,,2024,22,2024-04-07,05:00:00,suzuka,zhou
1124,817,215,11.0,,2024,22,2024-04-07,05:00:00,suzuka,ricciardo
1124,848,3,14.0,,2024,22,2024-04-07,05:00:00,suzuka,albon
1125,830,9,1.0,1,2024,17,2024-04-21,07:00:00,shanghai,max_verstappen
1125,846,1,4.0,2,2024,17,2024-04-21,07:00:00,shanghai,norris
1125,815,9,2.0,3,2024,17,2024-04-21,07:00:00,shanghai,perez
1125,844,6,6.0,4,2024,17,2024-04-21,07:00:00,shanghai,leclerc
1125,832,6,7.0,5,2024,17,2024-04-21,07:00:00,shanghai,sainz
1125,847,131,8.0,6,2024,17,2024-04-21,07:00:00,shanghai,russell
1125,4,117,3.0,7,2024,17,2024-04-21,07:00:00,shanghai,alonso
1125,857,1,5.0,8,2024,17,2024-04-21,07:00:00,shanghai,piastri
1125,1,131,18.0,9,2024,17,2024-04-21,07:00:00,shanghai,hamilton
1125,807,210,9.0,10,2024,17,2024-04-21,07:00:00,shanghai,hulkenberg
1125,839,214,13.0,11,2024,17,2024-04-21,07:00:00,shanghai,ocon
1125,848,3,14.0,12,2024,17,2024-04-21,07:00:00,shanghai,albon
1125,842,214,15.0,13,2024,17,2024-04-21,07:00:00,shanghai,gasly
1125,855,15,16.0,14,2024,17,2024-04-21,07:00:00,shanghai,zhou
1125,840,117,11.0,15,2024,17,2024-04-21,07:00:00,shanghai,stroll
1125,825,210,17.0,16,2024,17,2024-04-21,07:00:00,shanghai,kevin_magnussen
1125,858,3,20.0,17,2024,17,2024-04-21,07:00:00,shanghai,sargeant
1125,817,215,12.0,,2024,17,2024-04-21,07:00:00,shanghai,ricciardo
1125,852,215,19.0,,2024,17,2024-04-21,07:00:00,shanghai,tsunoda
1125,822,15,10.0,,2024,17,2024-04-21,07:00:00,shanghai,bottas
1126,846,1,5.0,1,2024,79,2024-05-05,20:00:00,miami,norris
1126,830,9,1.0,2,2024,79,2024-05-05,20:00:00,miami,max_verstappen
1126,844,6,2.0,3,2024,79,2024-05-05,20:00:00,miami,leclerc
1126,815,9,4.0,4,2024,79,2024-05-05,20:00:00,miami,perez
1126,832,6,3.0,5,2024,79,2024-05-05,20:00:00,miami,sainz
1126,1,131,8.0,6,2024,79,2024-05-05,20:00:00,miami,hamilton
1126,852,215,10.0,7,2024,79,2024-05-05,20:00:00,miami,tsunoda
1126,847,131,7.0,8,2024,79,2024-05-05,20:00:00,miami,russell
1126,4,117,15.0,9,2024,79,2024-05-05,20:00:00,miami,alonso
1126,839,214,13.0,10,2024,79,2024-05-05,20:00:00,miami,ocon
1126,807,210,9.0,11,2024,79,2024-05-05,20:00:00,miami,hulkenberg
1126,842,214,12.0,12,2024,79,2024-05-05,20:00:00,miami,gasly
1126,857,1,6.0,13,2024,79,2024-05-05,20:00:00,miami,piastri
1126,855,15,19.0,14,2024,79,2024-05-05,20:00:00,miami,zhou
1126,817,215,20.0,15,2024,79,2024-05-05,20:00:00,miami,ricciardo
1126,822,15,16.0,16,2024,79,2024-05-05,20:00:00,miami,bottas
1126,840,117,11.0,17,2024,79,2024-05-05,20:00:00,miami,stroll
1126,848,3,14.0,18,2024,79,2024-05-05,20:00:00,miami,albon
1126,825,210,18.0,19,2024,79,2024-05-05,20:00:00,miami,kevin_magnussen
1126,858,3,17.0,,2024,79,2024-05-05,20:00:00,miami,sargeant
1127,830,9,1.0,1,2024,21,2024-05-19,13:00:00,imola,max_verstappen
1127,846,1,2.0,2,2024,21,2024-05-19,13:00:00,imola,norris
1127,844,6,3.0,3,2024,21,2024-05-19,13:00:00,imola,leclerc
1127,857,1,5.0,4,2024,21,2024-05-19,13:00:00,imola,piastri
1127,832,6,4.0,5,2024,21,2024-05-19,13:00:00,imola,sainz
1127,1,131,8.0,6,2024,21,2024-05-19,13:00:00,imola,hamilton
1127,847,131,6.0,7,2024,21,2024-05-19,13:00:00,imola,russell
1127,815,9,11.0,8,2024,21,2024-05-19,13:00:00,imola,perez
1127,840,117,13.0,9,2024,21,2024-05-19,13:00:00,imola,stroll
1127,852,215,7.0,10,2024,21,2024-05-19,13:00:00,imola,tsunoda
1127,807,210,10.0,11,2024,21,2024-05-19,13:00:00,imola,hulkenberg
1127,825,210,18.0,12,2024,21,2024-05-19,13:00:00,imola,kevin_magnussen
1127,817,215,9.0,13,2024,21,2024-05-19,13:00:00,imola,ricciardo
1127,839,214,12.0,14,2024,21,2024-05-19,13:00:00,imola,ocon
1127,855,15,17.0,15,2024,21,2024-05-19,13:00:00,imola,zhou
1127,842,214,15.0,16,2024,21,2024-05-19,13:00:00,imola,gasly
1127,858,3,19.0,17,2024,21,2024-05-19,13:00:00,imola,sargeant
1127,822,15,16.0,18,2024,21,2024-05-19,13:00:00,imola,bottas
1127,4,117,20.0,19,2024,21,2024-05-19,13:00:00,imola,alonso
1127,848,3,14.0,,2024,21,2024-05-19,13:00:00,imola,albon
1128,844,6,1.0,1,2024,6,2024-05-26,13:00:00,monaco,leclerc
1128,857,1,2.0,2,2024,6,2024-05-26,13:00:00,monaco,piastri
1128,832,6,3.0,3,2024,6,2024-05-26,13:00:00,monaco,sainz
1128,846,1,4.0,4,2024,6,2024-05-26,13:00:00,monaco,norris
1128,847,131,5.0,5,2024,6,2024-05-26,13:00:00,monaco,russell
1128,830,9,6.0,6,2024,6,2024-05-26,13:00:00,monaco,max_verstappen
1128,1,131,7.0,7,2024,6,2024-05-26,13:00:00,monaco,hamilton
1128,852,215,8.0,8,2024,6,2024-05-26,13:00:00,monaco,tsunoda
1128,848,3,9.0,9,2024,6,2024-05-26,13:00:00,monaco,albon
1128,842,214,10.0,10,2024,6,2024-05-26,13:00:00,monaco,gasly
1128,4,117,14.0,11,2024,6,2024-05-26,13:00:00,monaco,alonso
1128,817,215,12.0,12,2024,6,2024-05-26,13:00:00,monaco,ricciardo
1128,822,15,17.0,13,2024,6,2024-05-26,13:00:00,monaco,bottas
1128,840,117,13.0,14,2024,6,2024-05-26,13:00:00,monaco,stroll
1128,858,3,15.0,15,2024,6,2024-05-26,13:00:00,monaco,sargeant
1128,855,15,18.0,16,2024,6,2024-05-26,13:00:00,monaco,zhou
1128,839,214,11.0,,2024,6,2024-05-26,13:00:00,monaco,ocon
1128,815,9,16.0,,2024,6,2024-05-26,13:00:00,monaco,perez
1128,807,210,19.0,,2024,6,2024-05-26,13:00:00,monaco,hulkenberg
1128,825,210,20.0,,2024,6,2024-05-26,13:00:00,monaco,kevin_magnussen
1129,830,9,2.0,1,2024,7,2024-06-09,18:00:00,villeneuve,max_verstappen
1129,846,1,3.0,2,2024,7,2024-06-09,18:00:00,villeneuve,norris
1129,847,131,1.0,3,2024,7,2024-06-09,18:00:00,villeneuve,russell
1129,1,131,7.0,4,2024,7,2024-06-09,18:00:00,villeneuve,hamilton
1129,857,1,4.0,5,2024,7,2024-06-09,18:00:00,villeneuve,piastri
1129,4,117,6.0,6,2024,7,2024-06-09,18:00:00,villeneuve,alonso
1129,840,117,9.0,7,2024,7,2024-06-09,18:00:00,villeneuve,stroll
1129,817,215,5.0,8,2024,7,2024-06-09,18:00:00,villeneuve,ricciardo
1129,842,214,15.0,9,2024,7,2024-06-09,18:00:00,villeneuve,gasly
1129,839,214,18.0,10,2024,7,2024-06-09,18:00:00,villeneuve,ocon
1129,807,210,17.0,11,2024,7,2024-06-09,18:00:00,villeneuve,hulkenberg
1129,825,210,14.0,12,2024,7,2024-06-09,18:00:00,villeneuve,kevin_magnussen
1129,822,15,0.0,13,2024,7,2024-06-09,18:00:00,villeneuve,bottas
1129,852,215,8.0,14,2024,7,2024-06-09,18:00:00,villeneuve,tsunoda
1129,855,15,0.0,15,2024,7,2024-06-09,18:00:00,villeneuve,zhou
1129,832,6,12.0,,2024,7,2024-06-09,18:00:00,villeneuve,sainz
1129,848,3,10.0,,2024,7,2024-06-09,18:00:00,villeneuve,albon
1129,815,9,16.0,,2024,7,2024-06-09,18:00:00,villeneuve,perez
1129,844,6,11.0,,2024,7,2024-06-09,18:00:00,villeneuve,leclerc
1129,858,3,13.0,,2024,7,2024-06-09,18:00:00,villeneuve,sargeant
1130,830,9,2.0,1,2024,4,2024-06-23,13:00:00,catalunya,max_verstappen
1130,846,1,1.0,2,2024,4,2024-06-23,13:00:00,catalunya,norris
1130,1,131,3.0,3,2024,4,2024-06-23,13:00:00,catalunya,hamilton
1130,847,131,4.0,4,2024,4,2024-06-23,13:00:00,catalunya,russell
1130,844,6,5.0,5,2024,4,2024-06-23,13:00:00,catalunya,leclerc
1130,832,6,6.0,6,2024,4,2024-06-23,13:00:00,catalunya,sainz
1130,857,1,9.0,7,2024,4,2024-06-23,13:00:00,catalunya,piastri
1130,815,9,11.0,8,2024,4,2024-06-23,13:00:00,catalunya,perez
1130,842,214,7.0,9,2024,4,2024-06-23,13:00:00,catalunya,gasly
1130,839,214,8.0,10,2024,4,2024-06-23,13:00:00,catalunya,ocon
1130,807,210,13.0,11,2024,4,2024-06-23,13:00:00,catalunya,hulkenberg
1130,4,117,10.0,12,2024,4,2024-06-23,13:00:00,catalunya,alonso
1130,855,15,15.0,13,2024,4,2024-06-23,13:00:00,catalunya,zhou
1130,840,117,14.0,14,2024,4,2024-06-23,13:00:00,catalunya,stroll
1130,817,215,18.0,15,2024,4,2024-06-23,13:00:00,catalunya,ricciardo
1130,822,15,12.0,16,2024,4,2024-06-23,13:00:00,catalunya,bottas
1130,825,210,16.0,17,2024,4,2024-06-23,13:00:00,catalunya,kevin_magnussen
1130,848,3,0.0,18,2024,4,2024-06-23,13:00:00,catalunya,albon
1130,852,215,17.0,19,2024,4,2024-06-23,13:00:00,catalunya,tsunoda
1130,858,3,19.0,20,2024,4,2024-06-23,13:00:00,catalunya,sargeant
1131,847,131,3.0,1,2024,70,2024-06-30,13:00:00,red_bull_ring,russell
1131,857,1,7.0,2,2024,70,2024-06-30,13:00:00,red_bull_ring,piastri
1131,832,6,4.0,3,2024,70,2024-06-30,13:00:00,red_bull_ring,sainz
1131,1,131,5.0,4,2024,70,2024-06-30,13:00:00,red_bull_ring,hamilton
1131,830,9,1.0,5,2024,70,2024-06-30,13:00:00,red_bull_ring,max_verstappen
1131,807,210,9.0,6,2024,70,2024-06-30,13:00:00,red_bull_ring,hulkenberg
1131,815,9,8.0,7,2024,70,2024-06-30,13:00:00,red_bull_ring,perez
1131,825,210,12.0,8,2024,70,2024-06-30,13:00:00,red_bull_ring,kevin_magnussen
1131,817,215,11.0,9,2024,70,2024-06-30,13:00:00,red_bull_ring,ricciardo
1131,842,214,13.0,10,2024,70,2024-06-30,13:00:00,red_bull_ring,gasly
1131,844,6,6.0,11,2024,70,2024-06-30,13:00:00,red_bull_ring,leclerc
1131,839,214,10.0,12,2024,70,2024-06-30,13:00:00,red_bull_ring,ocon
1131,840,117,17.0,13,2024,70,2024-06-30,13:00:00,red_bull_ring,stroll
1131,852,215,14.0,14,2024,70,2024-06-30,13:00:00,red_bull_ring,tsunoda
1131,848,3,16.0,15,2024,70,2024-06-30,13:00:00,red_bull_ring,albon
1131,822,15,18.0,16,2024,70,2024-06-30,13:00:00,red_bull_ring,bottas
1131,855,15,20.0,17,2024,70,2024-06-30,13:00:00,red_bull_ring,zhou
1131,4,117,15.0,18,2024,70,2024-06-30,13:00:00,red_bull_ring,alonso
1131,858,3,19.0,19,2024,70,2024-06-30,13:00:00,red_bull_ring,sargeant
1131,846,1,2.0,20,2024,70,2024-06-30,13:00:00,red_bull_ring,norris
1132,1,131,2.0,1,2024,9,2024-07-07,14:00:00,silverstone,hamilton
1132,830,9,4.0,2,2024,9,2024-07-07,14:00:00,silverstone,max_verstappen
1132,846,1,3.0,3,2024,9,2024-07-07,14:00:00,silverstone,norris
1132,857,1,5.0,4,2024,9,2024-07-07,14:00:00,silverstone,piastri
1132,832,6,7.0,5,2024,9,2024-07-07,14:00:00,silverstone,sainz
1132,807,210,6.0,6,2024,9,2024-07-07,14:00:00,silverstone,hulkenberg
1132,840,117,8.0,7,2024,9,2024-07-07,14:00:00,silverstone,stroll
1132,4,117,10.0,8,2024,9,2024-07-07,14:00:00,silverstone,alonso
1132,848,3,9.0,9,2024,9,2024-07-07,14:00:00,silverstone,albon
1132,852,215,13.0,10,2024,9,2024-07-07,14:00:00,silverstone,tsunoda
1132,858,3,12.0,11,2024,9,2024-07-07,14:00:00,silverstone,sargeant
1132,825,210,17.0,12,2024,9,2024-07-07,14:00:00,silverstone,kevin_magnussen
1132,817,215,15.0,13,2024,9,2024-07-07,14:00:00,silverstone,ricciardo
1132,844,6,11.0,14,2024,9,2024-07-07,14:00:00,silverstone,leclerc
1132,822,15,16.0,15,2024,9,2024-07-07,14:00:00,silverstone,bottas
1132,839,214,18.0,16,2024,9,2024-07-07,14:00:00,silverstone,ocon
1132,815,9,0.0,17,2024,9,2024-07-07,14:00:00,silverstone,perez
1132,855,15,14.0,18,2024,9,2024-07-07,14:00:00,silverstone,zhou
1132,847,131,1.0,,2024,9,2024-07-07,14:00:00,silverstone,russell
1132,842,214,19.0,,2024,9,2024-07-07,14:00:00,silverstone,gasly
1133,1,131,3.0,1.0,2024,13,2024-07-28,15:00,spa,hamilton
1133,857,1,5.0,2.0,2024,13,2024-07-28,15:00,spa,piastri
1133,844,6,1.0,3.0,2024,13,2024-07-28,15:00,spa,leclerc
1133,830,9,11.0,4.0,2024,13,2024-07-28,15:00,spa,max_verstappen
1133,846,1,4.0,5.0,2024,13,2024-07-28,15:00,spa,norris
1133,832,6,7.0,6.0,2024,13,2024-07-28,15:00,spa,sainz
1133,815,9,2.0,7.0,2024,13,2024-07-28,15:00,spa,perez
1133,4,117,8.0,8.0,2024,13,2024-07-28,15:00,spa,alonso
1133,839,214,9.0,9.0,2024,13,2024-07-28,15:00,spa,ocon
1133,817,215,13.0,10.0,2024,13,2024-07-28,15:00,spa,ricciardo
1133,840,117,15.0,11.0,2024,13,2024-07-28,15:00,spa,stroll
1133,848,3,10.0,12.0,2024,13,2024-07-28,15:00,spa,albon
1133,842,214,12.0,13.0,2024,13,2024-07-28,15:00,spa,gasly
1133,825,210,17.0,14.0,2024,13,2024-07-28,15:00,spa,kevin_magnussen
1133,822,15,14.0,15.0,2024,13,2024-07-28,15:00,spa,bottas
1133,852,215,20.0,16.0,2024,13,2024-07-28,15:00,spa,tsunoda
1133,858,3,18.0,17.0,2024,13,2024-07-28,15:00,spa,sargeant
1133,807,210,16.0,18.0,2024,13,2024-07-28,15:00,spa,hulkenberg
1133,855,15,19.0,19.0,2024,13,2024-07-28,15:00,spa,zhou
1133,847,131,6.0,20.0,2024,13,2024-07-28,15:00,spa,russell
1134,857,1,2.0,1.0,2024,11,2024-07-21,15:00,hungaroring,piastri
1134,846,1,1.0,2.0,2024,11,2024-07-21,15:00,hungaroring,norris
1134,1,131,5.0,3.0,2024,11,2024-07-21,15:00,hungaroring,hamilton
1134,844,6,6.0,4.0,2024,11,2024-07-21,15:00,hungaroring,leclerc
1134,830,9,3.0,5.0,2024,11,2024-07-21,15:00,hungaroring,max_verstappen
1134,832,6,4.0,6.0,2024,11,2024-07-21,15:00,hungaroring,sainz
1134,815,9,16.0,7.0,2024,11,2024-07-21,15:00,hungaroring,perez
1134,847,131,17.0,8.0,2024,11,2024-07-21,15:00,hungaroring,russell
1134,852,215,10.0,9.0,2024,11,2024-07-21,15:00,hungaroring,tsunoda
1134,840,117,8.0,10.0,2024,11,2024-07-21,15:00,hungaroring,stroll
1134,4,117,7.0,11.0,2024,11,2024-07-21,15:00,hungaroring,alonso
1134,817,215,9.0,12.0,2024,11,2024-07-21,15:00,hungaroring,ricciardo
1134,807,210,11.0,13.0,2024,11,2024-07-21,15:00,hungaroring,hulkenberg
1134,848,3,13.0,14.0,2024,11,2024-07-21,15:00,hungaroring,albon
1134,825,210,15.0,15.0,2024,11,2024-07-21,15:00,hungaroring,kevin_magnussen
1134,822,15,12.0,16.0,2024,11,2024-07-21,15:00,hungaroring,bottas
1134,858,3,14.0,17.0,2024,11,2024-07-21,15:00,hungaroring,sargeant
1134,839,214,19.0,18.0,2024,11,2024-07-21,15:00,hungaroring,ocon
1134,855,15,18.0,19.0,2024,11,2024-07-21,15:00,hungaroring,zhou
1134,842,214,0.0,20.0,2024,11,2024-07-21,15:00,hungaroring,gasly
