,key_0,raceId,grid,position,year,date,time,circuitRef,driverRef,constructorRef,circuit_code,driver_code,constructor_code,pos_delta,grid_rolling,position_rolling,pos_delta_rolling,0,1,2,3,4,5,6,7,8,9,10,11,12,13,14,15,16,17,18,19
0,1620,1074,1.0,1,2022,2022-03-20,15:00:00,bahrain,leclerc,ferrari,2,18,4,0.0,5.666666666666667,7.333333333333333,-1.6666666666666667,0.8633326,0.0,0.0,0.0,0.07666666,0.03666667,0.013333334,0.006666667,0.0033333334,0.0,0.0,0.0,0.0,0.0,0.0,0.0,0.0,0.0,0.0,0.0
1,1621,1074,3.0,2,2022,2022-03-20,15:00:00,bahrain,sainz,ferrari,2,30,4,1.0,7.666666666666667,5.666666666666667,2.0,0.09666664,0.0033333334,0.0,0.0,0.7033328,0.18333323,0.013333334,0.0,0.0,0.0,0.0,0.0,0.0,0.0,0.0,0.0,0.0,0.0,0.0,0.0
2,1622,1074,5.0,3,2022,2022-03-20,15:00:00,bahrain,hamilton,mercedes,2,11,8,2.0,4.333333333333333,1.3333333333333333,3.0,0.07999999,0.0,0.0,0.0,0.2666665,0.5166663,0.10666663,0.016666668,0.0033333334,0.01,0.0,0.0,0.0,0.0,0.0,0.0,0.0,0.0,0.0,0.0
3,1623,1074,9.0,4,2022,2022-03-20,15:00:00,bahrain,russell,mercedes,2,29,8,5.0,16.0,,,0.01,0.016666668,0.01,0.0033333334,0.0,0.11333329,0.6066662,0.016666668,0.11666662,0.07333333,0.020000001,0.01,0.0,0.0033333334,0.0,0.0,0.0,0.0,0.0,0.0
4,1624,1074,7.0,5,2022,2022-03-20,15:00:00,bahrain,kevin_magnussen,haas,2,13,6,2.0,17.666666666666668,16.666666666666668,1.0,0.006666667,0.020000001,0.030000003,0.016666668,0.0033333334,0.020000001,0.04666667,0.43999967,0.2999998,0.03666667,0.013333334,0.033333335,0.01,0.006666667,0.006666667,0.0033333334,0.006666667,0.0,0.0,0.0
5,1625,1074,6.0,6,2022,2022-03-20,15:00:00,bahrain,bottas,alfa,2,4,0,0.0,3.0,4.0,-1.0,0.0,0.01,0.0,0.0033333334,0.013333334,0.006666667,0.06666667,0.22666653,0.55666625,0.07666666,0.033333335,0.0033333334,0.0033333334,0.0,0.0,0.0,0.0,0.0,0.0,0.0
6,1626,1074,11.0,7,2022,2022-03-20,15:00:00,bahrain,ocon,alpine,2,23,2,4.0,8.666666666666666,7.0,1.6666666666666667,0.0,0.040000003,0.013333334,0.006666667,0.020000001,0.01,0.040000003,0.11333329,0.09333331,0.503333,0.09666664,0.050000004,0.0033333334,0.006666667,0.0033333334,0.0,0.0,0.0,0.0,0.0
7,1627,1074,16.0,8,2022,2022-03-20,15:00:00,bahrain,tsunoda,alphatauri,2,34,1,8.0,10.333333333333334,11.0,-0.6666666666666666,0.0,0.07999999,0.060000006,0.020000001,0.0033333334,0.0,0.013333334,0.016666668,0.020000001,0.08999998,0.42333302,0.27333316,0.0,0.0,0.0,0.0,0.0,0.0,0.0,0.0
8,1628,1074,8.0,9,2022,2022-03-20,15:00:00,bahrain,alonso,alpine,2,2,2,-1.0,12.0,10.0,2.0,0.0,0.14999993,0.033333335,0.013333334,0.0,0.0033333334,0.0,0.0033333334,0.03666667,0.030000003,0.09333331,0.63333285,0.0033333334,0.0,0.0,0.0,0.0,0.0,0.0,0.0
9,1629,1074,15.0,10,2022,2022-03-20,15:00:00,bahrain,zhou,alfa,2,37,0,5.0,,,,0.0,0.6033329,0.26333317,0.040000003,0.0,0.0,0.0,0.0,0.0033333334,0.006666667,0.030000003,0.043333337,0.006666667,0.0033333334,0.0,0.0,0.0,0.0,0.0,0.0
10,1630,1074,12.0,11,2022,2022-03-20,15:00:00,bahrain,mick_schumacher,haas,2,21,6,1.0,18.666666666666668,,,0.0,0.10666663,0.60999954,0.14333327,0.0,0.0,0.0,0.01,0.013333334,0.0033333334,0.023333335,0.040000003,0.016666668,0.01,0.006666667,0.0033333334,0.0033333334,0.0,0.01,0.0
11,1631,1074,19.0,12,2022,2022-03-20,15:00:00,bahrain,stroll,aston_martin,2,33,3,7.0,15.0,,,0.0,0.07666666,0.10666663,0.7633327,0.0,0.0,0.0,0.0,0.0,0.0,0.0033333334,0.0,0.02666667,0.016666668,0.006666667,0.0,0.0,0.0,0.0,0.0
12,1632,1074,14.0,13,2022,2022-03-20,15:00:00,bahrain,albon,williams,2,1,15,1.0,7.0,4.333333333333333,2.6666666666666665,0.01,0.056666672,0.020000001,0.09666664,0.006666667,0.01,0.013333334,0.043333337,0.030000003,0.020000001,0.08333332,0.033333335,0.42333302,0.07666666,0.04666667,0.01,0.0033333334,0.006666667,0.01,0.0
13,1633,1074,18.0,14,2022,2022-03-20,15:00:00,bahrain,ricciardo,mclaren,2,28,7,4.0,10.666666666666666,,,0.0,0.01,0.006666667,0.05333334,0.0,0.0,0.0,0.0,0.0033333334,0.0,0.013333334,0.0,0.06333334,0.6833328,0.11666662,0.04666667,0.0033333334,0.0,0.0,0.0
14,1634,1074,13.0,15,2022,2022-03-20,15:00:00,bahrain,norris,mclaren,2,22,7,-2.0,5.0,9.0,-4.0,0.0,0.04666667,0.016666668,0.06333334,0.0,0.0,0.0,0.0,0.01,0.006666667,0.033333335,0.016666668,0.09333331,0.11666662,0.41666636,0.06333334,0.05333334,0.033333335,0.030000003,0.0
15,1635,1074,20.0,16,2022,2022-03-20,15:00:00,bahrain,latifi,williams,2,16,15,4.0,16.0,,,0.0,0.0033333334,0.0033333334,0.006666667,0.0,0.0,0.0,0.0,0.0,0.0,0.0,0.0033333334,0.013333334,0.07666666,0.09999997,0.75333273,0.030000003,0.006666667,0.0,0.0033333334
16,1636,1074,17.0,17,2022,2022-03-20,15:00:00,bahrain,hulkenberg,aston_martin,2,12,3,0.0,12.0,,,0.0,0.0,0.0033333334,0.0,0.0,0.0,0.0,0.0,0.0,0.0,0.0,0.0,0.0033333334,0.016666668,0.060000006,0.1466666,0.6166662,0.12333328,0.030000003,0.0
17,1637,1074,4.0,18,2022,2022-03-20,15:00:00,bahrain,perez,red_bull,2,24,11,-14.0,4.333333333333333,,,0.0,0.04666667,0.0033333334,0.0033333334,0.0,0.0,0.03666667,0.033333335,0.040000003,0.023333335,0.07999999,0.03666667,0.033333335,0.06666667,0.12666662,0.07333333,0.10999996,0.24333318,0.016666668,0.02666667
18,1638,1074,2.0,19,2022,2022-03-20,15:00:00,bahrain,max_verstappen,red_bull,2,19,11,-17.0,2.0,1.6666666666666667,0.3333333333333333,0.0033333334,0.013333334,0.08999998,0.0033333334,0.023333335,0.023333335,0.020000001,0.05333334,0.056666672,0.06666667,0.033333335,0.050000004,0.01,0.060000006,0.09666664,0.04666667,0.10999996,0.043333337,0.14333327,0.05333334
19,1640,1075,4.0,1,2022,2022-03-27,17:00:00,jeddah,max_verstappen,red_bull,10,19,11,3.0,2.0,7.333333333333333,-5.333333333333333,0.47999963,0.0,0.0,0.0,0.34999976,0.056666672,0.060000006,0.05333334,0.0,0.0,0.0,0.0,0.0,0.0,0.0,0.0,0.0,0.0,0.0,0.0
20,1641,1075,2.0,2,2022,2022-03-27,17:00:00,jeddah,leclerc,ferrari,10,18,4,0.0,4.0,6.0,-2.0,0.08333332,0.0,0.0,0.0033333334,0.8599993,0.030000003,0.016666668,0.006666667,0.0,0.0,0.0,0.0,0.0,0.0,0.0,0.0,0.0,0.0,0.0,0.0
21,1642,1075,3.0,3,2022,2022-03-27,17:00:00,jeddah,sainz,ferrari,10,30,4,0.0,7.666666666666667,4.333333333333333,3.333333333333333,0.023333335,0.0,0.0,0.0,0.07333333,0.85666597,0.03666667,0.0033333334,0.0033333334,0.0033333334,0.0,0.0,0.0,0.0,0.0,0.0,0.0,0.0,0.0,0.0
22,1643,1075,1.0,4,2022,2022-03-27,17:00:00,jeddah,perez,red_bull,10,24,11,-3.0,4.333333333333333,,,0.0033333334,0.01,0.0,0.0,0.020000001,0.07333333,0.6199995,0.07333333,0.08999998,0.030000003,0.06666667,0.013333334,0.0,0.0,0.0,0.0,0.0,0.0,0.0,0.0
23,1644,1075,6.0,5,2022,2022-03-27,17:00:00,jeddah,russell,mercedes,10,29,8,1.0,13.333333333333334,,,0.01,0.0,0.0,0.0,0.01,0.056666672,0.08333332,0.6966661,0.09666664,0.033333335,0.01,0.0033333334,0.0,0.0,0.0,0.0,0.0,0.0,0.0,0.0
24,1645,1075,5.0,6,2022,2022-03-27,17:00:00,jeddah,ocon,alpine,10,23,2,-1.0,9.666666666666666,6.666666666666667,3.0,0.0033333334,0.01,0.0,0.0,0.013333334,0.020000001,0.050000004,0.08333332,0.6599995,0.12333328,0.023333335,0.006666667,0.0033333334,0.0033333334,0.0,0.0,0.0,0.0,0.0,0.0
25,1646,1075,11.0,7,2022,2022-03-27,17:00:00,jeddah,norris,mclaren,10,22,7,4.0,7.666666666666667,10.666666666666666,-3.0,0.0033333334,0.013333334,0.01,0.006666667,0.0033333334,0.006666667,0.013333334,0.06666667,0.04666667,0.66666615,0.14333327,0.016666668,0.0,0.0033333334,0.0,0.0,0.0,0.0,0.0,0.0
26,1647,1075,9.0,8,2022,2022-03-27,17:00:00,jeddah,gasly,alphatauri,10,8,1,1.0,9.333333333333334,,,0.01,0.016666668,0.013333334,0.006666667,0.0,0.0,0.006666667,0.016666668,0.060000006,0.12999995,0.6166662,0.11999995,0.0033333334,0.0,0.0,0.0,0.0,0.0,0.0,0.0
27,1648,1075,10.0,9,2022,2022-03-27,17:00:00,jeddah,kevin_magnussen,haas,10,13,6,1.0,14.0,12.666666666666666,1.3333333333333333,0.0,0.09333331,0.060000006,0.013333334,0.0,0.0,0.0,0.006666667,0.013333334,0.02666667,0.03666667,0.74333274,0.0033333334,0.0,0.0,0.0033333334,0.0,0.0,0.0,0.0
28,1649,1075,15.0,10,2022,2022-03-27,17:00:00,jeddah,hamilton,mercedes,10,11,8,5.0,2.6666666666666665,2.0,0.6666666666666666,0.11666662,0.34999976,0.030000003,0.023333335,0.050000004,0.040000003,0.030000003,0.07333333,0.07999999,0.020000001,0.09999997,0.02666667,0.02666667,0.006666667,0.006666667,0.01,0.0,0.006666667,0.0033333334,0.0
29,1650,1075,12.0,11,2022,2022-03-27,17:00:00,jeddah,zhou,alfa,10,37,0,1.0,,,,0.0,0.1466666,0.6699995,0.07,0.0,0.0033333334,0.0,0.0,0.0033333334,0.0033333334,0.03666667,0.01,0.05333334,0.0033333334,0.0,0.0,0.0,0.0,0.0,0.0
30,1651,1075,17.0,12,2022,2022-03-27,17:00:00,jeddah,hulkenberg,aston_martin,10,12,3,5.0,13.333333333333334,10.666666666666666,2.6666666666666665,0.0,0.020000001,0.08333332,0.7933327,0.0,0.0,0.0,0.0033333334,0.0,0.0,0.0033333334,0.006666667,0.06333334,0.023333335,0.0033333334,0.0,0.0,0.0,0.0,0.0
31,1652,1075,13.0,13,2022,2022-03-27,17:00:00,jeddah,stroll,aston_martin,10,33,3,0.0,16.666666666666668,12.0,4.666666666666667,0.0,0.020000001,0.050000004,0.08333332,0.0,0.0,0.0,0.0,0.0,0.0,0.0,0.01,0.5499996,0.15333326,0.08999998,0.016666668,0.013333334,0.006666667,0.006666667,0.0
32,1653,1075,16.0,14,2022,2022-03-27,17:00:00,jeddah,albon,williams,10,1,15,2.0,10.333333333333334,7.666666666666667,2.6666666666666665,0.0,0.013333334,0.01,0.07999999,0.0,0.006666667,0.0,0.0033333334,0.020000001,0.0,0.0033333334,0.0033333334,0.07666666,0.5933329,0.1033333,0.060000006,0.023333335,0.0033333334,0.0,0.0
33,1660,1076,1.0,1,2022,2022-04-10,05:00:00,albert_park,leclerc,ferrari,0,18,4,0.0,3.333333333333333,4.333333333333333,-1.0,0.87666595,0.0,0.0,0.0,0.08666665,0.013333334,0.020000001,0.0033333334,0.0,0.0,0.0,0.0,0.0,0.0,0.0,0.0,0.0,0.0,0.0,0.0
34,1661,1076,3.0,2,2022,2022-04-10,05:00:00,albert_park,perez,red_bull,0,24,11,1.0,3.0,12.333333333333334,-9.333333333333334,0.10999996,0.0,0.0,0.0,0.836666,0.033333335,0.01,0.0033333334,0.0,0.0033333334,0.0,0.0033333334,0.0,0.0,0.0,0.0,0.0,0.0,0.0,0.0
35,1662,1076,6.0,3,2022,2022-04-10,05:00:00,albert_park,russell,mercedes,0,29,8,3.0,10.666666666666666,,,0.07,0.0,0.0,0.0,0.08666665,0.41666636,0.13999994,0.1799999,0.08666665,0.013333334,0.006666667,0.0,0.0,0.0,0.0,0.0,0.0,0.0,0.0,0.0
36,1663,1076,5.0,4,2022,2022-04-10,05:00:00,albert_park,hamilton,mercedes,0,11,8,1.0,7.333333333333333,5.0,2.333333333333333,0.016666668,0.0,0.0,0.0,0.023333335,0.15666659,0.7499994,0.040000003,0.006666667,0.006666667,0.0,0.0,0.0,0.0,0.0,0.0,0.0,0.0,0.0,0.0
37,1664,1076,4.0,5,2022,2022-04-10,05:00:00,albert_park,norris,mclaren,0,22,7,-1.0,9.0,9.666666666666666,-0.6666666666666666,0.01,0.0,0.0,0.0,0.02666667,0.043333337,0.1033333,0.6599995,0.13666661,0.01,0.01,0.0,0.0,0.0,0.0,0.0,0.0,0.0,0.0,0.0
38,1665,1076,7.0,6,2022,2022-04-10,05:00:00,albert_park,ricciardo,mclaren,0,28,7,1.0,14.0,,,0.0033333334,0.013333334,0.01,0.006666667,0.0,0.016666668,0.03666667,0.060000006,0.7399994,0.09666664,0.016666668,0.0,0.0,0.0,0.0,0.0,0.0,0.0,0.0,0.0
39,1666,1076,8.0,7,2022,2022-04-10,05:00:00,albert_park,ocon,alpine,0,23,2,1.0,8.333333333333334,7.333333333333333,1.0,0.0,0.020000001,0.013333334,0.0,0.0033333334,0.0033333334,0.0033333334,0.03666667,0.12999995,0.6733328,0.09666664,0.020000001,0.0,0.0,0.0,0.0,0.0,0.0,0.0,0.0
40,1667,1076,12.0,8,2022,2022-04-10,05:00:00,albert_park,bottas,alfa,0,4,0,4.0,6.666666666666667,,,0.0033333334,0.033333335,0.040000003,0.006666667,0.0033333334,0.006666667,0.020000001,0.03666667,0.020000001,0.1466666,0.57666624,0.09999997,0.0,0.0,0.006666667,0.0,0.0,0.0,0.0,0.0
41,1668,1076,11.0,9,2022,2022-04-10,05:00:00,albert_park,gasly,alphatauri,0,8,1,2.0,10.333333333333334,,,0.0,0.09999997,0.060000006,0.0033333334,0.0,0.0,0.0,0.0033333334,0.013333334,0.02666667,0.15999992,0.63333285,0.0,0.0,0.0,0.0,0.0,0.0,0.0,0.0
42,1669,1076,20.0,10,2022,2022-04-10,05:00:00,albert_park,albon,williams,0,1,15,10.0,11.666666666666666,10.333333333333334,1.3333333333333333,0.0,0.5199996,0.13999994,0.02666667,0.0033333334,0.006666667,0.0,0.020000001,0.013333334,0.006666667,0.01,0.16333325,0.006666667,0.05333334,0.016666668,0.013333334,0.0,0.0,0.0,0.0
43,1670,1076,14.0,11,2022,2022-04-10,05:00:00,albert_park,zhou,alfa,0,37,0,3.0,,,,0.0,0.16999991,0.6833328,0.07666666,0.0,0.0033333334,0.0,0.0,0.0,0.0,0.006666667,0.033333335,0.023333335,0.0,0.0,0.0,0.0033333334,0.0,0.0,0.0
44,1671,1076,19.0,12,2022,2022-04-10,05:00:00,albert_park,stroll,aston_martin,0,33,3,7.0,15.0,12.666666666666666,2.333333333333333,0.0,0.09666664,0.10666663,0.69999945,0.0,0.0033333334,0.0,0.0,0.0033333334,0.0,0.0,0.033333335,0.020000001,0.02666667,0.006666667,0.0033333334,0.0,0.0,0.0,0.0
45,1672,1076,15.0,13,2022,2022-04-10,05:00:00,albert_park,mick_schumacher,haas,0,21,6,2.0,10.333333333333334,,,0.0,0.0033333334,0.006666667,0.07333333,0.0,0.0,0.0,0.0,0.0,0.0,0.0,0.0,0.78666604,0.06666667,0.04666667,0.0033333334,0.006666667,0.0033333334,0.0033333334,0.0
46,1673,1076,16.0,14,2022,2022-04-10,05:00:00,albert_park,kevin_magnussen,haas,0,13,6,2.0,12.333333333333334,10.666666666666666,1.6666666666666667,0.0,0.0,0.01,0.006666667,0.0,0.0,0.0,0.0,0.0,0.0,0.0,0.0,0.07,0.6633328,0.19666655,0.016666668,0.023333335,0.013333334,0.0,0.0
47,1674,1076,13.0,15,2022,2022-04-10,05:00:00,albert_park,tsunoda,alphatauri,0,34,1,-2.0,14.333333333333334,,,0.0,0.01,0.0,0.013333334,0.0,0.0,0.0,0.0,0.0,0.0,0.0,0.0033333334,0.07999999,0.12333328,0.49333295,0.22999986,0.020000001,0.006666667,0.016666668,0.0033333334
48,1675,1076,18.0,16,2022,2022-04-10,05:00:00,albert_park,latifi,williams,0,16,15,2.0,18.0,,,0.0,0.0,0.0,0.0033333334,0.0,0.0,0.0,0.0,0.0,0.0,0.0,0.0,0.0033333334,0.006666667,0.040000003,0.71999943,0.15333326,0.06666667,0.0033333334,0.0033333334
49,1676,1076,10.0,17,2022,2022-04-10,05:00:00,albert_park,alonso,alpine,0,2,2,-7.0,8.666666666666666,,,0.0,0.01,0.033333335,0.0033333334,0.0,0.0,0.0,0.0,0.0,0.01,0.006666667,0.01,0.02666667,0.12333328,0.043333337,0.07333333,0.59999955,0.023333335,0.033333335,0.0033333334
50,1680,1077,1.0,1,2022,2022-04-24,13:00:00,imola,max_verstappen,red_bull,7,19,11,0.0,2.6666666666666665,,,0.9733325,0.0,0.0,0.0,0.02666667,0.0,0.0,0.0,0.0,0.0,0.0,0.0,0.0,0.0,0.0,0.0,0.0,0.0,0.0,0.0
51,1681,1077,3.0,2,2022,2022-04-24,13:00:00,imola,perez,red_bull,7,24,11,1.0,2.6666666666666665,8.0,-5.333333333333333,0.14333327,0.0,0.0,0.0,0.8033327,0.03666667,0.006666667,0.006666667,0.0,0.0,0.0,0.0,0.0,0.0,0.0,0.0,0.0,0.0,0.0033333334,0.0
52,1682,1077,5.0,3,2022,2022-04-24,13:00:00,imola,norris,mclaren,7,22,7,2.0,9.333333333333334,9.0,0.3333333333333333,0.033333335,0.0,0.0,0.0,0.08999998,0.57666624,0.22999986,0.043333337,0.013333334,0.006666667,0.0033333334,0.0033333334,0.0,0.0,0.0,0.0,0.0,0.0,0.0,0.0
53,1683,1077,11.0,4,2022,2022-04-24,13:00:00,imola,russell,mercedes,7,29,8,7.0,7.0,4.0,3.0,0.02666667,0.006666667,0.0033333334,0.0,0.016666668,0.17666657,0.453333,0.16666658,0.11333329,0.01,0.01,0.0033333334,0.013333334,0.0,0.0,0.0,0.0,0.0,0.0,0.0
54,1684,1077,7.0,5,2022,2022-04-24,13:00:00,imola,bottas,alfa,7,4,0,2.0,8.666666666666666,,,0.006666667,0.0033333334,0.006666667,0.0,0.0033333334,0.016666668,0.10666663,0.5366663,0.1899999,0.09999997,0.023333335,0.006666667,0.0,0.0,0.0,0.0,0.0,0.0,0.0,0.0
55,1685,1077,2.0,6,2022,2022-04-24,13:00:00,imola,leclerc,ferrari,7,18,4,-4.0,1.3333333333333333,1.3333333333333333,0.0,0.0033333334,0.0,0.01,0.0,0.016666668,0.056666672,0.040000003,0.13333328,0.5366663,0.16333325,0.01,0.016666668,0.0,0.0,0.0,0.0,0.0033333334,0.0,0.006666667,0.0033333334
56,1686,1077,12.0,7,2022,2022-04-24,13:00:00,imola,tsunoda,alphatauri,7,34,1,5.0,16.0,,,0.0,0.056666672,0.006666667,0.013333334,0.0033333334,0.016666668,0.016666668,0.020000001,0.12999995,0.5599996,0.14999993,0.023333335,0.0,0.0033333334,0.0,0.0,0.0,0.0,0.0,0.0
57,1687,1077,13.0,8,2022,2022-04-24,13:00:00,imola,vettel,aston_martin,7,36,3,5.0,16.333333333333332,,,0.0,0.1033333,0.01,0.016666668,0.0033333334,0.0033333334,0.006666667,0.0,0.016666668,0.043333337,0.7033328,0.08999998,0.0,0.0033333334,0.0,0.0,0.0,0.0,0.0,0.0
58,1688,1077,8.0,9,2022,2022-04-24,13:00:00,imola,kevin_magnussen,haas,7,13,6,-1.0,11.0,9.333333333333334,1.6666666666666667,0.0,0.10999996,0.05333334,0.0,0.0,0.0,0.0033333334,0.0,0.023333335,0.020000001,0.1033333,0.6799995,0.0033333334,0.0,0.0,0.0033333334,0.0,0.0,0.0,0.0
59,1689,1077,15.0,10,2022,2022-04-24,13:00:00,imola,stroll,aston_martin,7,33,3,5.0,17.0,12.333333333333334,4.666666666666667,0.0,0.79999936,0.07999999,0.043333337,0.0,0.006666667,0.0033333334,0.0,0.01,0.006666667,0.016666668,0.013333334,0.01,0.006666667,0.0033333334,0.0,0.0,0.0,0.0,0.0
60,1690,1077,18.0,11,2022,2022-04-24,13:00:00,imola,albon,williams,7,1,15,7.0,16.666666666666668,12.333333333333334,4.333333333333333,0.0,0.16999991,0.62333286,0.07666666,0.0,0.0,0.0,0.0033333334,0.0033333334,0.01,0.0,0.06666667,0.020000001,0.0033333334,0.01,0.01,0.0,0.0033333334,0.0,0.0
61,1691,1077,17.0,12,2022,2022-04-24,13:00:00,imola,gasly,alphatauri,7,8,1,5.0,10.0,,,0.0,0.020000001,0.22666653,0.6633328,0.0,0.0,0.0,0.0,0.0,0.0,0.0,0.0033333334,0.040000003,0.040000003,0.0033333334,0.0,0.0,0.0033333334,0.0,0.0
62,1692,1077,14.0,13,2022,2022-04-24,13:00:00,imola,hamilton,mercedes,7,11,8,1.0,8.333333333333334,5.666666666666667,2.6666666666666665,0.0033333334,0.06333334,0.03666667,0.12333328,0.01,0.02666667,0.0033333334,0.016666668,0.013333334,0.01,0.02666667,0.020000001,0.5599996,0.040000003,0.033333335,0.0033333334,0.01,0.0,0.0,0.0
63,1693,1077,16.0,14,2022,2022-04-24,13:00:00,imola,ocon,alpine,7,23,2,2.0,8.0,6.666666666666667,1.3333333333333333,0.0,0.03666667,0.050000004,0.050000004,0.006666667,0.006666667,0.0033333334,0.01,0.01,0.01,0.016666668,0.020000001,0.13999994,0.433333,0.13333328,0.040000003,0.02666667,0.006666667,0.0,0.0
64,1694,1077,0.0,15,2022,2022-04-24,13:00:00,imola,zhou,alfa,7,37,0,-15.0,13.666666666666666,10.666666666666666,3.0,0.0,0.056666672,0.013333334,0.13999994,0.0,0.0,0.0,0.0,0.0,0.0033333334,0.0,0.0033333334,0.07,0.006666667,0.5366663,0.07666666,0.07666666,0.016666668,0.0,0.0
65,1695,1077,19.0,16,2022,2022-04-24,13:00:00,imola,latifi,williams,7,16,15,3.0,18.666666666666668,,,0.0,0.0,0.01,0.0033333334,0.0,0.0,0.0,0.0,0.0,0.0,0.0,0.0,0.0,0.023333335,0.07666666,0.85666597,0.013333334,0.01,0.006666667,0.0
66,1696,1077,10.0,17,2022,2022-04-24,13:00:00,imola,mick_schumacher,haas,7,21,6,-7.0,9.0,,,0.0,0.023333335,0.013333334,0.020000001,0.0,0.0,0.0,0.0,0.0,0.0,0.006666667,0.0033333334,0.040000003,0.09333331,0.056666672,0.050000004,0.64333284,0.033333335,0.016666668,0.0
67,1697,1077,6.0,18,2022,2022-04-24,13:00:00,imola,ricciardo,mclaren,7,28,7,-12.0,13.0,,,0.0,0.043333337,0.043333337,0.10999996,0.0,0.0,0.0,0.0033333334,0.0,0.0,0.0,0.040000003,0.1466666,0.033333335,0.09333331,0.1033333,0.17666657,0.1899999,0.0,0.016666668
68,1700,1078,3.0,1,2022,2022-05-08,19:30:00,miami,max_verstappen,red_bull,13,19,11,2.0,2.333333333333333,,,0.5866662,0.0,0.0,0.0,0.38999972,0.023333335,0.0,0.0,0.0,0.0,0.0,0.0,0.0,0.0,0.0,0.0,0.0,0.0,0.0,0.0
69,1701,1078,1.0,2,2022,2022-05-08,19:30:00,miami,leclerc,ferrari,13,18,4,-1.0,1.6666666666666667,3.0,-1.3333333333333333,0.02666667,0.0,0.0,0.0,0.8399993,0.11999995,0.006666667,0.0033333334,0.0033333334,0.0,0.0,0.0,0.0,0.0,0.0,0.0,0.0,0.0,0.0,0.0
70,1702,1078,2.0,3,2022,2022-05-08,19:30:00,miami,sainz,ferrari,13,30,4,-1.0,5.333333333333333,,,0.033333335,0.0,0.0,0.0,0.1033333,0.6733328,0.16999991,0.016666668,0.0033333334,0.0,0.0,0.0,0.0,0.0,0.0,0.0,0.0,0.0,0.0,0.0
71,1703,1078,4.0,4,2022,2022-05-08,19:30:00,miami,perez,red_bull,13,24,11,0.0,2.333333333333333,2.6666666666666665,-0.3333333333333333,0.023333335,0.0,0.0,0.0,0.040000003,0.15999992,0.66666615,0.07666666,0.016666668,0.006666667,0.006666667,0.0033333334,0.0,0.0,0.0,0.0,0.0,0.0,0.0,0.0
72,1704,1078,12.0,5,2022,2022-05-08,19:30:00,miami,russell,mercedes,13,29,8,7.0,7.666666666666667,4.0,3.6666666666666665,0.016666668,0.023333335,0.0033333334,0.0,0.01,0.16999991,0.17333324,0.3233331,0.22666653,0.01,0.020000001,0.013333334,0.0,0.0033333334,0.0033333334,0.0033333334,0.0,0.0,0.0,0.0
73,1705,1078,6.0,6,2022,2022-05-08,19:30:00,miami,hamilton,mercedes,13,11,8,0.0,11.333333333333334,9.0,2.333333333333333,0.0,0.0,0.0,0.0,0.006666667,0.01,0.0,0.04666667,0.82333267,0.09333331,0.020000001,0.0,0.0,0.0,0.0,0.0,0.0,0.0,0.0,0.0
74,1706,1078,5.0,7,2022,2022-05-08,19:30:00,miami,bottas,alfa,13,4,0,-2.0,9.0,,,0.0,0.02666667,0.016666668,0.01,0.0033333334,0.016666668,0.0033333334,0.033333335,0.2133332,0.5166663,0.11666662,0.040000003,0.0033333334,0.0,0.0,0.0,0.0,0.0,0.0,0.0
75,1707,1078,20.0,8,2022,2022-05-08,19:30:00,miami,ocon,alpine,13,23,2,12.0,9.666666666666666,9.0,0.6666666666666666,0.0033333334,0.08666665,0.06333334,0.056666672,0.023333335,0.02666667,0.006666667,0.07999999,0.03666667,0.060000006,0.36999974,0.14999993,0.023333335,0.01,0.0,0.0033333334,0.0,0.0,0.0,0.0
76,1708,1078,18.0,9,2022,2022-05-08,19:30:00,miami,albon,williams,13,1,15,9.0,18.0,11.666666666666666,6.333333333333333,0.0,0.16999991,0.27333316,0.030000003,0.0,0.013333334,0.0,0.013333334,0.0033333334,0.03666667,0.013333334,0.3999997,0.01,0.016666668,0.016666668,0.0033333334,0.0,0.0,0.0,0.0
77,1709,1078,0.0,10,2022,2022-05-08,19:30:00,miami,stroll,aston_martin,13,33,3,-10.0,15.666666666666666,11.666666666666666,4.0,0.0,0.53333294,0.07,0.07,0.0,0.0,0.0033333334,0.0033333334,0.0,0.006666667,0.006666667,0.01,0.06333334,0.006666667,0.08999998,0.1033333,0.02666667,0.006666667,0.0,0.0
78,1710,1078,11.0,11,2022,2022-05-08,19:30:00,miami,alonso,alpine,13,2,2,0.0,8.666666666666666,,,0.0,0.08333332,0.75333273,0.05333334,0.0,0.0,0.0,0.0033333334,0.0,0.023333335,0.016666668,0.02666667,0.030000003,0.0033333334,0.0033333334,0.0,0.0033333334,0.0,0.0,0.0
79,1711,1078,9.0,12,2022,2022-05-08,19:30:00,miami,tsunoda,alphatauri,13,34,1,-3.0,14.666666666666666,,,0.0,0.060000006,0.06666667,0.6966661,0.0,0.0,0.0,0.0,0.0,0.0033333334,0.0033333334,0.0033333334,0.08666665,0.05333334,0.023333335,0.0,0.0033333334,0.0,0.0,0.0
80,1712,1078,14.0,13,2022,2022-05-08,19:30:00,miami,ricciardo,mclaren,13,28,7,1.0,9.0,,,0.0,0.006666667,0.01,0.18666656,0.0,0.0,0.0,0.0033333334,0.0033333334,0.0,0.01,0.0033333334,0.7133328,0.043333337,0.01,0.0033333334,0.006666667,0.0,0.0,0.0
81,1713,1078,19.0,14,2022,2022-05-08,19:30:00,miami,latifi,williams,13,16,15,5.0,18.33333333333333,,,0.0,0.006666667,0.050000004,0.020000001,0.0,0.0,0.0,0.0,0.0,0.0033333334,0.0,0.006666667,0.08333332,0.7066661,0.08333332,0.040000003,0.0,0.0,0.0,0.0
82,1714,1078,15.0,15,2022,2022-05-08,19:30:00,miami,mick_schumacher,haas,13,21,6,0.0,8.333333333333334,,,0.0,0.013333334,0.04666667,0.030000003,0.0,0.0033333334,0.0,0.0,0.0033333334,0.0,0.01,0.0033333334,0.08333332,0.06666667,0.6699995,0.02666667,0.016666668,0.020000001,0.006666667,0.0
83,1715,1078,16.0,16,2022,2022-05-08,19:30:00,miami,kevin_magnussen,haas,13,13,6,0.0,11.333333333333334,10.666666666666666,0.6666666666666666,0.0,0.0,0.0,0.0,0.0,0.0,0.0,0.0,0.0,0.0,0.0,0.0,0.013333334,0.05333334,0.09333331,0.67666614,0.1033333,0.030000003,0.02666667,0.0033333334
84,1716,1078,0.0,17,2022,2022-05-08,19:30:00,miami,vettel,aston_martin,13,36,3,-17.0,15.0,,,0.0,0.016666668,0.0,0.050000004,0.0,0.0,0.0,0.0033333334,0.0,0.0,0.0,0.0,0.033333335,0.006666667,0.08666665,0.07666666,0.6799995,0.040000003,0.0,0.006666667
85,1720,1079,2.0,1,2022,2022-05-22,13:00:00,catalunya,max_verstappen,red_bull,4,19,11,1.0,2.0,,,0.6833328,0.0,0.0,0.0,0.2999998,0.016666668,0.0,0.0,0.0,0.0,0.0,0.0,0.0,0.0,0.0,0.0,0.0,0.0,0.0,0.0
86,1721,1079,5.0,2,2022,2022-05-22,13:00:00,catalunya,perez,red_bull,4,24,11,3.0,3.333333333333333,2.6666666666666665,0.6666666666666666,0.1899999,0.0,0.0,0.0,0.6366662,0.11666662,0.050000004,0.0033333334,0.0,0.0,0.0,0.0,0.0,0.0,0.0,0.0033333334,0.0,0.0,0.0,0.0
87,1722,1079,4.0,3,2022,2022-05-22,13:00:00,catalunya,russell,mercedes,4,29,8,1.0,9.666666666666666,4.0,5.666666666666667,0.033333335,0.0033333334,0.0,0.0,0.18333323,0.60999954,0.09999997,0.050000004,0.0033333334,0.013333334,0.0033333334,0.0,0.0,0.0,0.0,0.0,0.0,0.0,0.0,0.0
88,1723,1079,3.0,4,2022,2022-05-22,13:00:00,catalunya,sainz,ferrari,4,30,4,-1.0,5.0,,,0.013333334,0.0,0.0,0.0,0.016666668,0.060000006,0.75666606,0.11999995,0.02666667,0.0033333334,0.0,0.0,0.0,0.0,0.0,0.0033333334,0.0,0.0,0.0,0.0
89,1724,1079,6.0,5,2022,2022-05-22,13:00:00,catalunya,hamilton,mercedes,4,11,8,1.0,8.333333333333334,7.666666666666667,0.6666666666666666,0.01,0.0,0.006666667,0.0,0.043333337,0.050000004,0.08333332,0.68666613,0.08333332,0.033333335,0.0033333334,0.0,0.0,0.0,0.0,0.0,0.0,0.0,0.0,0.0
90,1725,1079,7.0,6,2022,2022-05-22,13:00:00,catalunya,bottas,alfa,4,4,0,1.0,8.0,6.666666666666667,1.3333333333333333,0.0,0.01,0.020000001,0.0,0.020000001,0.020000001,0.040000003,0.12333328,0.60999954,0.10999996,0.020000001,0.013333334,0.006666667,0.0,0.0033333334,0.0033333334,0.0,0.0,0.0,0.0
91,1726,1079,12.0,7,2022,2022-05-22,13:00:00,catalunya,ocon,alpine,4,23,2,5.0,14.666666666666666,9.666666666666666,5.0,0.0,0.05333334,0.0,0.006666667,0.006666667,0.013333334,0.023333335,0.016666668,0.1033333,0.6599995,0.09999997,0.013333334,0.0033333334,0.0,0.0,0.0,0.0,0.0,0.0,0.0
92,1727,1079,11.0,8,2022,2022-05-22,13:00:00,catalunya,norris,mclaren,4,22,7,3.0,5.666666666666667,,,0.0033333334,0.01,0.006666667,0.0033333334,0.0,0.016666668,0.023333335,0.056666672,0.006666667,0.18666656,0.6299995,0.04666667,0.006666667,0.0033333334,0.0,0.0,0.0,0.0,0.0,0.0
93,1728,1079,20.0,9,2022,2022-05-22,13:00:00,catalunya,alonso,alpine,4,2,2,11.0,10.0,,,0.0033333334,0.13666661,0.06666667,0.05333334,0.006666667,0.0033333334,0.0,0.060000006,0.013333334,0.04666667,0.11333329,0.46333298,0.0033333334,0.013333334,0.006666667,0.0033333334,0.0,0.006666667,0.0,0.0
94,1729,1079,13.0,10,2022,2022-05-22,13:00:00,catalunya,tsunoda,alphatauri,4,34,1,3.0,11.333333333333334,11.333333333333334,0.0,0.0,0.74333274,0.09666664,0.030000003,0.0,0.0,0.0033333334,0.006666667,0.0,0.0033333334,0.02666667,0.07333333,0.006666667,0.0,0.006666667,0.0033333334,0.0,0.0,0.0,0.0
95,1730,1079,16.0,11,2022,2022-05-22,13:00:00,catalunya,vettel,aston_martin,4,36,3,5.0,10.0,,,0.0,0.16666658,0.6633328,0.12999995,0.0,0.0,0.0,0.0,0.0033333334,0.0,0.01,0.006666667,0.01,0.01,0.0,0.0,0.0,0.0,0.0,0.0
96,1731,1079,9.0,12,2022,2022-05-22,13:00:00,catalunya,ricciardo,mclaren,4,28,7,-3.0,9.0,12.333333333333334,-3.333333333333333,0.0,0.09333331,0.1033333,0.4866663,0.0,0.0,0.0,0.0,0.0,0.0033333334,0.02666667,0.006666667,0.17333324,0.050000004,0.030000003,0.006666667,0.01,0.0,0.006666667,0.0033333334
97,1732,1079,14.0,13,2022,2022-05-22,13:00:00,catalunya,gasly,alphatauri,4,8,1,1.0,11.666666666666666,,,0.0,0.0033333334,0.01,0.16999991,0.0,0.0,0.0,0.0,0.0,0.0,0.0,0.0033333334,0.70999944,0.07999999,0.020000001,0.0033333334,0.0,0.0,0.0,0.0
98,1733,1079,10.0,14,2022,2022-05-22,13:00:00,catalunya,mick_schumacher,haas,4,21,6,-4.0,13.333333333333334,15.0,-1.6666666666666667,0.0,0.013333334,0.016666668,0.060000006,0.0,0.0,0.0,0.0,0.0,0.0,0.0,0.0,0.15333326,0.4666663,0.07,0.1899999,0.013333334,0.01,0.0033333334,0.0033333334
99,1734,1079,17.0,15,2022,2022-05-22,13:00:00,catalunya,stroll,aston_martin,4,33,3,2.0,11.333333333333334,10.666666666666666,0.6666666666666666,0.0,0.0,0.006666667,0.01,0.0,0.0,0.0,0.0,0.0,0.0,0.0,0.0,0.016666668,0.1033333,0.7299994,0.07999999,0.03666667,0.01,0.006666667,0.0
100,1735,1079,19.0,16,2022,2022-05-22,13:00:00,catalunya,latifi,williams,4,16,15,3.0,18.666666666666668,15.333333333333334,3.333333333333333,0.0,0.0033333334,0.020000001,0.0,0.0,0.0,0.0,0.0,0.0,0.0,0.0,0.0,0.006666667,0.023333335,0.28333315,0.5966662,0.04666667,0.006666667,0.01,0.0033333334
101,1736,1079,8.0,17,2022,2022-05-22,13:00:00,catalunya,kevin_magnussen,haas,4,13,6,-9.0,13.333333333333334,13.0,0.3333333333333333,0.0,0.033333335,0.033333335,0.043333337,0.0,0.0,0.0,0.0,0.0,0.0,0.0033333334,0.006666667,0.13666661,0.06666667,0.32999977,0.043333337,0.26333317,0.016666668,0.020000001,0.0033333334
102,1737,1079,18.0,18,2022,2022-05-22,13:00:00,catalunya,albon,williams,4,1,15,0.0,18.666666666666668,10.0,8.666666666666666,0.0,0.01,0.0033333334,0.006666667,0.0,0.0033333334,0.0,0.0,0.0,0.0,0.0,0.0033333334,0.01,0.016666668,0.020000001,0.06666667,0.19666655,0.51333296,0.13333328,0.016666668
103,1740,1080,3.0,1,2022,2022-05-29,13:00:00,monaco,perez,red_bull,14,24,11,2.0,4.0,2.6666666666666665,1.3333333333333333,0.78666604,0.0,0.0,0.0,0.16999991,0.033333335,0.01,0.0,0.0,0.0,0.0,0.0,0.0,0.0,0.0,0.0,0.0,0.0,0.0,0.0
104,1741,1080,2.0,2,2022,2022-05-29,13:00:00,monaco,sainz,ferrari,14,30,4,0.0,3.0,,,0.09666664,0.0,0.0,0.0,0.8699993,0.020000001,0.01,0.0033333334,0.0,0.0,0.0,0.0,0.0,0.0,0.0,0.0,0.0,0.0,0.0,0.0
105,1742,1080,4.0,3,2022,2022-05-29,13:00:00,monaco,max_verstappen,red_bull,14,19,11,1.0,2.0,1.0,1.0,0.08333332,0.0,0.0,0.0,0.13333328,0.6633328,0.06666667,0.033333335,0.020000001,0.0,0.0,0.0,0.0,0.0,0.0,0.0,0.0,0.0,0.0,0.0
106,1743,1080,1.0,4,2022,2022-05-29,13:00:00,monaco,leclerc,ferrari,14,18,4,-3.0,1.3333333333333333,,,0.0,0.0033333334,0.006666667,0.0,0.020000001,0.07,0.63333285,0.06333334,0.11999995,0.030000003,0.033333335,0.01,0.0,0.0,0.0033333334,0.0,0.0033333334,0.0,0.0033333334,0.0
107,1744,1080,6.0,5,2022,2022-05-29,13:00:00,monaco,russell,mercedes,14,29,8,1.0,9.0,4.0,5.0,0.020000001,0.0033333334,0.0,0.0033333334,0.06333334,0.10666663,0.09333331,0.6499995,0.05333334,0.0033333334,0.0033333334,0.0,0.0,0.0,0.0,0.0,0.0,0.0,0.0,0.0
108,1745,1080,5.0,6,2022,2022-05-29,13:00:00,monaco,norris,mclaren,14,22,7,-1.0,8.0,,,0.0033333334,0.006666667,0.0,0.0,0.0,0.020000001,0.02666667,0.09333331,0.75666606,0.07666666,0.016666668,0.0,0.0,0.0,0.0,0.0,0.0,0.0,0.0,0.0
109,1746,1080,7.0,7,2022,2022-05-29,13:00:00,monaco,alonso,alpine,14,2,2,0.0,13.333333333333334,,,0.0,0.016666668,0.0033333334,0.006666667,0.0,0.006666667,0.0033333334,0.020000001,0.07333333,0.7699994,0.07,0.030000003,0.0,0.0,0.0,0.0,0.0,0.0,0.0,0.0
110,1747,1080,8.0,8,2022,2022-05-29,13:00:00,monaco,hamilton,mercedes,14,11,8,0.0,8.666666666666666,8.0,0.6666666666666666,0.0033333334,0.043333337,0.01,0.0,0.0,0.0,0.0033333334,0.016666668,0.040000003,0.18666656,0.54333293,0.15333326,0.0,0.0,0.0,0.0,0.0,0.0,0.0,0.0
111,1748,1080,12.0,9,2022,2022-05-29,13:00:00,monaco,bottas,alfa,14,4,0,3.0,6.333333333333333,6.0,0.3333333333333333,0.0,0.09666664,0.02666667,0.023333335,0.0,0.01,0.01,0.1033333,0.08333332,0.04666667,0.12666662,0.433333,0.020000001,0.0033333334,0.013333334,0.0033333334,0.0,0.0,0.0,0.0
112,1749,1080,9.0,10,2022,2022-05-29,13:00:00,monaco,vettel,aston_martin,14,36,3,-1.0,9.666666666666666,12.0,-2.333333333333333,0.0033333334,0.5966662,0.07333333,0.04666667,0.0,0.0033333334,0.006666667,0.006666667,0.01,0.013333334,0.040000003,0.14333327,0.04666667,0.006666667,0.0,0.0,0.0033333334,0.0,0.0,0.0
113,1750,1080,17.0,11,2022,2022-05-29,13:00:00,monaco,gasly,alphatauri,14,8,1,6.0,12.666666666666666,,,0.0,0.056666672,0.79999936,0.08666665,0.0,0.0,0.0,0.0033333334,0.0,0.0,0.006666667,0.02666667,0.01,0.006666667,0.0033333334,0.0,0.0,0.0,0.0,0.0
114,1751,1080,10.0,12,2022,2022-05-29,13:00:00,monaco,ocon,alpine,14,23,2,-2.0,16.0,9.666666666666666,6.333333333333333,0.0,0.05333334,0.13666661,0.6266662,0.0,0.0,0.0,0.0033333334,0.0033333334,0.0,0.01,0.016666668,0.08333332,0.040000003,0.020000001,0.0,0.006666667,0.0,0.0,0.0
115,1752,1080,14.0,13,2022,2022-05-29,13:00:00,monaco,ricciardo,mclaren,14,28,7,1.0,9.666666666666666,14.333333333333334,-4.666666666666667,0.0,0.01,0.016666668,0.07333333,0.0,0.0,0.0,0.0033333334,0.0,0.0,0.0,0.0,0.7633327,0.056666672,0.033333335,0.020000001,0.020000001,0.0,0.0033333334,0.0
116,1753,1080,18.0,14,2022,2022-05-29,13:00:00,monaco,stroll,aston_martin,14,33,3,4.0,10.666666666666666,11.666666666666666,-1.0,0.0,0.0,0.01,0.06666667,0.0,0.0,0.0,0.0,0.0,0.0,0.0,0.0033333334,0.07,0.7266661,0.043333337,0.07333333,0.006666667,0.0,0.0,0.0
117,1754,1080,19.0,15,2022,2022-05-29,13:00:00,monaco,latifi,williams,14,16,15,4.0,19.0,15.333333333333334,3.6666666666666665,0.0,0.0033333334,0.05333334,0.02666667,0.0,0.0,0.0,0.0,0.0,0.0,0.0,0.0,0.030000003,0.07,0.6966661,0.10999996,0.006666667,0.0033333334,0.0,0.0
118,1755,1080,20.0,16,2022,2022-05-29,13:00:00,monaco,zhou,alfa,14,37,0,4.0,10.666666666666666,,,0.0,0.0,0.01,0.016666668,0.0,0.0,0.0,0.0,0.0,0.0,0.0,0.0033333334,0.043333337,0.12333328,0.14333327,0.6199995,0.030000003,0.0033333334,0.0,0.006666667
119,1756,1080,11.0,17,2022,2022-05-29,13:00:00,monaco,tsunoda,alphatauri,14,34,1,-6.0,11.333333333333334,9.666666666666666,1.6666666666666667,0.0,0.01,0.006666667,0.01,0.0,0.0,0.0,0.0,0.0,0.0,0.0,0.006666667,0.0033333334,0.043333337,0.10999996,0.050000004,0.7033328,0.050000004,0.006666667,0.0
120,1760,1081,3.0,1,2022,2022-06-12,11:00:00,baku,max_verstappen,red_bull,3,19,11,2.0,3.0,1.6666666666666667,1.3333333333333333,0.8733326,0.0,0.0,0.0,0.1033333,0.023333335,0.0,0.0,0.0,0.0,0.0,0.0,0.0,0.0,0.0,0.0,0.0,0.0,0.0,0.0
121,1761,1081,2.0,2,2022,2022-06-12,11:00:00,baku,perez,red_bull,3,24,11,0.0,4.0,2.333333333333333,1.6666666666666667,0.09666664,0.0,0.0,0.0,0.8633326,0.040000003,0.0,0.0,0.0,0.0,0.0,0.0,0.0,0.0,0.0,0.0,0.0,0.0,0.0,0.0
122,1762,1081,5.0,3,2022,2022-06-12,11:00:00,baku,russell,mercedes,3,29,8,2.0,7.333333333333333,4.333333333333333,3.0,0.030000003,0.0,0.0,0.0033333334,0.15666659,0.68999946,0.08999998,0.030000003,0.0,0.0,0.0,0.0,0.0,0.0,0.0,0.0,0.0,0.0,0.0,0.0
123,1763,1081,7.0,4,2022,2022-06-12,11:00:00,baku,hamilton,mercedes,3,11,8,3.0,6.666666666666667,6.333333333333333,0.3333333333333333,0.013333334,0.0,0.0,0.0,0.10666663,0.17666657,0.3533331,0.27999982,0.03666667,0.023333335,0.01,0.0,0.0,0.0,0.0,0.0,0.0,0.0,0.0,0.0
124,1764,1081,6.0,5,2022,2022-06-12,11:00:00,baku,gasly,alphatauri,3,8,1,1.0,12.666666666666666,,,0.006666667,0.0033333334,0.0,0.0033333334,0.013333334,0.06333334,0.056666672,0.6533328,0.13333328,0.043333337,0.016666668,0.006666667,0.0,0.0,0.0,0.0,0.0,0.0,0.0,0.0
125,1765,1081,9.0,6,2022,2022-06-12,11:00:00,baku,vettel,aston_martin,3,36,3,3.0,8.333333333333334,12.666666666666666,-4.333333333333333,0.0,0.023333335,0.01,0.0033333334,0.006666667,0.02666667,0.05333334,0.1799999,0.42666635,0.19666655,0.040000003,0.013333334,0.006666667,0.0,0.006666667,0.0033333334,0.0033333334,0.0,0.0,0.0
126,1766,1081,10.0,7,2022,2022-06-12,11:00:00,baku,alonso,alpine,3,2,2,3.0,12.666666666666666,9.0,3.6666666666666665,0.0033333334,0.04666667,0.0,0.0033333334,0.0,0.0033333334,0.01,0.040000003,0.06333334,0.5399996,0.22999986,0.060000006,0.0,0.0,0.0,0.0,0.0,0.0,0.0,0.0
127,1767,1081,12.0,8,2022,2022-06-12,11:00:00,baku,ricciardo,mclaren,3,28,7,4.0,12.333333333333334,12.666666666666666,-0.3333333333333333,0.0,0.040000003,0.01,0.0033333334,0.0033333334,0.0033333334,0.0033333334,0.0033333334,0.033333335,0.14333327,0.6833328,0.06666667,0.0,0.0,0.0033333334,0.0033333334,0.0,0.0,0.0,0.0
128,1768,1081,11.0,9,2022,2022-06-12,11:00:00,baku,norris,mclaren,3,22,7,2.0,8.0,,,0.0,0.04666667,0.033333335,0.0033333334,0.0033333334,0.0,0.006666667,0.006666667,0.006666667,0.050000004,0.20333321,0.6366662,0.0,0.0,0.0,0.0,0.0033333334,0.0,0.0,0.0
129,1769,1081,13.0,10,2022,2022-06-12,11:00:00,baku,ocon,alpine,3,23,2,3.0,14.0,9.0,5.0,0.0,0.796666,0.05333334,0.030000003,0.0,0.0,0.0,0.0,0.006666667,0.006666667,0.02666667,0.056666672,0.023333335,0.0,0.0,0.0,0.0,0.0,0.0,0.0
130,1770,1081,15.0,11,2022,2022-06-12,11:00:00,baku,bottas,alfa,3,4,0,4.0,8.0,7.333333333333333,0.6666666666666666,0.0033333334,0.15333326,0.5399996,0.06666667,0.006666667,0.006666667,0.0,0.016666668,0.01,0.043333337,0.023333335,0.060000006,0.040000003,0.020000001,0.006666667,0.0,0.0033333334,0.0,0.0,0.0
131,1771,1081,17.0,12,2022,2022-06-12,11:00:00,baku,albon,williams,3,1,15,5.0,17.333333333333332,,,0.0,0.04666667,0.16333325,0.64333284,0.0,0.006666667,0.0,0.0,0.0,0.0,0.0,0.020000001,0.06666667,0.033333335,0.006666667,0.013333334,0.0,0.0,0.0,0.0
132,1772,1081,8.0,13,2022,2022-06-12,11:00:00,baku,tsunoda,alphatauri,3,34,1,-5.0,11.0,13.0,-2.0,0.0,0.03666667,0.06666667,0.18333323,0.0,0.0,0.0,0.0033333334,0.0,0.006666667,0.006666667,0.016666668,0.5199996,0.07666666,0.060000006,0.0033333334,0.020000001,0.0,0.0,0.0
133,1773,1081,20.0,14,2022,2022-06-12,11:00:00,baku,mick_schumacher,haas,3,21,6,6.0,13.333333333333334,,,0.0,0.023333335,0.030000003,0.07999999,0.0,0.0,0.0,0.0,0.0,0.0,0.006666667,0.0,0.09666664,0.6933328,0.06666667,0.0,0.0033333334,0.0,0.0,0.0
134,1774,1081,18.0,15,2022,2022-06-12,11:00:00,baku,latifi,williams,3,16,15,3.0,19.0,15.0,4.0,0.0,0.01,0.013333334,0.023333335,0.0,0.0,0.0,0.0,0.0,0.0,0.0,0.006666667,0.02666667,0.056666672,0.6699995,0.16999991,0.016666668,0.0033333334,0.0033333334,0.0
135,1775,1081,19.0,16,2022,2022-06-12,11:00:00,baku,stroll,aston_martin,3,33,3,3.0,11.666666666666666,13.0,-1.3333333333333333,0.0,0.0033333334,0.0033333334,0.013333334,0.0,0.0033333334,0.0,0.0,0.0,0.0,0.0,0.0033333334,0.020000001,0.12666662,0.13333328,0.5733329,0.07999999,0.023333335,0.01,0.006666667
136,1780,1082,1.0,1,2022,2022-06-19,18:00:00,villeneuve,max_verstappen,red_bull,28,19,11,0.0,3.0,1.6666666666666667,1.3333333333333333,0.9933325,0.0,0.0,0.0,0.006666667,0.0,0.0,0.0,0.0,0.0,0.0,0.0,0.0,0.0,0.0,0.0,0.0,0.0,0.0,0.0
137,1781,1082,3.0,2,2022,2022-06-19,18:00:00,villeneuve,sainz,ferrari,28,30,4,1.0,3.0,,,0.11333329,0.0,0.0,0.0,0.81999934,0.03666667,0.020000001,0.01,0.0,0.0,0.0,0.0,0.0,0.0,0.0,0.0,0.0,0.0,0.0,0.0
138,1782,1082,4.0,3,2022,2022-06-19,18:00:00,villeneuve,hamilton,mercedes,28,11,8,1.0,7.0,5.666666666666667,1.3333333333333333,0.0033333334,0.0,0.0,0.0,0.060000006,0.78666604,0.13999994,0.006666667,0.0,0.0,0.0,0.0033333334,0.0,0.0,0.0,0.0,0.0,0.0,0.0,0.0
139,1783,1082,8.0,4,2022,2022-06-19,18:00:00,villeneuve,russell,mercedes,28,29,8,4.0,5.0,3.6666666666666665,1.3333333333333333,0.023333335,0.0,0.0,0.0,0.040000003,0.09999997,0.55666625,0.16666658,0.07666666,0.02666667,0.0033333334,0.006666667,0.0,0.0,0.0,0.0,0.0,0.0,0.0,0.0
140,1784,1082,19.0,5,2022,2022-06-19,18:00:00,villeneuve,leclerc,ferrari,28,18,4,14.0,1.0,,,0.016666668,0.020000001,0.0,0.01,0.07333333,0.03666667,0.08666665,0.6199995,0.050000004,0.006666667,0.03666667,0.006666667,0.0033333334,0.013333334,0.006666667,0.01,0.0033333334,0.0,0.0,0.0
141,1785,1082,7.0,6,2022,2022-06-19,18:00:00,villeneuve,ocon,alpine,28,23,2,1.0,11.666666666666666,9.666666666666666,2.0,0.0,0.01,0.0033333334,0.0,0.0033333334,0.0,0.023333335,0.08333332,0.68999946,0.14333327,0.033333335,0.01,0.0,0.0,0.0,0.0,0.0,0.0,0.0,0.0
142,1786,1082,11.0,7,2022,2022-06-19,18:00:00,villeneuve,bottas,alfa,28,4,0,4.0,11.333333333333334,8.666666666666666,2.6666666666666665,0.0,0.006666667,0.013333334,0.0033333334,0.0,0.006666667,0.020000001,0.013333334,0.09333331,0.5866662,0.21666653,0.040000003,0.0,0.0,0.0,0.0,0.0,0.0,0.0,0.0
143,1787,1082,10.0,8,2022,2022-06-19,18:00:00,villeneuve,zhou,alfa,28,37,0,2.0,16.333333333333332,,,0.0,0.08999998,0.043333337,0.016666668,0.0,0.0,0.016666668,0.006666667,0.023333335,0.06333334,0.6533328,0.06666667,0.016666668,0.0,0.0033333334,0.0,0.0,0.0,0.0,0.0
144,1788,1082,2.0,9,2022,2022-06-19,18:00:00,villeneuve,alonso,alpine,28,2,2,-7.0,12.333333333333334,7.666666666666667,4.666666666666667,0.01,0.07,0.19333322,0.050000004,0.0,0.0033333334,0.013333334,0.020000001,0.016666668,0.1033333,0.08333332,0.36999974,0.01,0.006666667,0.013333334,0.006666667,0.030000003,0.0,0.0,0.0
145,1789,1082,17.0,10,2022,2022-06-19,18:00:00,villeneuve,stroll,aston_martin,28,33,3,7.0,18.0,15.0,3.0,0.0,0.32666644,0.19333322,0.10999996,0.0,0.0,0.0033333334,0.0,0.006666667,0.006666667,0.030000003,0.23333319,0.040000003,0.020000001,0.020000001,0.0033333334,0.006666667,0.0,0.0,0.0
146,1790,1082,9.0,11,2022,2022-06-19,18:00:00,villeneuve,ricciardo,mclaren,28,28,7,-2.0,11.666666666666666,11.0,0.6666666666666666,0.0,0.17666657,0.64333284,0.09666664,0.0,0.0,0.0,0.0033333334,0.0033333334,0.0,0.0033333334,0.03666667,0.02666667,0.006666667,0.0033333334,0.0,0.0,0.0,0.0,0.0
147,1791,1082,16.0,12,2022,2022-06-19,18:00:00,villeneuve,vettel,aston_martin,28,36,3,4.0,11.333333333333334,9.0,2.333333333333333,0.0,0.043333337,0.16666658,0.68999946,0.0,0.0,0.0,0.0033333334,0.0,0.0,0.0033333334,0.006666667,0.04666667,0.033333335,0.0033333334,0.0033333334,0.0,0.0,0.0,0.0
148,1792,1082,12.0,13,2022,2022-06-19,18:00:00,villeneuve,albon,williams,28,1,15,-1.0,17.0,,,0.0,0.033333335,0.08333332,0.16333325,0.0,0.0,0.0,0.0,0.0033333334,0.016666668,0.0033333334,0.01,0.51333296,0.06666667,0.040000003,0.02666667,0.0033333334,0.03666667,0.0,0.0
149,1793,1082,15.0,14,2022,2022-06-19,18:00:00,villeneuve,gasly,alphatauri,28,8,1,1.0,12.333333333333334,9.666666666666666,2.6666666666666665,0.0,0.0,0.01,0.04666667,0.0,0.0,0.0,0.0,0.0,0.0,0.0033333334,0.0,0.18666656,0.6733328,0.060000006,0.01,0.006666667,0.0033333334,0.0,0.0
150,1794,1082,14.0,15,2022,2022-06-19,18:00:00,villeneuve,norris,mclaren,28,22,7,-1.0,9.0,7.666666666666667,1.3333333333333333,0.0,0.016666668,0.020000001,0.040000003,0.0,0.0,0.006666667,0.0033333334,0.006666667,0.0033333334,0.0,0.023333335,0.043333337,0.20666654,0.50999963,0.056666672,0.016666668,0.033333335,0.0033333334,0.01
151,1795,1082,18.0,16,2022,2022-06-19,18:00:00,villeneuve,latifi,williams,28,16,15,2.0,18.666666666666668,15.333333333333334,3.333333333333333,0.0,0.0,0.0033333334,0.0,0.0,0.0,0.0,0.0,0.0,0.0,0.0033333334,0.0,0.0033333334,0.013333334,0.07333333,0.7299994,0.12333328,0.030000003,0.020000001,0.0
152,1796,1082,5.0,17,2022,2022-06-19,18:00:00,villeneuve,kevin_magnussen,haas,28,13,6,-12.0,12.333333333333334,,,0.0,0.03666667,0.03666667,0.050000004,0.0,0.0,0.0,0.0,0.0,0.01,0.006666667,0.016666668,0.15999992,0.056666672,0.09333331,0.07,0.36333308,0.08666665,0.0,0.013333334
153,1800,1083,1.0,1,2022,2022-07-03,14:00:00,silverstone,sainz,ferrari,23,30,4,0.0,3.0,,,0.826666,0.0,0.0,0.0,0.16333325,0.006666667,0.0033333334,0.0,0.0,0.0,0.0,0.0,0.0,0.0,0.0,0.0,0.0,0.0,0.0,0.0
154,1801,1083,4.0,2,2022,2022-07-03,14:00:00,silverstone,perez,red_bull,23,24,11,2.0,6.0,,,0.060000006,0.0,0.0,0.0,0.67666614,0.1899999,0.07,0.0,0.0033333334,0.0,0.0,0.0,0.0,0.0,0.0,0.0,0.0,0.0,0.0,0.0
155,1802,1083,5.0,3,2022,2022-07-03,14:00:00,silverstone,hamilton,mercedes,23,11,8,2.0,6.333333333333333,5.0,1.3333333333333333,0.02666667,0.0,0.0,0.0,0.16666658,0.59999955,0.1799999,0.016666668,0.006666667,0.0033333334,0.0,0.0,0.0,0.0,0.0,0.0,0.0,0.0,0.0,0.0
156,1803,1083,3.0,4,2022,2022-07-03,14:00:00,silverstone,leclerc,ferrari,23,18,4,-1.0,7.0,,,0.0,0.0,0.0,0.0,0.02666667,0.16666658,0.73333275,0.050000004,0.020000001,0.0033333334,0.0,0.0,0.0,0.0,0.0,0.0,0.0,0.0,0.0,0.0
157,1804,1083,7.0,5,2022,2022-07-03,14:00:00,silverstone,alonso,alpine,23,2,2,2.0,6.333333333333333,7.666666666666667,-1.3333333333333333,0.0,0.01,0.0,0.006666667,0.02666667,0.020000001,0.050000004,0.7133328,0.06333334,0.050000004,0.033333335,0.020000001,0.0,0.0,0.0,0.0033333334,0.0033333334,0.0,0.0,0.0
158,1805,1083,6.0,6,2022,2022-07-03,14:00:00,silverstone,norris,mclaren,23,22,7,0.0,10.0,10.0,0.0,0.0,0.0,0.0,0.0,0.0033333334,0.0033333334,0.023333335,0.1033333,0.7799994,0.05333334,0.02666667,0.006666667,0.0,0.0,0.0,0.0,0.0,0.0,0.0,0.0
159,1806,1083,2.0,7,2022,2022-07-03,14:00:00,silverstone,max_verstappen,red_bull,23,19,11,-5.0,2.6666666666666665,1.6666666666666667,1.0,0.006666667,0.006666667,0.02666667,0.0033333334,0.02666667,0.023333335,0.023333335,0.13666661,0.14333327,0.5066663,0.04666667,0.013333334,0.0,0.0033333334,0.01,0.0033333334,0.0,0.0,0.01,0.01
160,1807,1083,19.0,8,2022,2022-07-03,14:00:00,silverstone,mick_schumacher,haas,23,21,6,11.0,13.666666666666666,,,0.0033333334,0.2133332,0.030000003,0.07333333,0.0,0.0,0.023333335,0.03666667,0.03666667,0.1033333,0.26333317,0.17666657,0.020000001,0.01,0.01,0.0,0.0,0.0,0.0,0.0
161,1808,1083,18.0,9,2022,2022-07-03,14:00:00,silverstone,vettel,aston_martin,23,36,3,9.0,11.333333333333334,9.333333333333334,2.0,0.0,0.29333314,0.04666667,0.050000004,0.006666667,0.0,0.006666667,0.01,0.016666668,0.02666667,0.056666672,0.45999965,0.016666668,0.0033333334,0.0033333334,0.0033333334,0.0,0.0,0.0,0.0
162,1809,1083,17.0,10,2022,2022-07-03,14:00:00,silverstone,kevin_magnussen,haas,23,13,6,7.0,11.333333333333334,,,0.0033333334,0.42666635,0.1899999,0.03666667,0.0,0.0,0.01,0.013333334,0.006666667,0.02666667,0.043333337,0.2133332,0.016666668,0.006666667,0.006666667,0.0,0.0,0.0,0.0,0.0
163,1810,1083,20.0,11,2022,2022-07-03,14:00:00,silverstone,stroll,aston_martin,23,33,3,9.0,18.0,13.333333333333334,4.666666666666667,0.0,0.33666644,0.34999976,0.07333333,0.0,0.0,0.016666668,0.0,0.0033333334,0.016666668,0.02666667,0.09666664,0.033333335,0.023333335,0.020000001,0.0033333334,0.0,0.0,0.0,0.0
164,1811,1083,10.0,12,2022,2022-07-03,14:00:00,silverstone,latifi,williams,23,16,15,-2.0,18.33333333333333,15.333333333333334,3.0,0.0,0.04666667,0.09666664,0.54333293,0.0,0.0,0.0,0.0,0.0033333334,0.006666667,0.016666668,0.04666667,0.06666667,0.013333334,0.050000004,0.050000004,0.02666667,0.02666667,0.006666667,0.0
165,1812,1083,14.0,13,2022,2022-07-03,14:00:00,silverstone,ricciardo,mclaren,23,28,7,1.0,11.666666666666666,10.666666666666666,1.0,0.0,0.0,0.006666667,0.06666667,0.0,0.0,0.0,0.0,0.0,0.0,0.0,0.0,0.8399993,0.06333334,0.013333334,0.006666667,0.0033333334,0.0,0.0,0.0
166,1813,1083,13.0,14,2022,2022-07-03,14:00:00,silverstone,tsunoda,alphatauri,23,34,1,-1.0,13.0,,,0.0,0.0,0.006666667,0.016666668,0.0,0.0,0.0,0.0,0.0,0.0,0.0033333334,0.0,0.16333325,0.60999954,0.09666664,0.07999999,0.013333334,0.0033333334,0.0033333334,0.0033333334
167,1820,1084,2.0,1,2022,2022-07-10,13:00:00,red_bull_ring,leclerc,ferrari,19,18,4,1.0,7.666666666666667,,,0.63333285,0.0,0.0,0.0,0.2666665,0.07666666,0.023333335,0.0,0.0,0.0,0.0,0.0,0.0,0.0,0.0,0.0,0.0,0.0,0.0,0.0
168,1821,1084,1.0,2,2022,2022-07-10,13:00:00,red_bull_ring,max_verstappen,red_bull,19,19,11,-1.0,2.0,3.0,-1.0,0.03666667,0.0,0.0,0.0,0.8733326,0.07666666,0.0033333334,0.006666667,0.0,0.0,0.0,0.0,0.0,0.0,0.0,0.0,0.0,0.0,0.0,0.0033333334
169,1822,1084,8.0,3,2022,2022-07-10,13:00:00,red_bull_ring,hamilton,mercedes,19,11,8,5.0,5.333333333333333,3.333333333333333,2.0,0.13666661,0.013333334,0.0,0.0,0.06666667,0.34666643,0.22999986,0.13333328,0.05333334,0.016666668,0.0,0.0,0.0,0.0,0.0,0.0033333334,0.0,0.0,0.0,0.0
170,1823,1084,4.0,4,2022,2022-07-10,13:00:00,red_bull_ring,russell,mercedes,19,29,8,0.0,7.0,,,0.006666667,0.0,0.0,0.0,0.013333334,0.07999999,0.846666,0.040000003,0.013333334,0.0,0.0,0.0,0.0,0.0,0.0,0.0,0.0,0.0,0.0,0.0
171,1824,1084,6.0,5,2022,2022-07-10,13:00:00,red_bull_ring,ocon,alpine,19,23,2,1.0,11.666666666666666,,,0.006666667,0.0,0.0033333334,0.0,0.01,0.030000003,0.07999999,0.7166661,0.08333332,0.050000004,0.016666668,0.0033333334,0.0,0.0,0.0,0.0,0.0,0.0,0.0,0.0
172,1825,1084,9.0,6,2022,2022-07-10,13:00:00,red_bull_ring,mick_schumacher,haas,19,21,6,3.0,15.0,,,0.0,0.0033333334,0.006666667,0.0,0.0,0.0033333334,0.020000001,0.050000004,0.806666,0.07333333,0.020000001,0.013333334,0.0,0.0,0.0033333334,0.0,0.0,0.0,0.0,0.0
173,1826,1084,10.0,7,2022,2022-07-10,13:00:00,red_bull_ring,norris,mclaren,19,22,7,3.0,10.333333333333334,10.0,0.3333333333333333,0.0,0.013333334,0.0,0.0,0.0033333334,0.0033333334,0.0033333334,0.0,0.07666666,0.74333274,0.09666664,0.060000006,0.0,0.0,0.0,0.0,0.0,0.0,0.0,0.0
174,1827,1084,7.0,8,2022,2022-07-10,13:00:00,red_bull_ring,kevin_magnussen,haas,19,13,6,-1.0,12.666666666666666,,,0.0,0.043333337,0.030000003,0.0033333334,0.0,0.0033333334,0.0,0.02666667,0.033333335,0.23333319,0.4666663,0.15333326,0.0,0.0,0.0033333334,0.0033333334,0.0,0.0,0.0,0.0
175,1828,1084,11.0,9,2022,2022-07-10,13:00:00,red_bull_ring,ricciardo,mclaren,19,28,7,2.0,11.666666666666666,10.666666666666666,1.0,0.0,0.12333328,0.030000003,0.0033333334,0.0033333334,0.0033333334,0.0033333334,0.0,0.020000001,0.040000003,0.07999999,0.6933328,0.0,0.0,0.0,0.0,0.0,0.0,0.0,0.0
176,1829,1084,19.0,10,2022,2022-07-10,13:00:00,red_bull_ring,alonso,alpine,19,2,2,9.0,6.333333333333333,7.0,-0.6666666666666666,0.0,0.47333297,0.043333337,0.04666667,0.006666667,0.016666668,0.023333335,0.040000003,0.040000003,0.08999998,0.08999998,0.1033333,0.006666667,0.006666667,0.013333334,0.0,0.0,0.0,0.0,0.0
177,1830,1084,0.0,11,2022,2022-07-10,13:00:00,red_bull_ring,bottas,alfa,19,4,0,-11.0,12.666666666666666,,,0.0,0.13999994,0.51333296,0.1033333,0.0,0.0033333334,0.0,0.0,0.0,0.0,0.0,0.02666667,0.10999996,0.0,0.02666667,0.023333335,0.033333335,0.016666668,0.0,0.0033333334
178,1831,1084,15.0,12,2022,2022-07-10,13:00:00,red_bull_ring,albon,williams,19,1,15,3.0,15.0,,,0.0,0.033333335,0.17333324,0.6399995,0.0,0.0,0.0,0.0,0.0,0.0,0.0,0.013333334,0.056666672,0.033333335,0.023333335,0.016666668,0.006666667,0.0033333334,0.0,0.0
179,1832,1084,12.0,13,2022,2022-07-10,13:00:00,red_bull_ring,stroll,aston_martin,19,33,3,-1.0,18.666666666666668,12.333333333333334,6.333333333333333,0.0,0.03666667,0.04666667,0.08666665,0.0,0.0,0.0,0.0,0.006666667,0.0033333334,0.01,0.0,0.6499995,0.08999998,0.043333337,0.01,0.0033333334,0.01,0.0033333334,0.0
180,1833,1084,13.0,14,2022,2022-07-10,13:00:00,red_bull_ring,zhou,alfa,19,37,0,-1.0,11.0,,,0.0,0.006666667,0.006666667,0.006666667,0.0,0.0,0.0,0.0,0.0,0.0,0.0,0.0,0.13333328,0.67666614,0.07999999,0.07666666,0.01,0.0,0.0033333334,0.0
181,1834,1084,14.0,15,2022,2022-07-10,13:00:00,red_bull_ring,gasly,alphatauri,19,8,1,-1.0,10.666666666666666,,,0.0,0.0,0.0033333334,0.01,0.0,0.0,0.0,0.0,0.0,0.0,0.0,0.0,0.03666667,0.23666652,0.62333286,0.050000004,0.01,0.02666667,0.0033333334,0.0
182,1835,1084,16.0,16,2022,2022-07-10,13:00:00,red_bull_ring,tsunoda,alphatauri,19,34,1,0.0,13.666666666666666,,,0.0,0.0,0.0,0.013333334,0.0,0.0,0.0,0.0,0.0,0.0,0.0,0.0,0.013333334,0.020000001,0.08333332,0.8033327,0.04666667,0.0,0.020000001,0.0
183,1836,1084,18.0,17,2022,2022-07-10,13:00:00,red_bull_ring,vettel,aston_martin,19,36,3,1.0,14.333333333333334,9.0,5.333333333333333,0.0,0.0033333334,0.0,0.016666668,0.0,0.0033333334,0.0,0.0,0.0033333334,0.0,0.0,0.0,0.006666667,0.043333337,0.07333333,0.07999999,0.7266661,0.02666667,0.016666668,0.0
184,1840,1085,2.0,1,2022,2022-07-24,13:00:00,ricard,max_verstappen,red_bull,20,19,11,1.0,1.3333333333333333,3.333333333333333,-2.0,0.9399992,0.0,0.0,0.0,0.060000006,0.0,0.0,0.0,0.0,0.0,0.0,0.0,0.0,0.0,0.0,0.0,0.0,0.0,0.0,0.0
185,1841,1085,4.0,2,2022,2022-07-24,13:00:00,ricard,hamilton,mercedes,20,11,8,2.0,5.666666666666667,3.0,2.6666666666666665,0.08666665,0.0,0.0,0.0,0.71999943,0.16666658,0.02666667,0.0,0.0,0.0,0.0,0.0,0.0,0.0,0.0,0.0,0.0,0.0,0.0,0.0
186,1842,1085,6.0,3,2022,2022-07-24,13:00:00,ricard,russell,mercedes,20,29,8,3.0,6.666666666666667,,,0.013333334,0.0,0.0,0.0,0.09999997,0.63333285,0.15333326,0.06333334,0.030000003,0.0,0.0,0.0033333334,0.0,0.0,0.0,0.0033333334,0.0,0.0,0.0,0.0
187,1843,1085,3.0,4,2022,2022-07-24,13:00:00,ricard,perez,red_bull,20,24,11,-1.0,7.333333333333333,,,0.0,0.0,0.0,0.0,0.02666667,0.10999996,0.75333273,0.06333334,0.043333337,0.0,0.0,0.0033333334,0.0,0.0,0.0,0.0,0.0,0.0,0.0,0.0
188,1844,1085,19.0,5,2022,2022-07-24,13:00:00,ricard,sainz,ferrari,20,30,4,14.0,2.333333333333333,,,0.006666667,0.030000003,0.0033333334,0.006666667,0.06666667,0.04666667,0.07333333,0.6199995,0.023333335,0.006666667,0.08333332,0.01,0.0,0.013333334,0.0033333334,0.006666667,0.0,0.0,0.0,0.0
189,1845,1085,7.0,6,2022,2022-07-24,13:00:00,ricard,alonso,alpine,20,2,2,1.0,9.333333333333334,8.0,1.3333333333333333,0.0,0.0,0.0033333334,0.0033333334,0.0033333334,0.006666667,0.013333334,0.03666667,0.826666,0.07333333,0.020000001,0.013333334,0.0,0.0,0.0,0.0,0.0,0.0,0.0,0.0
190,1846,1085,5.0,7,2022,2022-07-24,13:00:00,ricard,norris,mclaren,20,22,7,-2.0,10.0,9.333333333333334,0.6666666666666666,0.0,0.013333334,0.0033333334,0.0,0.01,0.006666667,0.0033333334,0.06333334,0.2133332,0.44666633,0.1466666,0.09333331,0.0,0.0,0.0,0.0,0.0,0.0,0.0,0.0
191,1847,1085,10.0,8,2022,2022-07-24,13:00:00,ricard,ocon,alpine,20,23,2,2.0,9.333333333333334,,,0.0033333334,0.060000006,0.006666667,0.0033333334,0.0,0.0,0.013333334,0.0033333334,0.013333334,0.07333333,0.69999945,0.12333328,0.0,0.0,0.0,0.0,0.0,0.0,0.0,0.0
192,1848,1085,9.0,9,2022,2022-07-24,13:00:00,ricard,ricciardo,mclaren,20,28,7,0.0,11.333333333333334,11.0,0.3333333333333333,0.0,0.11999995,0.05333334,0.020000001,0.0,0.0,0.0033333334,0.0,0.01,0.040000003,0.12666662,0.62333286,0.0033333334,0.0,0.0,0.0,0.0,0.0,0.0,0.0
193,1849,1085,15.0,10,2022,2022-07-24,13:00:00,ricard,stroll,aston_martin,20,33,3,5.0,16.333333333333332,11.333333333333334,5.0,0.0,0.7699994,0.07666666,0.06333334,0.0,0.006666667,0.0,0.0,0.01,0.006666667,0.023333335,0.020000001,0.013333334,0.0033333334,0.0033333334,0.0,0.0033333334,0.0,0.0,0.0
194,1850,1085,12.0,11,2022,2022-07-24,13:00:00,ricard,vettel,aston_martin,20,36,3,1.0,17.333333333333332,12.666666666666666,4.666666666666667,0.0,0.1799999,0.57999957,0.08666665,0.0,0.0,0.0,0.0,0.0033333334,0.0033333334,0.040000003,0.020000001,0.056666672,0.013333334,0.013333334,0.0033333334,0.0,0.0,0.0,0.0
195,1851,1085,14.0,12,2022,2022-07-24,13:00:00,ricard,gasly,alphatauri,20,8,1,2.0,13.333333333333334,,,0.0,0.030000003,0.04666667,0.6033329,0.0,0.0,0.0,0.0,0.0,0.0,0.0,0.0,0.2766665,0.02666667,0.013333334,0.0,0.0033333334,0.0,0.0,0.0
196,1852,1085,13.0,13,2022,2022-07-24,13:00:00,ricard,albon,williams,20,1,15,0.0,14.333333333333334,,,0.0,0.016666668,0.030000003,0.13666661,0.0,0.0,0.0,0.0,0.0,0.0033333334,0.0033333334,0.013333334,0.50999963,0.21666653,0.040000003,0.01,0.0033333334,0.016666668,0.0,0.0
197,1853,1085,11.0,14,2022,2022-07-24,13:00:00,ricard,bottas,alfa,20,4,0,-3.0,7.666666666666667,,,0.0,0.0033333334,0.03666667,0.006666667,0.0,0.0,0.0,0.0,0.0,0.0,0.006666667,0.01,0.14333327,0.68666613,0.060000006,0.02666667,0.0033333334,0.0033333334,0.013333334,0.0
198,1854,1085,17.0,15,2022,2022-07-24,13:00:00,ricard,mick_schumacher,haas,20,21,6,2.0,11.333333333333334,,,0.0,0.0,0.0,0.0033333334,0.0,0.0,0.0,0.0,0.0,0.0,0.0,0.0,0.023333335,0.07999999,0.7033328,0.09999997,0.06666667,0.013333334,0.01,0.0
199,1855,1085,16.0,16,2022,2022-07-24,13:00:00,ricard,zhou,alfa,20,37,0,0.0,10.666666666666666,,,0.0,0.0,0.0033333334,0.006666667,0.0,0.0,0.0,0.0,0.0,0.0,0.0,0.0,0.016666668,0.056666672,0.08666665,0.7366661,0.04666667,0.01,0.033333335,0.0033333334
200,1860,1086,10.0,1,2022,2022-07-31,13:00:00,hungaroring,max_verstappen,red_bull,6,19,11,9.0,1.6666666666666667,3.333333333333333,-1.6666666666666667,0.4666663,0.006666667,0.006666667,0.0,0.06666667,0.17333324,0.13999994,0.07,0.016666668,0.01,0.030000003,0.0033333334,0.0033333334,0.0,0.0,0.006666667,0.0,0.0,0.0,0.0
201,1861,1086,7.0,2,2022,2022-07-31,13:00:00,hungaroring,hamilton,mercedes,6,11,8,5.0,5.666666666666667,2.6666666666666665,3.0,0.2766665,0.01,0.0,0.0,0.38999972,0.15666659,0.06666667,0.043333337,0.02666667,0.013333334,0.013333334,0.0,0.0033333334,0.0,0.0,0.0,0.0,0.0,0.0,0.0
202,1862,1086,1.0,3,2022,2022-07-31,13:00:00,hungaroring,russell,mercedes,6,29,8,-2.0,6.0,,,0.013333334,0.0,0.0,0.0,0.030000003,0.806666,0.10666663,0.03666667,0.006666667,0.0,0.0,0.0,0.0,0.0,0.0,0.0,0.0,0.0,0.0,0.0
203,1863,1086,2.0,4,2022,2022-07-31,13:00:00,hungaroring,sainz,ferrari,6,30,4,-2.0,7.666666666666667,,,0.020000001,0.0033333334,0.0,0.0,0.0,0.2999998,0.5699996,0.043333337,0.040000003,0.016666668,0.006666667,0.0,0.0,0.0,0.0,0.0,0.0,0.0,0.0,0.0
204,1864,1086,11.0,5,2022,2022-07-31,13:00:00,hungaroring,perez,red_bull,6,24,11,6.0,4.0,,,0.016666668,0.0033333334,0.0,0.0,0.03666667,0.03666667,0.2133332,0.51333296,0.060000006,0.033333335,0.08666665,0.0,0.0,0.0,0.0,0.0,0.0,0.0,0.0,0.0
205,1865,1086,3.0,6,2022,2022-07-31,13:00:00,hungaroring,leclerc,ferrari,6,18,4,-3.0,2.0,,,0.0,0.0033333334,0.006666667,0.0,0.0,0.020000001,0.20333321,0.20666654,0.42666635,0.060000006,0.056666672,0.01,0.0,0.0,0.0,0.0,0.006666667,0.0,0.0,0.0
206,1866,1086,4.0,7,2022,2022-07-31,13:00:00,hungaroring,norris,mclaren,6,22,7,-3.0,7.0,6.666666666666667,0.3333333333333333,0.0,0.03666667,0.013333334,0.013333334,0.0,0.016666668,0.02666667,0.056666672,0.11666662,0.5933329,0.07666666,0.030000003,0.0,0.01,0.0033333334,0.0,0.0033333334,0.0033333334,0.0,0.0
207,1867,1086,6.0,8,2022,2022-07-31,13:00:00,hungaroring,alonso,alpine,6,2,2,-2.0,11.0,7.0,4.0,0.0,0.043333337,0.020000001,0.0,0.0033333334,0.006666667,0.0,0.020000001,0.07666666,0.16666658,0.57999957,0.06666667,0.0033333334,0.0,0.0033333334,0.01,0.0,0.0,0.0,0.0
208,1868,1086,5.0,9,2022,2022-07-31,13:00:00,hungaroring,ocon,alpine,6,23,2,-4.0,10.333333333333334,,,0.0,0.07666666,0.08999998,0.013333334,0.0,0.0,0.0,0.0033333334,0.023333335,0.040000003,0.07333333,0.6633328,0.0033333334,0.0033333334,0.0033333334,0.0,0.0033333334,0.0033333334,0.0,0.0
209,1869,1086,18.0,10,2022,2022-07-31,13:00:00,hungaroring,vettel,aston_martin,6,36,3,8.0,16.0,12.333333333333334,3.6666666666666665,0.0,0.49333295,0.24333318,0.07666666,0.0,0.0,0.0,0.0033333334,0.006666667,0.0033333334,0.006666667,0.13666661,0.023333335,0.006666667,0.0,0.0,0.0,0.0,0.0,0.0
210,1870,1086,14.0,11,2022,2022-07-31,13:00:00,hungaroring,stroll,aston_martin,6,33,3,3.0,15.666666666666666,11.333333333333334,4.333333333333333,0.0,0.17333324,0.68999946,0.04666667,0.0,0.0033333334,0.0,0.0,0.006666667,0.0,0.0033333334,0.013333334,0.043333337,0.006666667,0.01,0.0,0.0033333334,0.0,0.0,0.0
211,1871,1086,0.0,12,2022,2022-07-31,13:00:00,hungaroring,gasly,alphatauri,6,8,1,-12.0,13.0,,,0.0,0.04666667,0.19666655,0.37999973,0.0,0.0,0.0,0.0,0.0,0.0,0.0,0.013333334,0.20666654,0.013333334,0.03666667,0.02666667,0.030000003,0.033333335,0.0,0.016666668
212,1872,1086,12.0,13,2022,2022-07-31,13:00:00,hungaroring,zhou,alfa,6,37,0,-1.0,12.666666666666666,,,0.0,0.023333335,0.06333334,0.11666662,0.0,0.0033333334,0.0,0.0,0.0,0.0,0.006666667,0.0,0.69999945,0.07,0.006666667,0.0,0.006666667,0.0,0.0,0.0033333334
213,1873,1086,15.0,14,2022,2022-07-31,13:00:00,hungaroring,mick_schumacher,haas,6,21,6,1.0,15.0,9.666666666666666,5.333333333333333,0.0,0.0033333334,0.013333334,0.03666667,0.0,0.0033333334,0.0,0.0,0.0,0.0,0.0,0.006666667,0.22666653,0.5599996,0.11999995,0.01,0.016666668,0.0033333334,0.0,0.0
214,1874,1086,9.0,15,2022,2022-07-31,13:00:00,hungaroring,ricciardo,mclaren,6,28,7,-6.0,11.333333333333334,10.333333333333334,1.0,0.0,0.006666667,0.023333335,0.06666667,0.0,0.0,0.0,0.0,0.0033333334,0.0,0.0,0.006666667,0.08333332,0.040000003,0.69999945,0.013333334,0.04666667,0.01,0.0,0.0
215,1875,1086,13.0,16,2022,2022-07-31,13:00:00,hungaroring,kevin_magnussen,haas,6,13,6,-3.0,14.666666666666666,,,0.0,0.0,0.0,0.016666668,0.0,0.0,0.0,0.0,0.0,0.0,0.0,0.0,0.020000001,0.020000001,0.1466666,0.433333,0.29666647,0.040000003,0.02666667,0.0
216,1876,1086,17.0,17,2022,2022-07-31,13:00:00,hungaroring,albon,williams,6,1,15,0.0,14.666666666666666,,,0.0,0.0,0.01,0.01,0.0,0.0,0.0,0.0,0.0,0.0,0.0,0.0,0.013333334,0.023333335,0.020000001,0.13666661,0.64333284,0.12999995,0.013333334,0.0
217,1877,1086,19.0,18,2022,2022-07-31,13:00:00,hungaroring,latifi,williams,6,16,15,1.0,15.0,,,0.0,0.0,0.0033333334,0.0,0.0,0.0,0.0,0.0,0.0,0.0,0.0,0.0,0.0,0.0,0.01,0.07666666,0.28333315,0.5299996,0.09333331,0.0033333334
218,1878,1086,16.0,19,2022,2022-07-31,13:00:00,hungaroring,tsunoda,alphatauri,6,34,1,-3.0,12.333333333333334,,,0.0,0.0,0.0033333334,0.0,0.0,0.0,0.0033333334,0.0,0.0,0.0,0.0,0.0,0.006666667,0.023333335,0.050000004,0.16333325,0.10666663,0.14333327,0.46333298,0.03666667
219,1879,1086,8.0,20,2022,2022-07-31,13:00:00,hungaroring,bottas,alfa,6,4,0,-12.0,7.666666666666667,,,0.0,0.016666668,0.06333334,0.040000003,0.0,0.0,0.0,0.0,0.0,0.006666667,0.0033333334,0.02666667,0.05333334,0.12666662,0.27333316,0.07,0.13999994,0.03666667,0.040000003,0.1033333
220,1880,1087,14.0,1,2022,2022-08-28,13:00:00,spa,max_verstappen,red_bull,25,19,11,13.0,4.333333333333333,1.3333333333333333,3.0,0.3866664,0.013333334,0.0033333334,0.0033333334,0.07999999,0.030000003,0.06333334,0.2466665,0.09999997,0.030000003,0.033333335,0.0033333334,0.0,0.0,0.0,0.0033333334,0.0,0.0033333334,0.0,0.0
221,1881,1087,2.0,2,2022,2022-08-28,13:00:00,spa,perez,red_bull,25,24,11,0.0,6.333333333333333,,,0.056666672,0.0,0.0,0.0,0.85333264,0.06666667,0.023333335,0.0,0.0,0.0,0.0,0.0,0.0,0.0,0.0,0.0,0.0,0.0,0.0,0.0
222,1882,1087,1.0,3,2022,2022-08-28,13:00:00,spa,sainz,ferrari,25,30,4,-2.0,8.0,,,0.033333335,0.0033333334,0.0033333334,0.0,0.013333334,0.7299994,0.11999995,0.01,0.033333335,0.03666667,0.006666667,0.0033333334,0.0033333334,0.0033333334,0.0,0.0,0.0,0.0,0.0,0.0
223,1883,1087,5.0,4,2022,2022-08-28,13:00:00,spa,russell,mercedes,25,29,8,1.0,3.6666666666666665,3.333333333333333,0.3333333333333333,0.006666667,0.0,0.0,0.0,0.050000004,0.056666672,0.76666605,0.08333332,0.016666668,0.020000001,0.0,0.0,0.0,0.0,0.0,0.0,0.0,0.0,0.0,0.0
224,1884,1087,3.0,5,2022,2022-08-28,13:00:00,spa,alonso,alpine,25,2,2,-2.0,10.666666666666666,8.0,2.6666666666666665,0.016666668,0.016666668,0.013333334,0.0,0.03666667,0.13999994,0.14333327,0.28333315,0.16333325,0.060000006,0.08999998,0.033333335,0.0033333334,0.0,0.0,0.0,0.0,0.0,0.0,0.0
225,1885,1087,15.0,6,2022,2022-08-28,13:00:00,spa,leclerc,ferrari,25,18,4,9.0,2.0,,,0.04666667,0.07666666,0.02666667,0.0033333334,0.023333335,0.02666667,0.043333337,0.15999992,0.25999984,0.1799999,0.09999997,0.020000001,0.0,0.013333334,0.0,0.013333334,0.0033333334,0.0033333334,0.0,0.0
226,1886,1087,16.0,7,2022,2022-08-28,13:00:00,spa,ocon,alpine,25,23,2,9.0,7.0,7.333333333333333,-0.3333333333333333,0.006666667,0.1799999,0.013333334,0.07,0.01,0.033333335,0.006666667,0.06333334,0.11333329,0.34999976,0.060000006,0.06666667,0.01,0.006666667,0.006666667,0.0,0.0,0.0033333334,0.0,0.0
227,1887,1087,10.0,8,2022,2022-08-28,13:00:00,spa,vettel,aston_martin,25,36,3,2.0,16.0,12.666666666666666,3.333333333333333,0.0,0.08666665,0.043333337,0.013333334,0.0033333334,0.0,0.0,0.01,0.033333335,0.06333334,0.65666616,0.07333333,0.01,0.0,0.0033333334,0.0033333334,0.0,0.0,0.0,0.0
228,1888,1087,0.0,9,2022,2022-08-28,13:00:00,spa,gasly,alphatauri,25,8,1,-9.0,9.333333333333334,13.0,-3.6666666666666665,0.0,0.16666658,0.2899998,0.023333335,0.0,0.0033333334,0.0,0.023333335,0.0033333334,0.023333335,0.023333335,0.17666657,0.07999999,0.050000004,0.07999999,0.020000001,0.020000001,0.01,0.006666667,0.0
229,1889,1087,6.0,10,2022,2022-08-28,13:00:00,spa,albon,williams,25,1,15,-4.0,15.0,14.0,1.0,0.0,0.5266663,0.07333333,0.06666667,0.0,0.0,0.0,0.01,0.016666668,0.01,0.10666663,0.043333337,0.09999997,0.0033333334,0.01,0.01,0.016666668,0.006666667,0.0,0.0
230,1890,1087,9.0,11,2022,2022-08-28,13:00:00,spa,stroll,aston_martin,25,33,3,-2.0,13.666666666666666,11.333333333333334,2.333333333333333,0.0,0.19999988,0.6266662,0.08999998,0.0,0.0,0.0,0.0,0.006666667,0.01,0.0033333334,0.013333334,0.03666667,0.01,0.0033333334,0.0,0.0,0.0,0.0,0.0
231,1891,1087,17.0,12,2022,2022-08-28,13:00:00,spa,norris,mclaren,25,22,7,5.0,6.333333333333333,7.0,-0.6666666666666666,0.0,0.19999988,0.040000003,0.44999966,0.006666667,0.0033333334,0.013333334,0.040000003,0.03666667,0.03666667,0.020000001,0.050000004,0.03666667,0.020000001,0.043333337,0.0033333334,0.0,0.0,0.0,0.0
232,1892,1087,0.0,13,2022,2022-08-28,13:00:00,spa,tsunoda,alphatauri,25,34,1,-13.0,13.333333333333334,,,0.0033333334,0.02666667,0.020000001,0.16666658,0.0,0.0,0.0,0.0033333334,0.0033333334,0.006666667,0.01,0.016666668,0.46333298,0.013333334,0.09999997,0.030000003,0.10999996,0.020000001,0.0,0.006666667
233,1893,1087,18.0,14,2022,2022-08-28,13:00:00,spa,zhou,alfa,25,37,0,4.0,13.666666666666666,14.333333333333334,-0.6666666666666666,0.0,0.0033333334,0.0033333334,0.03666667,0.0,0.0,0.0,0.0,0.0,0.0,0.0033333334,0.006666667,0.06666667,0.7833327,0.040000003,0.05333334,0.0033333334,0.0,0.0,0.0
234,1894,1087,7.0,15,2022,2022-08-28,13:00:00,spa,ricciardo,mclaren,25,28,7,-8.0,9.666666666666666,11.0,-1.3333333333333333,0.0,0.016666668,0.020000001,0.023333335,0.0,0.0,0.0,0.0,0.0033333334,0.0,0.01,0.01,0.1799999,0.13666661,0.5266663,0.043333337,0.023333335,0.006666667,0.0,0.0
235,1895,1087,12.0,16,2022,2022-08-28,13:00:00,spa,kevin_magnussen,haas,25,13,6,-4.0,13.333333333333334,,,0.0,0.0033333334,0.023333335,0.023333335,0.0,0.0,0.0,0.0,0.0,0.0,0.0,0.0,0.09666664,0.15333326,0.11333329,0.453333,0.1033333,0.030000003,0.0,0.0
236,1896,1087,19.0,17,2022,2022-08-28,13:00:00,spa,mick_schumacher,haas,25,21,6,2.0,13.666666666666666,11.666666666666666,2.0,0.0,0.0033333334,0.0,0.0,0.0,0.0,0.0,0.0,0.0,0.0,0.0,0.0,0.0,0.02666667,0.023333335,0.08666665,0.7633327,0.09333331,0.0033333334,0.0
237,1897,1087,11.0,18,2022,2022-08-28,13:00:00,spa,latifi,williams,25,16,15,-7.0,18.0,,,0.0,0.0,0.013333334,0.030000003,0.0,0.0,0.0,0.0,0.0,0.0,0.0,0.0033333334,0.043333337,0.013333334,0.043333337,0.20999987,0.19999988,0.43999967,0.0033333334,0.0
238,1900,1088,1.0,1,2022,2022-09-04,13:00:00,zandvoort,max_verstappen,red_bull,30,19,11,0.0,8.666666666666666,1.0,7.666666666666667,0.796666,0.0,0.0,0.0,0.10999996,0.06666667,0.013333334,0.006666667,0.0033333334,0.0,0.0033333334,0.0,0.0,0.0,0.0,0.0,0.0,0.0,0.0,0.0
239,1901,1088,6.0,2,2022,2022-09-04,13:00:00,zandvoort,russell,mercedes,30,29,8,4.0,4.0,3.333333333333333,0.6666666666666666,0.15666659,0.0,0.0,0.0,0.38333306,0.24333318,0.14333327,0.043333337,0.020000001,0.0033333334,0.0033333334,0.0,0.0,0.0,0.0,0.0033333334,0.0,0.0,0.0,0.0
240,1902,1088,2.0,3,2022,2022-09-04,13:00:00,zandvoort,leclerc,ferrari,30,18,4,-1.0,6.333333333333333,,,0.013333334,0.0,0.0,0.0,0.12666662,0.796666,0.060000006,0.0,0.0,0.0033333334,0.0,0.0,0.0,0.0,0.0,0.0,0.0,0.0,0.0,0.0
241,1903,1088,4.0,4,2022,2022-09-04,13:00:00,zandvoort,hamilton,mercedes,30,11,8,0.0,5.0,,,0.006666667,0.0,0.0,0.0,0.013333334,0.07333333,0.86666596,0.023333335,0.016666668,0.0,0.0,0.0,0.0,0.0,0.0,0.0,0.0,0.0,0.0,0.0
242,1904,1088,5.0,5,2022,2022-09-04,13:00:00,zandvoort,perez,red_bull,30,24,11,0.0,5.333333333333333,3.6666666666666665,1.6666666666666667,0.01,0.0033333334,0.0,0.0,0.0033333334,0.02666667,0.27333316,0.63333285,0.040000003,0.0033333334,0.0033333334,0.0033333334,0.0,0.0,0.0,0.0,0.0,0.0,0.0,0.0
243,1905,1088,13.0,6,2022,2022-09-04,13:00:00,zandvoort,alonso,alpine,30,2,2,7.0,5.333333333333333,6.333333333333333,-1.0,0.01,0.09999997,0.006666667,0.01,0.006666667,0.013333334,0.06333334,0.15333326,0.4866663,0.06333334,0.040000003,0.030000003,0.006666667,0.0033333334,0.0033333334,0.0033333334,0.0,0.0,0.0,0.0
244,1906,1088,7.0,7,2022,2022-09-04,13:00:00,zandvoort,norris,mclaren,30,22,7,0.0,8.666666666666666,8.666666666666666,0.0,0.0,0.0033333334,0.0,0.0,0.0,0.0,0.006666667,0.01,0.1033333,0.796666,0.04666667,0.033333335,0.0,0.0,0.0,0.0,0.0,0.0,0.0,0.0
245,1907,1088,3.0,8,2022,2022-09-04,13:00:00,zandvoort,sainz,ferrari,30,30,4,-5.0,7.333333333333333,4.0,3.333333333333333,0.0,0.05333334,0.05333334,0.006666667,0.0033333334,0.016666668,0.013333334,0.043333337,0.14333327,0.1799999,0.38999972,0.060000006,0.006666667,0.0033333334,0.006666667,0.01,0.0033333334,0.0,0.0,0.006666667
246,1908,1088,12.0,9,2022,2022-09-04,13:00:00,zandvoort,ocon,alpine,30,23,2,3.0,10.333333333333334,8.0,2.333333333333333,0.0,0.13333328,0.033333335,0.01,0.0033333334,0.0033333334,0.016666668,0.0,0.030000003,0.07,0.16666658,0.53333294,0.0,0.0,0.0,0.0,0.0,0.0,0.0,0.0
247,1909,1088,10.0,10,2022,2022-09-04,13:00:00,zandvoort,stroll,aston_martin,30,33,3,0.0,12.666666666666666,10.666666666666666,2.0,0.0,0.6533328,0.13666661,0.033333335,0.0,0.0,0.0,0.0,0.01,0.013333334,0.01,0.12999995,0.013333334,0.0,0.0,0.0,0.0,0.0,0.0,0.0
248,1910,1088,11.0,11,2022,2022-09-04,13:00:00,zandvoort,gasly,alphatauri,30,8,1,0.0,4.666666666666667,11.0,-6.333333333333333,0.0,0.09999997,0.6799995,0.020000001,0.0,0.006666667,0.0033333334,0.030000003,0.006666667,0.016666668,0.033333335,0.040000003,0.02666667,0.006666667,0.01,0.01,0.01,0.0,0.0,0.0
249,1911,1088,15.0,12,2022,2022-09-04,13:00:00,zandvoort,albon,williams,30,1,15,3.0,12.0,13.333333333333334,-1.3333333333333333,0.0,0.033333335,0.16999991,0.6199995,0.0,0.0,0.0033333334,0.0,0.006666667,0.0,0.006666667,0.033333335,0.02666667,0.06666667,0.013333334,0.013333334,0.0033333334,0.0033333334,0.0,0.0
250,1912,1088,8.0,13,2022,2022-09-04,13:00:00,zandvoort,mick_schumacher,haas,30,21,6,-5.0,17.0,15.333333333333334,1.6666666666666667,0.0,0.02666667,0.060000006,0.22666653,0.0,0.0,0.0,0.0,0.0,0.0,0.0033333334,0.0033333334,0.52333295,0.023333335,0.07999999,0.030000003,0.01,0.01,0.0033333334,0.0
251,1913,1088,19.0,14,2022,2022-09-04,13:00:00,zandvoort,vettel,aston_martin,30,36,3,5.0,13.333333333333334,9.666666666666666,3.6666666666666665,0.0,0.016666668,0.0,0.05333334,0.0,0.0,0.0,0.0,0.0,0.0,0.006666667,0.013333334,0.13999994,0.6733328,0.07333333,0.020000001,0.0033333334,0.0,0.0,0.0
252,1914,1088,18.0,15,2022,2022-09-04,13:00:00,zandvoort,kevin_magnussen,haas,30,13,6,3.0,15.0,,,0.0,0.0,0.0,0.013333334,0.0,0.0,0.0,0.0,0.0,0.0,0.0033333334,0.0,0.016666668,0.14999993,0.7366661,0.04666667,0.023333335,0.01,0.0,0.0
253,1915,1088,14.0,16,2022,2022-09-04,13:00:00,zandvoort,zhou,alfa,30,37,0,-2.0,15.333333333333334,14.333333333333334,1.0,0.0,0.0,0.0033333334,0.0033333334,0.0,0.0,0.0,0.0,0.0,0.0033333334,0.0,0.0,0.016666668,0.043333337,0.1799999,0.6933328,0.02666667,0.020000001,0.01,0.0
254,1916,1088,17.0,17,2022,2022-09-04,13:00:00,zandvoort,ricciardo,mclaren,30,28,7,0.0,8.333333333333334,13.0,-4.666666666666667,0.0,0.016666668,0.020000001,0.02666667,0.0,0.0,0.0033333334,0.0,0.0,0.01,0.020000001,0.0033333334,0.033333335,0.030000003,0.09333331,0.15333326,0.4199997,0.05333334,0.11333329,0.0033333334
255,1917,1088,20.0,18,2022,2022-09-04,13:00:00,zandvoort,latifi,williams,30,16,15,2.0,16.0,,,0.0,0.0,0.0033333334,0.0033333334,0.0,0.0,0.0,0.0,0.0,0.0033333334,0.0,0.0033333334,0.0033333334,0.0,0.01,0.09999997,0.17666657,0.6366662,0.056666672,0.0033333334
256,1920,1089,7.0,1,2022,2022-09-11,13:00:00,monza,max_verstappen,red_bull,15,19,11,6.0,8.333333333333334,1.0,7.333333333333333,0.47999963,0.006666667,0.0,0.0,0.1466666,0.1033333,0.12999995,0.08999998,0.02666667,0.01,0.0033333334,0.0,0.0033333334,0.0,0.0,0.0,0.0,0.0,0.0,0.0
257,1921,1089,1.0,2,2022,2022-09-11,13:00:00,monza,leclerc,ferrari,15,18,4,-1.0,6.666666666666667,5.0,1.6666666666666667,0.023333335,0.0,0.0,0.0,0.75333273,0.20333321,0.01,0.0033333334,0.0033333334,0.0033333334,0.0,0.0,0.0,0.0,0.0,0.0,0.0,0.0,0.0,0.0
258,1922,1089,2.0,3,2022,2022-09-11,13:00:00,monza,russell,mercedes,15,29,8,-1.0,4.0,3.0,1.0,0.016666668,0.0,0.0,0.0,0.15999992,0.7133328,0.07999999,0.023333335,0.0,0.0,0.0,0.0,0.0,0.0,0.0,0.0,0.0,0.0,0.0033333334,0.0033333334
259,1923,1089,18.0,4,2022,2022-09-11,13:00:00,monza,sainz,ferrari,15,30,4,14.0,2.0,5.0,-3.0,0.013333334,0.07,0.01,0.01,0.05333334,0.030000003,0.31333312,0.2766665,0.09333331,0.01,0.08333332,0.01,0.01,0.0033333334,0.0033333334,0.006666667,0.0,0.0033333334,0.0,0.0
260,1924,1089,19.0,5,2022,2022-09-11,13:00:00,monza,hamilton,mercedes,15,11,8,14.0,5.0,,,0.030000003,0.020000001,0.013333334,0.0033333334,0.05333334,0.12666662,0.07666666,0.4999996,0.033333335,0.01,0.08333332,0.033333335,0.01,0.0033333334,0.0,0.0033333334,0.0,0.0,0.0,0.0
261,1925,1089,13.0,6,2022,2022-09-11,13:00:00,monza,perez,red_bull,15,24,11,7.0,6.0,4.0,2.0,0.023333335,0.020000001,0.0,0.0033333334,0.006666667,0.06333334,0.09333331,0.12333328,0.5699996,0.023333335,0.050000004,0.016666668,0.0033333334,0.0,0.0,0.0033333334,0.0,0.0,0.0,0.0
262,1926,1089,3.0,7,2022,2022-09-11,13:00:00,monza,norris,mclaren,15,22,7,-4.0,9.333333333333334,8.666666666666666,0.6666666666666666,0.0,0.040000003,0.020000001,0.0033333334,0.0,0.0,0.01,0.02666667,0.10999996,0.6299995,0.033333335,0.1033333,0.016666668,0.006666667,0.0,0.0,0.0,0.0,0.0,0.0
263,1927,1089,5.0,8,2022,2022-09-11,13:00:00,monza,gasly,alphatauri,15,8,1,-3.0,3.6666666666666665,10.666666666666666,-7.0,0.0,0.05333334,0.006666667,0.01,0.0,0.013333334,0.02666667,0.08666665,0.040000003,0.03666667,0.6533328,0.033333335,0.006666667,0.0,0.006666667,0.006666667,0.016666668,0.0,0.0033333334,0.0
264,1928,1089,8.0,9,2022,2022-09-11,13:00:00,monza,de_vries,williams,15,6,15,-1.0,,,,0.0,0.08999998,0.056666672,0.006666667,0.013333334,0.0,0.01,0.0,0.0033333334,0.043333337,0.08999998,0.6599995,0.0033333334,0.013333334,0.006666667,0.0,0.0,0.0,0.0033333334,0.0
265,1929,1089,9.0,10,2022,2022-09-11,13:00:00,monza,zhou,alfa,15,37,0,-1.0,14.666666666666666,14.333333333333334,0.3333333333333333,0.0,0.6199995,0.07999999,0.08333332,0.0,0.0033333334,0.0033333334,0.0,0.006666667,0.020000001,0.016666668,0.08666665,0.06666667,0.0033333334,0.006666667,0.0,0.0,0.0033333334,0.0,0.0
266,1930,1089,14.0,11,2022,2022-09-11,13:00:00,monza,ocon,alpine,15,23,2,3.0,11.0,8.333333333333334,2.6666666666666665,0.0,0.2133332,0.56666625,0.1033333,0.0,0.0033333334,0.0033333334,0.0,0.016666668,0.01,0.006666667,0.023333335,0.02666667,0.020000001,0.006666667,0.0,0.0,0.0,0.0,0.0
267,1931,1089,17.0,12,2022,2022-09-11,13:00:00,monza,mick_schumacher,haas,15,21,6,5.0,14.0,14.666666666666666,-0.6666666666666666,0.0,0.023333335,0.040000003,0.84333265,0.0,0.0,0.0,0.0,0.0,0.0,0.0,0.0033333334,0.05333334,0.030000003,0.0033333334,0.0033333334,0.0,0.0,0.0,0.0
268,1932,1089,15.0,13,2022,2022-09-11,13:00:00,monza,bottas,alfa,15,4,0,2.0,12.333333333333334,,,0.0,0.0033333334,0.01,0.08999998,0.0,0.0,0.0,0.0,0.0,0.0033333334,0.0033333334,0.0,0.7133328,0.14333327,0.020000001,0.006666667,0.0,0.0033333334,0.0,0.0033333334
269,1933,1089,20.0,14,2022,2022-09-11,13:00:00,monza,tsunoda,alphatauri,15,34,1,6.0,8.333333333333334,,,0.0,0.02666667,0.03666667,0.10999996,0.01,0.006666667,0.0,0.02666667,0.01,0.016666668,0.043333337,0.020000001,0.2233332,0.41666636,0.040000003,0.013333334,0.0,0.0,0.0,0.0
270,1934,1089,10.0,15,2022,2022-09-11,13:00:00,monza,latifi,williams,15,16,15,-5.0,16.666666666666668,18.0,-1.3333333333333333,0.0,0.02666667,0.023333335,0.08333332,0.0,0.0,0.0,0.0,0.0,0.0033333334,0.0033333334,0.01,0.09666664,0.11999995,0.28666648,0.21666653,0.043333337,0.07,0.006666667,0.01
271,1935,1089,16.0,16,2022,2022-09-11,13:00:00,monza,kevin_magnussen,haas,15,13,6,0.0,14.333333333333334,15.666666666666666,-1.3333333333333333,0.0,0.0,0.0,0.0,0.0,0.0,0.0,0.0,0.0,0.0,0.0,0.0,0.006666667,0.02666667,0.09666664,0.7799994,0.050000004,0.020000001,0.016666668,0.0033333334
272,1940,1091,2.0,1,2022,2022-10-02,12:00:00,marina_bay,perez,red_bull,12,24,11,1.0,6.666666666666667,4.333333333333333,2.333333333333333,0.8399993,0.0,0.0,0.0,0.11999995,0.03666667,0.0033333334,0.0,0.0,0.0,0.0,0.0,0.0,0.0,0.0,0.0,0.0,0.0,0.0,0.0
273,1941,1091,1.0,2,2022,2022-10-02,12:00:00,marina_bay,leclerc,ferrari,12,18,4,-1.0,6.0,3.6666666666666665,2.333333333333333,0.020000001,0.0,0.0,0.0,0.8033327,0.15999992,0.016666668,0.0,0.0,0.0,0.0,0.0,0.0,0.0,0.0,0.0,0.0,0.0,0.0,0.0
274,1942,1091,4.0,3,2022,2022-10-02,12:00:00,marina_bay,sainz,ferrari,12,30,4,1.0,7.333333333333333,5.0,2.333333333333333,0.006666667,0.0,0.0,0.0,0.07999999,0.82333267,0.06666667,0.01,0.01,0.0033333334,0.0,0.0,0.0,0.0,0.0,0.0,0.0,0.0,0.0,0.0
275,1943,1091,6.0,4,2022,2022-10-02,12:00:00,marina_bay,norris,mclaren,12,22,7,2.0,9.0,8.666666666666666,0.3333333333333333,0.016666668,0.0,0.0,0.0,0.07333333,0.08666665,0.6599995,0.11333329,0.023333335,0.013333334,0.01,0.0033333334,0.0,0.0,0.0,0.0,0.0,0.0,0.0,0.0
276,1944,1091,16.0,5,2022,2022-10-02,12:00:00,marina_bay,ricciardo,mclaren,12,28,7,11.0,9.333333333333334,,,0.0033333334,0.016666668,0.01,0.016666668,0.006666667,0.023333335,0.11666662,0.3533331,0.1033333,0.10999996,0.12333328,0.10999996,0.0,0.006666667,0.0,0.0,0.0,0.0,0.0,0.0
277,1945,1091,11.0,6,2022,2022-10-02,12:00:00,marina_bay,stroll,aston_martin,12,33,3,5.0,10.333333333333334,,,0.0,0.0033333334,0.01,0.006666667,0.016666668,0.030000003,0.050000004,0.06333334,0.6366662,0.13333328,0.040000003,0.01,0.0,0.0,0.0,0.0,0.0,0.0,0.0,0.0
278,1946,1091,8.0,7,2022,2022-10-02,12:00:00,marina_bay,max_verstappen,red_bull,12,19,11,1.0,7.333333333333333,1.0,6.333333333333333,0.050000004,0.02666667,0.0033333334,0.0,0.030000003,0.05333334,0.043333337,0.07333333,0.1466666,0.42999968,0.07333333,0.043333337,0.016666668,0.0,0.0033333334,0.0033333334,0.0,0.0033333334,0.0,0.0
279,1947,1091,13.0,8,2022,2022-10-02,12:00:00,marina_bay,vettel,aston_martin,12,36,3,5.0,13.333333333333334,,,0.0,0.05333334,0.020000001,0.0033333334,0.0033333334,0.0033333334,0.0,0.0,0.006666667,0.033333335,0.83333266,0.043333337,0.0,0.0,0.0,0.0,0.0,0.0,0.0,0.0
280,1948,1091,3.0,9,2022,2022-10-02,12:00:00,marina_bay,hamilton,mercedes,12,11,8,-6.0,9.0,,,0.0,0.12666662,0.06333334,0.0033333334,0.006666667,0.0,0.006666667,0.013333334,0.01,0.20999987,0.08999998,0.4199997,0.02666667,0.006666667,0.013333334,0.0,0.0033333334,0.0,0.0,0.0
281,1949,1091,7.0,10,2022,2022-10-02,12:00:00,marina_bay,gasly,alphatauri,12,8,1,-3.0,5.333333333333333,9.333333333333334,-4.0,0.0,0.50999963,0.08333332,0.06666667,0.0033333334,0.0033333334,0.0,0.006666667,0.013333334,0.02666667,0.1033333,0.08999998,0.03666667,0.01,0.023333335,0.01,0.006666667,0.0033333334,0.0033333334,0.0
282,1950,1091,15.0,11,2022,2022-10-02,12:00:00,marina_bay,bottas,alfa,12,4,0,4.0,14.666666666666666,,,0.0,0.18666656,0.6033329,0.10666663,0.0,0.0,0.0,0.0,0.0,0.0033333334,0.0033333334,0.023333335,0.05333334,0.006666667,0.006666667,0.0033333334,0.0,0.0033333334,0.0,0.0
283,1951,1091,9.0,12,2022,2022-10-02,12:00:00,marina_bay,kevin_magnussen,haas,12,13,6,-3.0,15.333333333333334,15.666666666666666,-0.3333333333333333,0.0,0.043333337,0.1033333,0.6066662,0.0,0.0,0.0,0.0,0.0,0.006666667,0.0,0.006666667,0.15333326,0.01,0.023333335,0.03666667,0.006666667,0.0033333334,0.0,0.0
284,1952,1091,12.0,13,2022,2022-10-02,12:00:00,marina_bay,mick_schumacher,haas,12,21,6,-1.0,14.666666666666666,14.0,0.6666666666666666,0.0,0.04666667,0.040000003,0.09999997,0.0,0.0,0.0,0.0,0.0033333334,0.0,0.0033333334,0.006666667,0.71999943,0.030000003,0.013333334,0.030000003,0.006666667,0.0,0.0,0.0
285,1953,1091,0.0,14,2022,2022-10-02,12:00:00,marina_bay,russell,mercedes,12,29,8,-14.0,4.333333333333333,3.0,1.3333333333333333,0.0033333334,0.030000003,0.030000003,0.0033333334,0.03666667,0.02666667,0.043333337,0.060000006,0.020000001,0.043333337,0.050000004,0.023333335,0.030000003,0.15999992,0.17333324,0.12333328,0.043333337,0.033333335,0.033333335,0.033333335
286,1960,1092,1.0,1,2022,2022-10-09,05:00:00,suzuka,max_verstappen,red_bull,26,19,11,0.0,5.333333333333333,3.0,2.333333333333333,0.9733325,0.0,0.0,0.0,0.016666668,0.0033333334,0.0033333334,0.0033333334,0.0,0.0,0.0,0.0,0.0,0.0,0.0,0.0,0.0,0.0,0.0,0.0
287,1961,1092,4.0,2,2022,2022-10-09,05:00:00,suzuka,perez,red_bull,26,24,11,2.0,6.666666666666667,4.0,2.6666666666666665,0.07666666,0.0,0.0,0.0,0.7066661,0.17666657,0.033333335,0.0033333334,0.0033333334,0.0,0.0,0.0,0.0,0.0,0.0,0.0,0.0,0.0,0.0,0.0
288,1962,1092,2.0,3,2022,2022-10-09,05:00:00,suzuka,leclerc,ferrari,26,18,4,-1.0,1.3333333333333333,2.333333333333333,-1.0,0.020000001,0.0,0.0,0.0,0.15666659,0.7799994,0.01,0.016666668,0.013333334,0.0,0.0,0.0,0.0,0.0,0.0,0.0,0.0,0.0,0.0,0.0033333334
289,1963,1092,5.0,4,2022,2022-10-09,05:00:00,suzuka,ocon,alpine,26,23,2,1.0,14.333333333333334,,,0.01,0.0033333334,0.0,0.0033333334,0.030000003,0.08666665,0.58999956,0.18333323,0.040000003,0.043333337,0.0033333334,0.006666667,0.0,0.0,0.0,0.0,0.0,0.0,0.0,0.0
290,1964,1092,6.0,5,2022,2022-10-09,05:00:00,suzuka,hamilton,mercedes,26,11,8,1.0,8.666666666666666,6.0,2.6666666666666665,0.006666667,0.006666667,0.0033333334,0.0,0.03666667,0.033333335,0.06333334,0.75333273,0.06666667,0.01,0.013333334,0.0,0.006666667,0.0,0.0,0.0,0.0,0.0,0.0,0.0
291,1965,1092,9.0,6,2022,2022-10-09,05:00:00,suzuka,vettel,aston_martin,26,36,3,3.0,14.333333333333334,,,0.0033333334,0.016666668,0.0,0.006666667,0.0033333334,0.006666667,0.03666667,0.030000003,0.69999945,0.15333326,0.030000003,0.006666667,0.0033333334,0.0,0.0,0.0033333334,0.0,0.0,0.0,0.0
292,1966,1092,7.0,7,2022,2022-10-09,05:00:00,suzuka,alonso,alpine,26,2,2,0.0,8.0,,,0.0,0.0033333334,0.020000001,0.0,0.0,0.01,0.01,0.02666667,0.056666672,0.8399993,0.016666668,0.01,0.0033333334,0.0,0.0,0.0033333334,0.0,0.0,0.0,0.0
293,1967,1092,8.0,8,2022,2022-10-09,05:00:00,suzuka,russell,mercedes,26,29,8,0.0,2.6666666666666665,6.333333333333333,-3.6666666666666665,0.006666667,0.050000004,0.016666668,0.0033333334,0.0033333334,0.013333334,0.020000001,0.05333334,0.09666664,0.12333328,0.4199997,0.18666656,0.0033333334,0.0033333334,0.0,0.0,0.0,0.0,0.0,0.0
294,1968,1092,20.0,9,2022,2022-10-09,05:00:00,suzuka,latifi,williams,26,16,15,11.0,16.333333333333332,,,0.0,0.10999996,0.15999992,0.13333328,0.0033333334,0.0033333334,0.016666668,0.01,0.0033333334,0.09666664,0.05333334,0.31333312,0.03666667,0.020000001,0.01,0.023333335,0.0,0.0033333334,0.0033333334,0.0
295,1969,1092,10.0,10,2022,2022-10-09,05:00:00,suzuka,norris,mclaren,26,22,7,0.0,5.333333333333333,6.0,-0.6666666666666666,0.0,0.5533329,0.08999998,0.006666667,0.0,0.006666667,0.006666667,0.030000003,0.02666667,0.040000003,0.05333334,0.15333326,0.013333334,0.01,0.0033333334,0.0,0.0,0.0033333334,0.0033333334,0.0
296,1970,1092,11.0,11,2022,2022-10-09,05:00:00,suzuka,ricciardo,mclaren,26,28,7,0.0,12.333333333333334,,,0.0,0.06333334,0.81999934,0.06666667,0.0,0.0,0.0,0.0,0.01,0.0,0.006666667,0.016666668,0.006666667,0.0033333334,0.0033333334,0.0,0.0033333334,0.0,0.0,0.0
297,1971,1092,19.0,12,2022,2022-10-09,05:00:00,suzuka,stroll,aston_martin,26,33,3,7.0,11.0,,,0.0,0.12999995,0.03666667,0.6399995,0.0,0.0,0.0,0.0,0.0033333334,0.0033333334,0.02666667,0.030000003,0.1033333,0.020000001,0.0,0.006666667,0.0,0.0,0.0,0.0
298,1972,1092,13.0,13,2022,2022-10-09,05:00:00,suzuka,tsunoda,alphatauri,26,34,1,0.0,13.0,,,0.0,0.01,0.02666667,0.09333331,0.0,0.0,0.0,0.0,0.0,0.0,0.0033333334,0.0033333334,0.65666616,0.17333324,0.01,0.020000001,0.0033333334,0.0,0.0,0.0
299,1973,1092,18.0,14,2022,2022-10-09,05:00:00,suzuka,kevin_magnussen,haas,26,13,6,4.0,14.333333333333334,14.333333333333334,0.0,0.0,0.0,0.0033333334,0.023333335,0.0,0.0,0.0,0.0,0.0,0.0,0.006666667,0.0,0.04666667,0.8633326,0.043333337,0.01,0.0,0.0033333334,0.0,0.0
300,1974,1092,12.0,15,2022,2022-10-09,05:00:00,suzuka,bottas,alfa,26,4,0,-3.0,15.333333333333334,,,0.0,0.0033333334,0.02666667,0.06666667,0.0,0.0,0.0,0.0033333334,0.0033333334,0.0,0.0033333334,0.0,0.19333322,0.2133332,0.34666643,0.07999999,0.023333335,0.033333335,0.0033333334,0.0
301,1975,1092,14.0,16,2022,2022-10-09,05:00:00,suzuka,zhou,alfa,26,37,0,-2.0,12.333333333333334,,,0.0,0.0,0.0,0.0,0.0,0.0,0.0,0.0,0.0,0.0,0.006666667,0.0,0.02666667,0.12999995,0.11666662,0.5933329,0.06333334,0.03666667,0.023333335,0.0033333334
302,1976,1092,15.0,17,2022,2022-10-09,05:00:00,suzuka,mick_schumacher,haas,26,21,6,-2.0,12.333333333333334,12.666666666666666,-0.3333333333333333,0.0,0.0,0.0033333334,0.01,0.0,0.0,0.0,0.0,0.0,0.0,0.0,0.0,0.013333334,0.03666667,0.07666666,0.1899999,0.5266663,0.09999997,0.02666667,0.016666668
303,1977,1092,17.0,18,2022,2022-10-09,05:00:00,suzuka,gasly,alphatauri,26,8,1,-1.0,7.666666666666667,9.666666666666666,-2.0,0.0,0.023333335,0.056666672,0.020000001,0.0,0.0,0.0,0.0,0.006666667,0.0033333334,0.0033333334,0.0,0.04666667,0.06333334,0.050000004,0.05333334,0.043333337,0.46999964,0.1466666,0.013333334
304,1980,1093,2.0,1,2022,2022-10-23,19:00:00,americas,max_verstappen,red_bull,1,19,11,1.0,5.333333333333333,3.0,2.333333333333333,0.91999924,0.0,0.0,0.0,0.07,0.01,0.0,0.0,0.0,0.0,0.0,0.0,0.0,0.0,0.0,0.0,0.0,0.0,0.0,0.0
305,1981,1093,3.0,2,2022,2022-10-23,19:00:00,americas,hamilton,mercedes,1,11,8,1.0,9.333333333333334,6.333333333333333,3.0,0.05333334,0.0033333334,0.0033333334,0.0,0.81999934,0.056666672,0.006666667,0.030000003,0.016666668,0.0033333334,0.0033333334,0.0033333334,0.0,0.0,0.0,0.0,0.0,0.0,0.0,0.0
306,1982,1093,12.0,3,2022,2022-10-23,19:00:00,americas,leclerc,ferrari,1,18,4,9.0,1.3333333333333333,2.333333333333333,-1.0,0.23999985,0.033333335,0.006666667,0.0,0.060000006,0.28333315,0.08333332,0.10999996,0.1033333,0.020000001,0.040000003,0.0033333334,0.0033333334,0.0,0.0,0.013333334,0.0,0.0,0.0,0.0
307,1983,1093,9.0,4,2022,2022-10-23,19:00:00,americas,perez,red_bull,1,24,11,5.0,6.333333333333333,3.0,3.333333333333333,0.12666662,0.0033333334,0.0,0.0,0.04666667,0.09999997,0.5699996,0.07333333,0.016666668,0.016666668,0.033333335,0.0033333334,0.006666667,0.0,0.0,0.0033333334,0.0,0.0,0.0,0.0
308,1984,1093,4.0,5,2022,2022-10-23,19:00:00,americas,russell,mercedes,1,29,8,-1.0,3.333333333333333,8.333333333333334,-5.0,0.0033333334,0.0033333334,0.0,0.0,0.056666672,0.03666667,0.10666663,0.75333273,0.01,0.013333334,0.013333334,0.0,0.0,0.0,0.0,0.0,0.0,0.0033333334,0.0,0.0
309,1985,1093,6.0,6,2022,2022-10-23,19:00:00,americas,norris,mclaren,1,22,7,0.0,6.333333333333333,7.0,-0.6666666666666666,0.0033333334,0.0,0.0,0.0,0.006666667,0.0033333334,0.02666667,0.09999997,0.7166661,0.11333329,0.02666667,0.0033333334,0.0,0.0,0.0,0.0,0.0,0.0,0.0,0.0
310,1986,1093,14.0,7,2022,2022-10-23,19:00:00,americas,alonso,alpine,1,2,2,7.0,6.0,,,0.02666667,0.056666672,0.03666667,0.016666668,0.006666667,0.02666667,0.006666667,0.050000004,0.07,0.38999972,0.21666653,0.07999999,0.013333334,0.0033333334,0.0,0.0,0.0,0.0,0.0,0.0
311,1987,1093,10.0,8,2022,2022-10-23,19:00:00,americas,vettel,aston_martin,1,36,3,2.0,11.0,,,0.0033333334,0.07666666,0.020000001,0.006666667,0.01,0.006666667,0.0,0.01,0.033333335,0.09999997,0.64333284,0.08999998,0.0,0.0,0.0,0.0,0.0,0.0,0.0,0.0
312,1988,1093,13.0,9,2022,2022-10-23,19:00:00,americas,kevin_magnussen,haas,1,13,6,4.0,14.333333333333334,14.0,0.3333333333333333,0.0,0.16999991,0.020000001,0.023333335,0.0033333334,0.0,0.006666667,0.01,0.020000001,0.033333335,0.07999999,0.6166662,0.006666667,0.01,0.0,0.0,0.0,0.0,0.0,0.0
313,1989,1093,19.0,10,2022,2022-10-23,19:00:00,americas,tsunoda,alphatauri,1,34,1,9.0,14.333333333333334,,,0.0,0.5733329,0.09999997,0.11999995,0.0,0.0,0.01,0.0,0.0,0.01,0.043333337,0.10666663,0.02666667,0.006666667,0.0033333334,0.0,0.0,0.0,0.0,0.0
314,1990,1093,0.0,11,2022,2022-10-23,19:00:00,americas,ocon,alpine,1,23,2,-11.0,12.0,,,0.0,0.25333318,0.503333,0.060000006,0.0,0.0,0.0,0.0033333334,0.0,0.013333334,0.0,0.030000003,0.04666667,0.016666668,0.02666667,0.01,0.020000001,0.016666668,0.0,0.0
315,1991,1093,18.0,12,2022,2022-10-23,19:00:00,americas,zhou,alfa,1,37,0,6.0,12.333333333333334,,,0.0,0.033333335,0.11333329,0.5699996,0.0,0.0,0.0,0.0,0.0,0.0,0.006666667,0.013333334,0.15666659,0.07999999,0.013333334,0.013333334,0.0,0.0,0.0,0.0
316,1992,1093,8.0,13,2022,2022-10-23,19:00:00,americas,albon,williams,1,1,15,-5.0,16.333333333333332,,,0.0,0.023333335,0.06333334,0.20999987,0.0,0.0,0.0033333334,0.0033333334,0.006666667,0.013333334,0.006666667,0.023333335,0.5166663,0.01,0.033333335,0.03666667,0.020000001,0.023333335,0.006666667,0.0
317,1993,1093,11.0,14,2022,2022-10-23,19:00:00,americas,gasly,alphatauri,1,8,1,-3.0,9.666666666666666,12.0,-2.333333333333333,0.0,0.0033333334,0.020000001,0.02666667,0.0,0.0,0.0,0.0,0.0,0.0033333334,0.006666667,0.0033333334,0.19999988,0.5633329,0.09666664,0.03666667,0.020000001,0.020000001,0.0,0.0
318,1994,1093,16.0,15,2022,2022-10-23,19:00:00,americas,mick_schumacher,haas,1,21,6,1.0,14.666666666666666,14.0,0.6666666666666666,0.0,0.0,0.0,0.0033333334,0.0,0.0,0.0,0.0,0.0033333334,0.0,0.0,0.0,0.030000003,0.16999991,0.6699995,0.09333331,0.023333335,0.006666667,0.0,0.0
319,1995,1093,15.0,16,2022,2022-10-23,19:00:00,americas,ricciardo,mclaren,1,28,7,-1.0,10.333333333333334,,,0.0,0.0,0.006666667,0.01,0.0,0.0,0.0,0.0,0.0,0.0,0.0,0.0,0.06666667,0.11999995,0.25333318,0.42333302,0.06666667,0.030000003,0.013333334,0.01
320,1996,1093,17.0,17,2022,2022-10-23,19:00:00,americas,latifi,williams,1,16,15,0.0,16.333333333333332,,,0.0,0.0,0.0033333334,0.0,0.0,0.0,0.0,0.0,0.0,0.0,0.0,0.0033333334,0.0033333334,0.006666667,0.033333335,0.12333328,0.6266662,0.17333324,0.023333335,0.0033333334
321,2000,1094,1.0,1,2022,2022-10-30,20:00:00,rodriguez,max_verstappen,red_bull,21,19,11,0.0,3.6666666666666665,3.0,0.6666666666666666,0.96333253,0.0,0.0,0.0,0.033333335,0.0,0.0033333334,0.0,0.0,0.0,0.0,0.0,0.0,0.0,0.0,0.0,0.0,0.0,0.0,0.0
322,2001,1094,3.0,2,2022,2022-10-30,20:00:00,rodriguez,hamilton,mercedes,21,11,8,1.0,4.0,5.333333333333333,-1.3333333333333333,0.08333332,0.0,0.0,0.0,0.86666596,0.03666667,0.006666667,0.006666667,0.0,0.0,0.0,0.0,0.0,0.0,0.0,0.0,0.0,0.0,0.0,0.0
323,2002,1094,4.0,3,2022,2022-10-30,20:00:00,rodriguez,perez,red_bull,21,24,11,1.0,5.0,2.333333333333333,2.6666666666666665,0.020000001,0.0,0.0,0.0,0.11333329,0.75333273,0.09333331,0.013333334,0.0033333334,0.0033333334,0.0,0.0,0.0,0.0,0.0,0.0,0.0,0.0,0.0,0.0
324,2003,1094,2.0,4,2022,2022-10-30,20:00:00,rodriguez,russell,mercedes,21,29,8,-2.0,4.0,9.0,-5.0,0.0033333334,0.0,0.0033333334,0.0,0.020000001,0.16999991,0.6366662,0.13999994,0.006666667,0.0033333334,0.01,0.0,0.0033333334,0.0,0.0,0.0033333334,0.0,0.0,0.0,0.0
325,2004,1094,5.0,5,2022,2022-10-30,20:00:00,rodriguez,sainz,ferrari,21,30,4,0.0,2.6666666666666665,,,0.0033333334,0.0033333334,0.0,0.0,0.023333335,0.02666667,0.07666666,0.8299993,0.023333335,0.006666667,0.006666667,0.0,0.0,0.0,0.0,0.0,0.0,0.0,0.0,0.0
326,2005,1094,7.0,6,2022,2022-10-30,20:00:00,rodriguez,leclerc,ferrari,21,18,4,1.0,5.0,2.6666666666666665,2.333333333333333,0.0033333334,0.0033333334,0.0,0.0033333334,0.016666668,0.07333333,0.13333328,0.1799999,0.42999968,0.11999995,0.013333334,0.013333334,0.0,0.0,0.0,0.0033333334,0.0,0.006666667,0.0,0.0
327,2006,1094,11.0,7,2022,2022-10-30,20:00:00,rodriguez,ricciardo,mclaren,21,28,7,4.0,14.0,10.666666666666666,3.333333333333333,0.0,0.050000004,0.006666667,0.006666667,0.0,0.006666667,0.013333334,0.006666667,0.10666663,0.66666615,0.09999997,0.033333335,0.0,0.0033333334,0.0,0.0,0.0,0.0,0.0,0.0
328,2007,1094,10.0,8,2022,2022-10-30,20:00:00,rodriguez,ocon,alpine,21,23,2,2.0,7.333333333333333,,,0.0,0.033333335,0.01,0.01,0.0,0.0033333334,0.006666667,0.02666667,0.013333334,0.07,0.66666615,0.14999993,0.01,0.0,0.0,0.0,0.0,0.0,0.0,0.0
329,2008,1094,8.0,9,2022,2022-10-30,20:00:00,rodriguez,norris,mclaren,21,22,7,-1.0,7.333333333333333,6.666666666666667,0.6666666666666666,0.0,0.08999998,0.050000004,0.0033333334,0.0,0.0,0.006666667,0.030000003,0.030000003,0.050000004,0.08999998,0.63333285,0.013333334,0.0,0.0,0.0,0.0,0.0033333334,0.0,0.0
330,2009,1094,6.0,10,2022,2022-10-30,20:00:00,rodriguez,bottas,alfa,21,4,0,-4.0,11.333333333333334,,,0.0,0.4866663,0.1466666,0.013333334,0.0,0.0,0.0,0.01,0.0,0.033333335,0.11999995,0.15666659,0.01,0.006666667,0.006666667,0.0033333334,0.006666667,0.0,0.0,0.0
331,2010,1094,14.0,11,2022,2022-10-30,20:00:00,rodriguez,gasly,alphatauri,21,8,1,3.0,11.666666666666666,14.0,-2.333333333333333,0.0033333334,0.19666655,0.6066662,0.07999999,0.0,0.0,0.0,0.0,0.0,0.006666667,0.016666668,0.01,0.040000003,0.02666667,0.0033333334,0.0,0.0033333334,0.0,0.006666667,0.0
332,2011,1094,17.0,12,2022,2022-10-30,20:00:00,rodriguez,albon,williams,21,1,15,5.0,14.0,,,0.0,0.020000001,0.13333328,0.6966661,0.0,0.0,0.0,0.0,0.0033333334,0.0,0.0033333334,0.03666667,0.06333334,0.02666667,0.01,0.006666667,0.0,0.0,0.0,0.0
333,2012,1094,12.0,13,2022,2022-10-30,20:00:00,rodriguez,zhou,alfa,21,37,0,-1.0,15.333333333333334,,,0.0,0.016666668,0.06333334,0.12999995,0.0,0.0,0.0,0.0,0.0,0.01,0.013333334,0.0,0.6599995,0.06333334,0.02666667,0.01,0.006666667,0.0,0.0,0.0
334,2013,1094,16.0,14,2022,2022-10-30,20:00:00,rodriguez,vettel,aston_martin,21,36,3,2.0,10.666666666666666,7.333333333333333,3.333333333333333,0.0,0.016666668,0.01,0.05333334,0.0,0.0,0.0,0.0033333334,0.020000001,0.0,0.006666667,0.006666667,0.05333334,0.59999955,0.1899999,0.02666667,0.013333334,0.0,0.0,0.0
335,2014,1094,20.0,15,2022,2022-10-30,20:00:00,rodriguez,stroll,aston_martin,21,33,3,5.0,11.666666666666666,,,0.0,0.01,0.0,0.040000003,0.0,0.0,0.0,0.0,0.0,0.0,0.006666667,0.0033333334,0.10999996,0.3333331,0.40333304,0.08333332,0.01,0.0,0.0,0.0
336,2015,1094,15.0,16,2022,2022-10-30,20:00:00,rodriguez,mick_schumacher,haas,21,21,6,-1.0,14.333333333333334,15.0,-0.6666666666666666,0.0,0.0,0.0,0.0033333334,0.0,0.0,0.0,0.0,0.0,0.0,0.0,0.0033333334,0.01,0.04666667,0.19333322,0.54666626,0.13333328,0.040000003,0.023333335,0.0
337,2016,1094,19.0,17,2022,2022-10-30,20:00:00,rodriguez,kevin_magnussen,haas,21,13,6,2.0,13.333333333333334,11.666666666666666,1.6666666666666667,0.0,0.0,0.0,0.0033333334,0.0,0.0,0.0,0.0,0.0,0.0,0.0,0.0,0.0,0.030000003,0.040000003,0.06333334,0.7599994,0.09333331,0.01,0.0
338,2017,1094,18.0,18,2022,2022-10-30,20:00:00,rodriguez,latifi,williams,21,16,15,0.0,18.666666666666668,,,0.0,0.0,0.0,0.0,0.0,0.0,0.0,0.0,0.0,0.0,0.0,0.0,0.0,0.0,0.01,0.013333334,0.1799999,0.6633328,0.12666662,0.006666667
339,2018,1094,9.0,19,2022,2022-10-30,20:00:00,rodriguez,alonso,alpine,21,2,2,-10.0,8.666666666666666,,,0.0,0.01,0.03666667,0.02666667,0.0,0.0,0.0033333334,0.0033333334,0.0033333334,0.0033333334,0.0033333334,0.023333335,0.08999998,0.13666661,0.2899998,0.07,0.14999993,0.016666668,0.10999996,0.023333335
340,2020,1095,1.0,1,2022,2022-11-13,18:00:00,interlagos,russell,mercedes,8,29,8,0.0,4.666666666666667,5.666666666666667,-1.0,0.8599993,0.0,0.0,0.0,0.07,0.030000003,0.023333335,0.013333334,0.0033333334,0.0,0.0,0.0,0.0,0.0,0.0,0.0,0.0,0.0,0.0,0.0
341,2021,1095,2.0,2,2022,2022-11-13,18:00:00,interlagos,hamilton,mercedes,8,11,8,0.0,4.0,3.0,1.0,0.09999997,0.0,0.0,0.0,0.8733326,0.02666667,0.0,0.0,0.0,0.0,0.0,0.0,0.0,0.0,0.0,0.0,0.0,0.0,0.0,0.0
342,2022,1095,7.0,3,2022,2022-11-13,18:00:00,interlagos,sainz,ferrari,8,30,4,4.0,3.0,,,0.016666668,0.006666667,0.0,0.0,0.31333312,0.3766664,0.08333332,0.13333328,0.02666667,0.023333335,0.020000001,0.0,0.0,0.0,0.0,0.0,0.0,0.0,0.0,0.0
343,2023,1095,5.0,4,2022,2022-11-13,18:00:00,interlagos,leclerc,ferrari,8,18,4,1.0,7.0,4.0,3.0,0.006666667,0.0033333334,0.0,0.0,0.03666667,0.09666664,0.76666605,0.07,0.01,0.006666667,0.0,0.0,0.0,0.0,0.0,0.0033333334,0.0,0.0,0.0,0.0
344,2024,1095,17.0,5,2022,2022-11-13,18:00:00,interlagos,alonso,alpine,8,2,2,12.0,10.0,11.0,-1.0,0.0033333334,0.06666667,0.07333333,0.03666667,0.01,0.0033333334,0.04666667,0.41333303,0.06666667,0.05333334,0.07,0.13666661,0.006666667,0.01,0.0033333334,0.0,0.0,0.0,0.0,0.0
345,2025,1095,3.0,6,2022,2022-11-13,18:00:00,interlagos,max_verstappen,red_bull,8,19,11,-3.0,1.3333333333333333,1.0,0.3333333333333333,0.01,0.0,0.0,0.0,0.023333335,0.04666667,0.06333334,0.23333319,0.47999963,0.11666662,0.016666668,0.01,0.0,0.0,0.0,0.0,0.0,0.0,0.0,0.0
346,2026,1095,4.0,7,2022,2022-11-13,18:00:00,interlagos,perez,red_bull,8,24,11,-3.0,5.666666666666667,3.0,2.6666666666666665,0.0,0.03666667,0.0033333334,0.006666667,0.006666667,0.013333334,0.060000006,0.04666667,0.20666654,0.54333293,0.056666672,0.006666667,0.0,0.0033333334,0.0,0.0,0.0033333334,0.006666667,0.0,0.0
347,2027,1095,16.0,8,2022,2022-11-13,18:00:00,interlagos,ocon,alpine,8,23,2,8.0,5.0,7.666666666666667,-2.6666666666666665,0.006666667,0.1033333,0.03666667,0.020000001,0.01,0.02666667,0.030000003,0.07333333,0.02666667,0.1466666,0.42999968,0.07,0.013333334,0.006666667,0.0,0.0,0.0,0.0,0.0,0.0
348,2028,1095,14.0,9,2022,2022-11-13,18:00:00,interlagos,bottas,alfa,8,4,0,5.0,8.333333333333334,,,0.006666667,0.22666653,0.20333321,0.020000001,0.0,0.0,0.0,0.01,0.0033333334,0.07666666,0.2133332,0.21666653,0.013333334,0.0,0.006666667,0.0,0.0033333334,0.0,0.0,0.0
349,2029,1095,15.0,10,2022,2022-11-13,18:00:00,interlagos,stroll,aston_martin,8,33,3,5.0,14.666666666666666,,,0.0,0.71999943,0.13666661,0.043333337,0.0,0.0,0.0033333334,0.0,0.0,0.006666667,0.04666667,0.033333335,0.006666667,0.0,0.0033333334,0.0,0.0,0.0,0.0,0.0
350,2030,1095,9.0,11,2022,2022-11-13,18:00:00,interlagos,vettel,aston_martin,8,36,3,-2.0,11.666666666666666,9.333333333333334,2.333333333333333,0.0,0.1899999,0.6399995,0.08666665,0.0,0.0033333334,0.0,0.0,0.0,0.0,0.01,0.030000003,0.030000003,0.006666667,0.0033333334,0.0,0.0,0.0,0.0,0.0
351,2031,1095,13.0,12,2022,2022-11-13,18:00:00,interlagos,zhou,alfa,8,37,0,1.0,14.666666666666666,13.666666666666666,1.0,0.0,0.030000003,0.07999999,0.6266662,0.0,0.0,0.0,0.0,0.0,0.0,0.006666667,0.013333334,0.13333328,0.050000004,0.03666667,0.023333335,0.0,0.0,0.0,0.0
352,2032,1095,12.0,13,2022,2022-11-13,18:00:00,interlagos,mick_schumacher,haas,8,21,6,-1.0,15.333333333333334,16.0,-0.6666666666666666,0.0,0.033333335,0.060000006,0.09333331,0.0,0.0,0.0,0.0,0.0,0.0033333334,0.0033333334,0.006666667,0.65666616,0.03666667,0.030000003,0.04666667,0.016666668,0.01,0.0033333334,0.0
353,2033,1095,10.0,14,2022,2022-11-13,18:00:00,interlagos,gasly,alphatauri,8,8,1,-4.0,14.0,14.333333333333334,-0.3333333333333333,0.0,0.030000003,0.016666668,0.08333332,0.0,0.0,0.0,0.0,0.0,0.0033333334,0.0,0.0033333334,0.12666662,0.5066663,0.05333334,0.16333325,0.0,0.013333334,0.0,0.0
354,2034,1095,19.0,15,2022,2022-11-13,18:00:00,interlagos,albon,williams,8,1,15,4.0,13.666666666666666,,,0.0,0.013333334,0.013333334,0.030000003,0.0,0.0,0.0,0.0,0.0,0.0,0.0,0.016666668,0.023333335,0.13999994,0.50999963,0.24999984,0.0033333334,0.0,0.0,0.0
355,2035,1095,18.0,16,2022,2022-11-13,18:00:00,interlagos,latifi,williams,8,16,15,2.0,18.33333333333333,14.666666666666666,3.6666666666666665,0.0,0.0,0.006666667,0.0033333334,0.0,0.0,0.0,0.0,0.0,0.0,0.0033333334,0.0,0.006666667,0.01,0.056666672,0.78999937,0.07666666,0.040000003,0.006666667,0.0
356,2036,1095,0.0,17,2022,2022-11-13,18:00:00,interlagos,tsunoda,alphatauri,8,34,1,-17.0,15.0,,,0.0,0.01,0.0,0.08999998,0.0,0.0,0.0,0.0033333334,0.0,0.01,0.0033333334,0.0,0.040000003,0.006666667,0.08999998,0.06666667,0.60999954,0.043333337,0.0,0.02666667
357,2040,1096,1.0,1,2022,2022-11-20,13:00:00,yas_marina,max_verstappen,red_bull,29,19,11,0.0,2.0,2.6666666666666665,-0.6666666666666666,0.9699992,0.0,0.0,0.0,0.030000003,0.0,0.0,0.0,0.0,0.0,0.0,0.0,0.0,0.0,0.0,0.0,0.0,0.0,0.0,0.0
358,2041,1096,3.0,2,2022,2022-11-20,13:00:00,yas_marina,leclerc,ferrari,29,18,4,1.0,8.0,4.333333333333333,3.6666666666666665,0.060000006,0.0,0.0,0.0,0.7299994,0.1899999,0.01,0.01,0.0,0.0,0.0,0.0,0.0,0.0,0.0,0.0,0.0,0.0,0.0,0.0
359,2042,1096,2.0,3,2022,2022-11-20,13:00:00,yas_marina,perez,red_bull,29,24,11,-1.0,5.666666666666667,4.666666666666667,1.0,0.023333335,0.0,0.0,0.0,0.14333327,0.7599994,0.056666672,0.016666668,0.0,0.0,0.0,0.0,0.0,0.0,0.0,0.0,0.0,0.0,0.0,0.0
360,2043,1096,4.0,4,2022,2022-11-20,13:00:00,yas_marina,sainz,ferrari,29,30,4,0.0,4.333333333333333,,,0.006666667,0.0,0.0,0.0,0.013333334,0.03666667,0.846666,0.07333333,0.023333335,0.0,0.0,0.0,0.0,0.0,0.0,0.0,0.0,0.0,0.0,0.0
361,2044,1096,6.0,5,2022,2022-11-20,13:00:00,yas_marina,russell,mercedes,29,29,8,1.0,2.333333333333333,3.333333333333333,-1.0,0.020000001,0.0,0.0,0.0,0.030000003,0.05333334,0.19666655,0.50999963,0.13666661,0.040000003,0.013333334,0.0,0.0,0.0,0.0,0.0,0.0,0.0,0.0,0.0
362,2045,1096,7.0,6,2022,2022-11-20,13:00:00,yas_marina,norris,mclaren,29,22,7,1.0,6.666666666666667,,,0.0,0.0,0.0,0.0,0.0033333334,0.006666667,0.05333334,0.17333324,0.59999955,0.10999996,0.033333335,0.020000001,0.0,0.0,0.0,0.0,0.0,0.0,0.0,0.0
363,2046,1096,8.0,7,2022,2022-11-20,13:00:00,yas_marina,ocon,alpine,29,23,2,1.0,8.666666666666666,9.0,-0.3333333333333333,0.0,0.0,0.006666667,0.0,0.006666667,0.0,0.01,0.01,0.05333334,0.77666605,0.09666664,0.040000003,0.0,0.0,0.0,0.0,0.0,0.0,0.0,0.0
364,2047,1096,14.0,8,2022,2022-11-20,13:00:00,yas_marina,stroll,aston_martin,29,33,3,6.0,13.333333333333334,,,0.0,0.07999999,0.033333335,0.01,0.0,0.0033333334,0.013333334,0.0,0.0033333334,0.016666668,0.7799994,0.060000006,0.0,0.0,0.0,0.0,0.0,0.0,0.0,0.0
365,2048,1096,13.0,9,2022,2022-11-20,13:00:00,yas_marina,ricciardo,mclaren,29,28,7,4.0,12.333333333333334,,,0.0,0.15999992,0.030000003,0.006666667,0.0,0.0,0.0033333334,0.0,0.013333334,0.013333334,0.11333329,0.6533328,0.006666667,0.0,0.0,0.0,0.0,0.0,0.0,0.0
366,2049,1096,9.0,10,2022,2022-11-20,13:00:00,yas_marina,vettel,aston_martin,29,36,3,-1.0,11.666666666666666,11.0,0.6666666666666666,0.0,0.5866662,0.16666658,0.040000003,0.0,0.0033333334,0.0033333334,0.0033333334,0.006666667,0.013333334,0.020000001,0.13999994,0.013333334,0.0033333334,0.0,0.0,0.0,0.0,0.0,0.0
367,2050,1096,11.0,11,2022,2022-11-20,13:00:00,yas_marina,tsunoda,alphatauri,29,34,1,0.0,10.666666666666666,,,0.0,0.1033333,0.7633327,0.07333333,0.0,0.0,0.0,0.0,0.0,0.0033333334,0.013333334,0.013333334,0.023333335,0.0033333334,0.0033333334,0.0,0.0,0.0,0.0,0.0
368,2051,1096,15.0,12,2022,2022-11-20,13:00:00,yas_marina,zhou,alfa,29,37,0,3.0,14.333333333333334,12.333333333333334,2.0,0.0,0.050000004,0.16333325,0.6699995,0.0,0.0,0.0,0.0,0.0,0.0,0.01,0.006666667,0.06666667,0.020000001,0.01,0.0,0.0033333334,0.0,0.0,0.0
369,2052,1096,19.0,13,2022,2022-11-20,13:00:00,yas_marina,albon,williams,29,1,15,6.0,14.666666666666666,13.333333333333334,1.3333333333333333,0.0,0.030000003,0.01,0.12666662,0.0,0.0,0.0033333334,0.0033333334,0.0033333334,0.0,0.0,0.02666667,0.5266663,0.18666656,0.06666667,0.013333334,0.0,0.0,0.0033333334,0.0
370,2053,1096,17.0,14,2022,2022-11-20,13:00:00,yas_marina,gasly,alphatauri,29,8,1,3.0,11.666666666666666,13.0,-1.3333333333333333,0.0,0.0033333334,0.03666667,0.07999999,0.0,0.0,0.0033333334,0.0,0.0033333334,0.0,0.0,0.0033333334,0.13666661,0.61333287,0.08333332,0.030000003,0.0033333334,0.0,0.0033333334,0.0
371,2054,1096,18.0,15,2022,2022-11-20,13:00:00,yas_marina,bottas,alfa,29,4,0,3.0,9.0,,,0.0,0.030000003,0.02666667,0.020000001,0.0,0.0,0.0,0.0,0.0,0.006666667,0.006666667,0.01,0.013333334,0.1799999,0.64333284,0.056666672,0.006666667,0.0,0.0,0.0
372,2055,1096,12.0,16,2022,2022-11-20,13:00:00,yas_marina,mick_schumacher,haas,29,21,6,-4.0,14.333333333333334,14.666666666666666,-0.3333333333333333,0.0,0.0033333334,0.006666667,0.033333335,0.0,0.0,0.0,0.0,0.0,0.0,0.0033333334,0.0,0.09333331,0.08999998,0.08333332,0.61333287,0.023333335,0.040000003,0.01,0.0
373,2056,1096,16.0,17,2022,2022-11-20,13:00:00,yas_marina,kevin_magnussen,haas,29,13,6,-1.0,13.333333333333334,,,0.0,0.0,0.0033333334,0.0,0.0,0.0,0.0,0.0,0.0,0.0,0.0,0.0,0.0033333334,0.01,0.07,0.14999993,0.54666626,0.13666661,0.050000004,0.030000003
374,2057,1096,5.0,18,2022,2022-11-20,13:00:00,yas_marina,hamilton,mercedes,29,11,8,-13.0,2.6666666666666665,2.0,0.6666666666666666,0.0,0.040000003,0.05333334,0.01,0.006666667,0.030000003,0.02666667,0.060000006,0.030000003,0.056666672,0.05333334,0.013333334,0.02666667,0.06333334,0.11333329,0.06666667,0.03666667,0.24333318,0.023333335,0.04666667
375,2058,1096,20.0,19,2022,2022-11-20,13:00:00,yas_marina,latifi,williams,29,16,15,1.0,17.666666666666668,17.0,0.6666666666666666,0.0,0.0,0.0033333334,0.0,0.0,0.0,0.0,0.0,0.0,0.0033333334,0.0,0.0033333334,0.0,0.0,0.006666667,0.030000003,0.07333333,0.3099998,0.5499996,0.020000001
376,2060,1098,1.0,1,2023,2023-03-05,15:00:00,bahrain,max_verstappen,red_bull,2,19,11,0.0,1.6666666666666667,2.6666666666666665,-1.0,0.9899992,0.0,0.0,0.0,0.01,0.0,0.0,0.0,0.0,0.0,0.0,0.0,0.0,0.0,0.0,0.0,0.0,0.0,0.0,0.0
377,2061,1098,2.0,2,2023,2023-03-05,15:00:00,bahrain,perez,red_bull,2,24,11,0.0,3.333333333333333,4.333333333333333,-1.0,0.16666658,0.0,0.0,0.0,0.8033327,0.020000001,0.01,0.0,0.0,0.0,0.0,0.0,0.0,0.0,0.0,0.0,0.0,0.0,0.0,0.0
378,2062,1098,5.0,3,2023,2023-03-05,15:00:00,bahrain,alonso,aston_martin,2,2,3,2.0,12.0,,,0.040000003,0.0,0.0033333334,0.0,0.07666666,0.5699996,0.14999993,0.09333331,0.03666667,0.020000001,0.0033333334,0.0033333334,0.0,0.0,0.0,0.0,0.0033333334,0.0,0.0,0.0
379,2063,1098,4.0,4,2023,2023-03-05,15:00:00,bahrain,sainz,ferrari,2,30,4,0.0,5.333333333333333,4.0,1.3333333333333333,0.006666667,0.0,0.0,0.0,0.01,0.10666663,0.78999937,0.03666667,0.050000004,0.0,0.0,0.0,0.0,0.0,0.0,0.0,0.0,0.0,0.0,0.0
380,2064,1098,7.0,5,2023,2023-03-05,15:00:00,bahrain,hamilton,mercedes,2,11,8,2.0,3.333333333333333,7.333333333333333,-4.0,0.013333334,0.0,0.0,0.0033333334,0.07,0.033333335,0.060000006,0.7266661,0.023333335,0.050000004,0.016666668,0.0033333334,0.0,0.0,0.0,0.0,0.0,0.0,0.0,0.0
381,2065,1098,8.0,6,2023,2023-03-05,15:00:00,bahrain,stroll,aston_martin,2,33,3,2.0,16.333333333333332,11.0,5.333333333333333,0.0,0.016666668,0.01,0.0033333334,0.0,0.0033333334,0.016666668,0.13333328,0.5733329,0.16333325,0.04666667,0.02666667,0.0,0.0,0.0033333334,0.0033333334,0.0,0.0,0.0,0.0
382,2066,1098,6.0,7,2023,2023-03-05,15:00:00,bahrain,russell,mercedes,2,29,8,-1.0,3.0,3.333333333333333,-0.3333333333333333,0.0,0.01,0.0,0.006666667,0.040000003,0.02666667,0.11999995,0.16333325,0.13666661,0.42666635,0.06666667,0.0,0.0033333334,0.0,0.0,0.0,0.0,0.0,0.0,0.0
383,2067,1098,12.0,8,2023,2023-03-05,15:00:00,bahrain,bottas,alfa,2,4,0,4.0,12.666666666666666,11.333333333333334,1.3333333333333333,0.0,0.02666667,0.013333334,0.0033333334,0.0033333334,0.01,0.006666667,0.016666668,0.023333335,0.13999994,0.68999946,0.060000006,0.0,0.0,0.0033333334,0.0033333334,0.0,0.0,0.0,0.0
384,2068,1098,20.0,9,2023,2023-03-05,15:00:00,bahrain,gasly,alpine,2,8,2,11.0,13.666666666666666,13.0,0.6666666666666666,0.0,0.19666655,0.056666672,0.07333333,0.0,0.0,0.0033333334,0.020000001,0.0033333334,0.030000003,0.06666667,0.51333296,0.0033333334,0.02666667,0.0,0.0033333334,0.0,0.0033333334,0.0,0.0
385,2069,1098,15.0,10,2023,2023-03-05,15:00:00,bahrain,albon,williams,2,1,15,5.0,18.33333333333333,13.333333333333334,5.0,0.0,0.5199996,0.15999992,0.12999995,0.0,0.01,0.006666667,0.0,0.01,0.0,0.01,0.10999996,0.013333334,0.01,0.020000001,0.0,0.0,0.0,0.0,0.0
386,2070,1098,14.0,11,2023,2023-03-05,15:00:00,bahrain,tsunoda,alphatauri,2,34,1,3.0,8.0,,,0.0,0.11333329,0.61333287,0.07999999,0.0033333334,0.0033333334,0.0,0.013333334,0.01,0.023333335,0.02666667,0.043333337,0.040000003,0.016666668,0.006666667,0.0033333334,0.0033333334,0.0,0.0,0.0
387,2071,1098,16.0,12,2023,2023-03-05,15:00:00,bahrain,sargeant,williams,2,31,15,4.0,,,,0.0,0.07999999,0.12666662,0.5699996,0.0,0.0,0.0,0.0,0.0,0.0,0.0033333334,0.023333335,0.08333332,0.043333337,0.04666667,0.023333335,0.0,0.0,0.0,0.0
388,2072,1098,17.0,13,2023,2023-03-05,15:00:00,bahrain,kevin_magnussen,haas,2,13,6,4.0,14.333333333333334,,,0.0,0.013333334,0.03666667,0.10999996,0.0,0.0,0.0,0.0,0.0,0.0,0.0,0.0033333334,0.73333275,0.07666666,0.013333334,0.006666667,0.006666667,0.0,0.0,0.0
389,2073,1098,19.0,14,2023,2023-03-05,15:00:00,bahrain,de_vries,alphatauri,2,6,1,5.0,,,,0.0,0.013333334,0.030000003,0.08333332,0.0,0.0,0.0,0.0,0.0,0.006666667,0.0033333334,0.01,0.19333322,0.53333294,0.09999997,0.016666668,0.0033333334,0.006666667,0.0,0.0
390,2074,1098,10.0,15,2023,2023-03-05,15:00:00,bahrain,hulkenberg,haas,2,12,6,-5.0,18.0,12.333333333333334,5.666666666666667,0.0,0.0033333334,0.02666667,0.09999997,0.0,0.0,0.0,0.0,0.0,0.0,0.0,0.0,0.12999995,0.18666656,0.2666665,0.13333328,0.040000003,0.10666663,0.006666667,0.0
391,2075,1098,13.0,16,2023,2023-03-05,15:00:00,bahrain,zhou,alfa,2,37,0,-3.0,13.333333333333334,12.333333333333334,1.0,0.0,0.006666667,0.0033333334,0.030000003,0.0,0.0,0.0,0.0,0.0,0.0,0.0,0.006666667,0.043333337,0.08999998,0.16333325,0.42333302,0.1466666,0.043333337,0.043333337,0.0
392,2076,1098,11.0,17,2023,2023-03-05,15:00:00,bahrain,norris,mclaren,2,22,7,-6.0,7.0,,,0.0,0.013333334,0.016666668,0.020000001,0.0,0.0,0.0,0.0,0.0033333334,0.0033333334,0.02666667,0.01,0.06666667,0.19666655,0.043333337,0.08666665,0.43999967,0.050000004,0.023333335,0.0
393,2080,1099,1.0,1,2023,2023-03-19,17:00:00,jeddah,perez,red_bull,10,24,11,0.0,2.6666666666666665,4.0,-1.3333333333333333,0.89999926,0.0,0.0,0.0,0.08666665,0.006666667,0.0033333334,0.0,0.0,0.0,0.0033333334,0.0,0.0,0.0,0.0,0.0,0.0,0.0,0.0,0.0
394,2081,1099,15.0,2,2023,2023-03-19,17:00:00,jeddah,max_verstappen,red_bull,10,19,11,13.0,1.6666666666666667,2.6666666666666665,-1.0,0.23333319,0.04666667,0.016666668,0.0,0.24333318,0.06666667,0.056666672,0.16333325,0.04666667,0.013333334,0.07333333,0.006666667,0.006666667,0.0,0.0,0.023333335,0.0,0.0033333334,0.0,0.0
395,2082,1099,2.0,3,2023,2023-03-19,17:00:00,jeddah,alonso,aston_martin,10,2,3,-1.0,10.666666666666666,,,0.050000004,0.0,0.0033333334,0.0,0.07999999,0.72333276,0.040000003,0.023333335,0.03666667,0.020000001,0.016666668,0.0033333334,0.0,0.0,0.0,0.0,0.0033333334,0.0,0.0,0.0
396,2083,1099,3.0,4,2023,2023-03-19,17:00:00,jeddah,russell,mercedes,10,29,8,-1.0,4.333333333333333,4.333333333333333,0.0,0.030000003,0.0,0.0,0.0,0.040000003,0.06333334,0.74333274,0.12333328,0.0,0.0,0.0,0.0,0.0,0.0,0.0,0.0,0.0,0.0,0.0,0.0
397,2084,1099,7.0,5,2023,2023-03-19,17:00:00,jeddah,hamilton,mercedes,10,11,8,2.0,4.666666666666667,8.333333333333334,-3.6666666666666665,0.0,0.0033333334,0.0,0.0033333334,0.030000003,0.056666672,0.09999997,0.74333274,0.020000001,0.030000003,0.01,0.0033333334,0.0,0.0,0.0,0.0,0.0,0.0,0.0,0.0
398,2085,1099,4.0,6,2023,2023-03-19,17:00:00,jeddah,sainz,ferrari,10,30,4,-2.0,5.0,3.6666666666666665,1.3333333333333333,0.0,0.0,0.0,0.0,0.0033333334,0.020000001,0.11333329,0.24999984,0.48999962,0.07,0.040000003,0.0,0.0,0.0033333334,0.0033333334,0.0033333334,0.0033333334,0.0,0.0,0.0
399,2086,1099,12.0,7,2023,2023-03-19,17:00:00,jeddah,leclerc,ferrari,10,18,4,5.0,3.6666666666666665,,,0.006666667,0.020000001,0.0033333334,0.006666667,0.01,0.02666667,0.060000006,0.19333322,0.13999994,0.37999973,0.14333327,0.006666667,0.0,0.0,0.0033333334,0.0,0.0,0.0,0.0,0.0
400,2087,1099,6.0,8,2023,2023-03-19,17:00:00,jeddah,ocon,alpine,10,23,2,-2.0,11.0,,,0.0,0.016666668,0.006666667,0.0,0.0,0.0,0.0033333334,0.01,0.056666672,0.15999992,0.60999954,0.13666661,0.0,0.0,0.0,0.0,0.0,0.0,0.0,0.0
401,2088,1099,9.0,9,2023,2023-03-19,17:00:00,jeddah,gasly,alpine,10,8,2,0.0,15.666666666666666,12.333333333333334,3.333333333333333,0.0,0.13333328,0.060000006,0.040000003,0.0,0.0033333334,0.0033333334,0.0,0.043333337,0.020000001,0.10999996,0.57999957,0.0033333334,0.0,0.0033333334,0.0,0.0,0.0,0.0,0.0
402,2089,1099,13.0,10,2023,2023-03-19,17:00:00,jeddah,kevin_magnussen,haas,10,13,6,3.0,13.666666666666666,,,0.0,0.8399993,0.04666667,0.02666667,0.0,0.0,0.0,0.0,0.0033333334,0.0,0.030000003,0.043333337,0.01,0.0,0.0,0.0,0.0,0.0,0.0,0.0
403,2090,1099,16.0,11,2023,2023-03-19,17:00:00,jeddah,tsunoda,alphatauri,10,34,1,5.0,8.333333333333334,13.0,-4.666666666666667,0.0,0.08666665,0.6399995,0.12999995,0.0033333334,0.0,0.0,0.013333334,0.020000001,0.013333334,0.030000003,0.016666668,0.016666668,0.016666668,0.006666667,0.0,0.006666667,0.0,0.0,0.0
404,2091,1099,10.0,12,2023,2023-03-19,17:00:00,jeddah,hulkenberg,haas,10,12,6,-2.0,14.666666666666666,14.666666666666666,0.0,0.0,0.06666667,0.13999994,0.6066662,0.0,0.0,0.0,0.0,0.0,0.0,0.0033333334,0.006666667,0.10666663,0.020000001,0.006666667,0.040000003,0.0033333334,0.0,0.0,0.0
405,2092,1099,11.0,13,2023,2023-03-19,17:00:00,jeddah,zhou,alfa,10,37,0,-2.0,13.666666666666666,13.333333333333334,0.3333333333333333,0.0,0.043333337,0.043333337,0.14333327,0.0,0.0,0.0,0.0,0.0,0.0,0.0033333334,0.0033333334,0.5633329,0.14999993,0.033333335,0.006666667,0.0033333334,0.006666667,0.0,0.0
406,2093,1099,18.0,14,2023,2023-03-19,17:00:00,jeddah,de_vries,alphatauri,10,6,1,4.0,,,,0.0,0.0,0.023333335,0.04666667,0.0,0.0,0.0,0.0,0.0,0.006666667,0.0033333334,0.0033333334,0.056666672,0.6599995,0.13333328,0.056666672,0.0033333334,0.006666667,0.0,0.0
407,2094,1099,8.0,15,2023,2023-03-19,17:00:00,jeddah,piastri,mclaren,10,25,7,-7.0,,,,0.0,0.023333335,0.01,0.09999997,0.0,0.0,0.0,0.0033333334,0.0,0.0,0.0,0.006666667,0.07999999,0.07666666,0.65666616,0.006666667,0.030000003,0.006666667,0.0,0.0
408,2095,1099,20.0,16,2023,2023-03-19,17:00:00,jeddah,sargeant,williams,10,31,15,4.0,,,,0.0,0.0,0.006666667,0.0033333334,0.0,0.0,0.0,0.0,0.0,0.0,0.0,0.0,0.006666667,0.1033333,0.11999995,0.72333276,0.030000003,0.006666667,0.0,0.0
409,2096,1099,19.0,17,2023,2023-03-19,17:00:00,jeddah,norris,mclaren,10,22,7,2.0,8.0,,,0.0,0.013333334,0.02666667,0.02666667,0.0,0.0033333334,0.0,0.0033333334,0.0,0.006666667,0.023333335,0.01,0.05333334,0.02666667,0.06666667,0.16333325,0.5299996,0.03666667,0.01,0.0
410,2097,1099,14.0,18,2023,2023-03-19,17:00:00,jeddah,bottas,alfa,10,4,0,-4.0,14.666666666666666,10.666666666666666,4.0,0.0,0.0,0.0,0.0,0.0,0.0,0.0,0.0,0.0,0.0,0.0,0.0,0.01,0.03666667,0.14999993,0.11666662,0.17333324,0.44666633,0.06666667,0.0
411,2100,1100,1.0,1,2023,2023-04-02,05:00:00,albert_park,max_verstappen,red_bull,0,19,11,0.0,5.666666666666667,1.3333333333333333,4.333333333333333,0.8899993,0.0,0.0,0.0,0.10999996,0.0,0.0,0.0,0.0,0.0,0.0,0.0,0.0,0.0,0.0,0.0,0.0,0.0,0.0,0.0
412,2101,1100,3.0,2,2023,2023-04-02,05:00:00,albert_park,hamilton,mercedes,0,11,8,1.0,6.333333333333333,9.333333333333334,-3.0,0.05333334,0.0,0.0,0.0,0.7133328,0.20333321,0.013333334,0.0033333334,0.006666667,0.0033333334,0.0033333334,0.0,0.0,0.0,0.0,0.0,0.0,0.0,0.0,0.0
413,2102,1100,4.0,3,2023,2023-04-02,05:00:00,albert_park,alonso,aston_martin,0,2,3,1.0,5.666666666666667,,,0.0033333334,0.0,0.0,0.0,0.040000003,0.9066659,0.02666667,0.006666667,0.0033333334,0.006666667,0.0033333334,0.0033333334,0.0,0.0,0.0,0.0,0.0,0.0,0.0,0.0
414,2103,1100,6.0,4,2023,2023-04-02,05:00:00,albert_park,stroll,aston_martin,0,33,3,2.0,9.0,,,0.05333334,0.0033333334,0.0,0.0,0.030000003,0.16999991,0.5266663,0.13333328,0.056666672,0.016666668,0.01,0.0,0.0,0.0,0.0,0.0,0.0,0.0,0.0,0.0
415,2104,1100,0.0,5,2023,2023-04-02,05:00:00,albert_park,perez,red_bull,0,24,11,-5.0,1.6666666666666667,2.0,-0.3333333333333333,0.01,0.033333335,0.016666668,0.0033333334,0.033333335,0.050000004,0.09333331,0.35666642,0.050000004,0.14999993,0.06666667,0.043333337,0.0,0.016666668,0.013333334,0.023333335,0.016666668,0.0,0.013333334,0.01
416,2105,1100,13.0,6,2023,2023-04-02,05:00:00,albert_park,norris,mclaren,0,22,7,7.0,12.333333333333334,13.333333333333334,-1.0,0.006666667,0.030000003,0.0033333334,0.0,0.013333334,0.033333335,0.030000003,0.030000003,0.40333304,0.13333328,0.18333323,0.12999995,0.0033333334,0.0,0.0,0.0,0.0,0.0,0.0,0.0
417,2106,1100,10.0,7,2023,2023-04-02,05:00:00,albert_park,hulkenberg,haas,0,12,6,3.0,12.333333333333334,13.0,-0.6666666666666666,0.006666667,0.030000003,0.033333335,0.0,0.0033333334,0.006666667,0.006666667,0.01,0.040000003,0.6833328,0.1033333,0.06666667,0.0033333334,0.0,0.0033333334,0.0033333334,0.0,0.0,0.0,0.0
418,2107,1100,16.0,8,2023,2023-04-02,05:00:00,albert_park,piastri,mclaren,0,25,7,8.0,,,,0.0,0.12999995,0.006666667,0.016666668,0.0033333334,0.0033333334,0.016666668,0.030000003,0.01,0.09999997,0.47999963,0.19666655,0.0033333334,0.0033333334,0.0,0.0,0.0,0.0,0.0,0.0
419,2108,1100,17.0,9,2023,2023-04-02,05:00:00,albert_park,zhou,alfa,0,37,0,8.0,13.0,13.666666666666666,-0.6666666666666666,0.0,0.18666656,0.1033333,0.06333334,0.0,0.0,0.01,0.01,0.020000001,0.013333334,0.09333331,0.48999962,0.01,0.0,0.0,0.0,0.0,0.0,0.0,0.0
420,2109,1100,12.0,10,2023,2023-04-02,05:00:00,albert_park,tsunoda,alphatauri,0,34,1,2.0,13.666666666666666,11.0,2.6666666666666665,0.0,0.7133328,0.08999998,0.030000003,0.006666667,0.0033333334,0.0033333334,0.006666667,0.01,0.016666668,0.060000006,0.05333334,0.0033333334,0.0,0.0033333334,0.0,0.0,0.0,0.0,0.0
421,2110,1100,0.0,11,2023,2023-04-02,05:00:00,albert_park,bottas,alfa,0,4,0,-11.0,14.666666666666666,13.666666666666666,1.0,0.0,0.15666659,0.4999996,0.10999996,0.0,0.0,0.0,0.0,0.0,0.016666668,0.0,0.01,0.07333333,0.013333334,0.03666667,0.03666667,0.030000003,0.013333334,0.0,0.0033333334
422,2111,1100,5.0,12,2023,2023-04-02,05:00:00,albert_park,sainz,ferrari,0,30,4,-7.0,4.0,4.666666666666667,-0.6666666666666666,0.0,0.11333329,0.12333328,0.14999993,0.0,0.0,0.023333335,0.060000006,0.043333337,0.040000003,0.17666657,0.023333335,0.06666667,0.023333335,0.020000001,0.03666667,0.050000004,0.040000003,0.0033333334,0.006666667
423,2112,1100,9.0,13,2023,2023-04-02,05:00:00,albert_park,gasly,alpine,0,8,2,-4.0,15.333333333333334,10.666666666666666,4.666666666666667,0.0,0.01,0.043333337,0.15999992,0.0,0.0,0.0,0.0,0.01,0.0033333334,0.01,0.016666668,0.6366662,0.056666672,0.030000003,0.0,0.013333334,0.006666667,0.0,0.0033333334
424,2113,1100,11.0,14,2023,2023-04-02,05:00:00,albert_park,ocon,alpine,0,23,2,-3.0,7.666666666666667,,,0.0,0.006666667,0.020000001,0.030000003,0.0,0.0,0.0,0.0,0.0,0.006666667,0.013333334,0.020000001,0.07,0.7299994,0.030000003,0.030000003,0.03666667,0.006666667,0.0,0.0
425,2114,1100,15.0,15,2023,2023-04-02,05:00:00,albert_park,de_vries,alphatauri,0,6,1,0.0,15.0,12.333333333333334,2.6666666666666665,0.0,0.0,0.006666667,0.01,0.0,0.0,0.0,0.0,0.0,0.0,0.0,0.0,0.020000001,0.10666663,0.78999937,0.050000004,0.01,0.006666667,0.0,0.0
426,2115,1100,18.0,16,2023,2023-04-02,05:00:00,albert_park,sargeant,williams,0,31,15,2.0,,,,0.0,0.0,0.0,0.01,0.0,0.0,0.0,0.0,0.0,0.0,0.0,0.0,0.01,0.023333335,0.07333333,0.7133328,0.13999994,0.013333334,0.006666667,0.01
427,2116,1100,14.0,17,2023,2023-04-02,05:00:00,albert_park,kevin_magnussen,haas,0,13,6,-3.0,15.333333333333334,13.333333333333334,2.0,0.0,0.0033333334,0.0033333334,0.01,0.0,0.0,0.0,0.0,0.0,0.0,0.0,0.0,0.0,0.006666667,0.09666664,0.23333319,0.443333,0.11333329,0.08333332,0.006666667
428,2120,1101,3.0,1,2023,2023-04-30,11:00:00,baku,perez,red_bull,3,24,11,2.0,1.0,2.6666666666666665,-1.6666666666666667,0.8299993,0.0,0.0,0.0,0.1033333,0.03666667,0.020000001,0.006666667,0.0,0.0,0.0033333334,0.0,0.0,0.0,0.0,0.0,0.0,0.0,0.0,0.0
429,2121,1101,2.0,2,2023,2023-04-30,11:00:00,baku,max_verstappen,red_bull,3,19,11,0.0,5.666666666666667,1.3333333333333333,4.333333333333333,0.17333324,0.0,0.0,0.0,0.806666,0.020000001,0.0,0.0,0.0,0.0,0.0,0.0,0.0,0.0,0.0,0.0,0.0,0.0,0.0,0.0
430,2122,1101,1.0,3,2023,2023-04-30,11:00:00,baku,leclerc,ferrari,3,18,4,-2.0,7.333333333333333,,,0.01,0.0,0.0,0.0,0.07333333,0.7799994,0.1033333,0.0033333334,0.023333335,0.006666667,0.0,0.0,0.0,0.0,0.0,0.0,0.0,0.0,0.0,0.0
431,2123,1101,6.0,4,2023,2023-04-30,11:00:00,baku,alonso,aston_martin,3,2,3,2.0,3.6666666666666665,3.0,0.6666666666666666,0.033333335,0.006666667,0.0,0.0,0.09333331,0.15666659,0.4666663,0.1799999,0.030000003,0.033333335,0.0,0.0,0.0,0.0,0.0,0.0,0.0,0.0,0.0,0.0
432,2124,1101,4.0,5,2023,2023-04-30,11:00:00,baku,sainz,ferrari,3,30,4,-1.0,4.333333333333333,7.333333333333333,-3.0,0.0033333334,0.0033333334,0.0,0.0,0.016666668,0.016666668,0.16999991,0.7399994,0.02666667,0.006666667,0.016666668,0.0,0.0,0.0,0.0,0.0,0.0,0.0,0.0,0.0
433,2125,1101,5.0,6,2023,2023-04-30,11:00:00,baku,hamilton,mercedes,3,11,8,-1.0,5.666666666666667,4.0,1.6666666666666667,0.0033333334,0.01,0.0033333334,0.006666667,0.006666667,0.04666667,0.12999995,0.20666654,0.4199997,0.11666662,0.030000003,0.006666667,0.0,0.01,0.0,0.0,0.0,0.0033333334,0.0,0.0
434,2126,1101,9.0,7,2023,2023-04-30,11:00:00,baku,stroll,aston_martin,3,33,3,2.0,6.333333333333333,,,0.0,0.02666667,0.0,0.0,0.0,0.01,0.020000001,0.05333334,0.04666667,0.6299995,0.1799999,0.033333335,0.0,0.0,0.0,0.0,0.0,0.0,0.0,0.0
435,2127,1101,11.0,8,2023,2023-04-30,11:00:00,baku,russell,mercedes,3,29,8,3.0,3.6666666666666665,,,0.013333334,0.013333334,0.0033333334,0.0033333334,0.01,0.006666667,0.033333335,0.11999995,0.016666668,0.13333328,0.6033329,0.033333335,0.0033333334,0.0033333334,0.0033333334,0.0,0.0,0.0,0.0,0.0
436,2128,1101,7.0,9,2023,2023-04-30,11:00:00,baku,norris,mclaren,3,22,7,-2.0,14.333333333333334,13.333333333333334,1.0,0.0,0.1466666,0.04666667,0.04666667,0.0,0.0033333334,0.0,0.006666667,0.02666667,0.033333335,0.09666664,0.5599996,0.02666667,0.0033333334,0.0,0.0,0.0,0.0,0.0033333334,0.0
437,2129,1101,8.0,10,2023,2023-04-30,11:00:00,baku,tsunoda,alphatauri,3,34,1,-2.0,14.0,10.666666666666666,3.333333333333333,0.0,0.68999946,0.09666664,0.043333337,0.0,0.0,0.006666667,0.0,0.0,0.013333334,0.013333334,0.06333334,0.040000003,0.013333334,0.01,0.0033333334,0.006666667,0.0,0.0,0.0
438,2130,1101,10.0,11,2023,2023-04-30,11:00:00,baku,piastri,mclaren,3,25,7,-1.0,14.0,,,0.0,0.11333329,0.65666616,0.09333331,0.0,0.0,0.0,0.0,0.0033333334,0.013333334,0.016666668,0.020000001,0.050000004,0.030000003,0.0,0.0,0.0,0.0,0.0033333334,0.0
439,2131,1101,12.0,12,2023,2023-04-30,11:00:00,baku,albon,williams,3,1,15,0.0,13.333333333333334,,,0.0,0.03666667,0.25333318,0.5633329,0.0,0.0,0.0,0.0033333334,0.0,0.01,0.0033333334,0.040000003,0.050000004,0.023333335,0.0033333334,0.006666667,0.0033333334,0.0033333334,0.0,0.0
440,2132,1101,16.0,13,2023,2023-04-30,11:00:00,baku,kevin_magnussen,haas,3,13,6,3.0,14.666666666666666,13.333333333333334,1.3333333333333333,0.0,0.043333337,0.040000003,0.21999986,0.0,0.0,0.0033333334,0.0,0.0033333334,0.0,0.0,0.013333334,0.51333296,0.12666662,0.030000003,0.006666667,0.0,0.0,0.0,0.0
441,2133,1101,17.0,14,2023,2023-04-30,11:00:00,baku,gasly,alpine,3,8,2,3.0,12.666666666666666,10.333333333333334,2.333333333333333,0.0,0.013333334,0.016666668,0.07999999,0.0,0.0,0.0,0.0,0.0,0.0,0.0,0.0033333334,0.25333318,0.50999963,0.09666664,0.01,0.01,0.006666667,0.0,0.0
442,2134,1101,0.0,15,2023,2023-04-30,11:00:00,baku,ocon,alpine,3,23,2,-15.0,8.666666666666666,,,0.0033333334,0.06333334,0.043333337,0.03666667,0.0,0.01,0.0,0.0033333334,0.0,0.006666667,0.006666667,0.030000003,0.06333334,0.016666668,0.41666636,0.09999997,0.15999992,0.020000001,0.0033333334,0.016666668
443,2135,1101,14.0,16,2023,2023-04-30,11:00:00,baku,sargeant,williams,3,31,15,-2.0,18.0,14.666666666666666,3.333333333333333,0.0,0.0033333334,0.006666667,0.006666667,0.0,0.0,0.0,0.0,0.0,0.0,0.0,0.0033333334,0.020000001,0.043333337,0.1799999,0.58999956,0.1033333,0.02666667,0.013333334,0.0033333334
444,2136,1101,0.0,17,2023,2023-04-30,11:00:00,baku,hulkenberg,haas,3,12,6,-17.0,10.0,11.333333333333334,-1.3333333333333333,0.0,0.020000001,0.02666667,0.006666667,0.0,0.0,0.0,0.0,0.0033333334,0.0033333334,0.006666667,0.0,0.030000003,0.056666672,0.06666667,0.1033333,0.59999955,0.06666667,0.0033333334,0.006666667
445,2137,1101,13.0,18,2023,2023-04-30,11:00:00,baku,bottas,alfa,3,4,0,-5.0,8.666666666666666,12.333333333333334,-3.6666666666666665,0.0,0.01,0.016666668,0.02666667,0.0,0.0,0.0,0.0,0.0,0.0,0.0033333334,0.0,0.02666667,0.07999999,0.10999996,0.11999995,0.1899999,0.33999977,0.07,0.006666667
446,2140,1102,9.0,1,2023,2023-05-07,19:30:00,miami,max_verstappen,red_bull,13,19,11,8.0,6.0,1.6666666666666667,4.333333333333333,0.4866663,0.0033333334,0.0,0.0,0.020000001,0.1033333,0.2133332,0.11666662,0.033333335,0.016666668,0.0033333334,0.0,0.0,0.0,0.0033333334,0.0,0.0,0.0,0.0,0.0
447,2141,1102,1.0,2,2023,2023-05-07,19:30:00,miami,perez,red_bull,13,24,11,-1.0,1.3333333333333333,2.333333333333333,-1.0,0.04666667,0.0,0.0,0.0,0.81999934,0.1033333,0.006666667,0.01,0.0,0.0,0.0033333334,0.0,0.0,0.0,0.0,0.0,0.0,0.0,0.0,0.01
448,2142,1102,2.0,3,2023,2023-05-07,19:30:00,miami,alonso,aston_martin,13,2,3,-1.0,4.0,3.333333333333333,0.6666666666666666,0.013333334,0.0,0.0,0.0,0.1899999,0.7466661,0.03666667,0.013333334,0.0,0.0,0.0,0.0,0.0,0.0,0.0,0.0,0.0,0.0,0.0,0.0
449,2143,1102,6.0,4,2023,2023-05-07,19:30:00,miami,russell,mercedes,13,29,8,2.0,5.333333333333333,,,0.01,0.0,0.0,0.0,0.033333335,0.18666656,0.56666625,0.15999992,0.040000003,0.0033333334,0.0,0.0,0.0,0.0,0.0,0.0,0.0,0.0,0.0,0.0
450,2144,1102,3.0,5,2023,2023-05-07,19:30:00,miami,sainz,ferrari,13,30,4,-2.0,4.333333333333333,7.666666666666667,-3.333333333333333,0.006666667,0.0,0.0,0.0,0.016666668,0.056666672,0.18666656,0.7033328,0.016666668,0.0,0.01,0.0,0.0033333334,0.0,0.0,0.0,0.0,0.0,0.0,0.0
451,2145,1102,13.0,6,2023,2023-05-07,19:30:00,miami,hamilton,mercedes,13,11,8,7.0,5.0,4.333333333333333,0.6666666666666666,0.03666667,0.02666667,0.016666668,0.0033333334,0.013333334,0.040000003,0.07999999,0.13333328,0.58999956,0.020000001,0.02666667,0.006666667,0.0033333334,0.0,0.0,0.0,0.0,0.0033333334,0.0,0.0
452,2146,1102,7.0,7,2023,2023-05-07,19:30:00,miami,leclerc,ferrari,13,18,4,0.0,6.666666666666667,,,0.0,0.006666667,0.01,0.0,0.0033333334,0.0,0.01,0.043333337,0.19999988,0.6733328,0.033333335,0.016666668,0.0,0.0,0.0033333334,0.0,0.0,0.0,0.0,0.0
453,2147,1102,5.0,8,2023,2023-05-07,19:30:00,miami,gasly,alpine,13,8,2,-3.0,11.666666666666666,12.0,-0.3333333333333333,0.0,0.10999996,0.033333335,0.0,0.0033333334,0.0,0.0,0.0033333334,0.023333335,0.05333334,0.63333285,0.10999996,0.01,0.006666667,0.006666667,0.0,0.006666667,0.0,0.0,0.0
454,2148,1102,8.0,9,2023,2023-05-07,19:30:00,miami,ocon,alpine,13,23,2,-1.0,5.666666666666667,12.333333333333334,-6.666666666666667,0.0,0.09333331,0.020000001,0.023333335,0.0,0.0033333334,0.006666667,0.020000001,0.013333334,0.06666667,0.09666664,0.6033329,0.023333335,0.006666667,0.01,0.0033333334,0.01,0.0,0.0,0.0
455,2149,1102,4.0,10,2023,2023-05-07,19:30:00,miami,kevin_magnussen,haas,13,13,6,-6.0,14.333333333333334,13.333333333333334,1.0,0.0,0.39666638,0.050000004,0.06666667,0.0,0.0,0.006666667,0.0033333334,0.006666667,0.10999996,0.040000003,0.16999991,0.07333333,0.01,0.020000001,0.020000001,0.016666668,0.006666667,0.0033333334,0.0
456,2150,1102,17.0,11,2023,2023-05-07,19:30:00,miami,tsunoda,alphatauri,13,34,1,6.0,12.0,10.333333333333334,1.6666666666666667,0.0,0.07333333,0.6366662,0.19333322,0.0,0.0,0.0,0.0033333334,0.0,0.0,0.016666668,0.030000003,0.040000003,0.006666667,0.0,0.0,0.0,0.0,0.0,0.0
457,2151,1102,18.0,12,2023,2023-05-07,19:30:00,miami,stroll,aston_martin,13,33,3,6.0,6.666666666666667,,,0.0,0.08333332,0.03666667,0.44999966,0.01,0.023333335,0.0033333334,0.04666667,0.040000003,0.06666667,0.04666667,0.060000006,0.07,0.03666667,0.016666668,0.006666667,0.0033333334,0.0,0.0,0.0
458,2152,1102,10.0,13,2023,2023-05-07,19:30:00,miami,bottas,alfa,13,4,0,-3.0,9.0,15.666666666666666,-6.666666666666667,0.0,0.050000004,0.020000001,0.07999999,0.0,0.0,0.0,0.0,0.0033333334,0.0,0.006666667,0.01,0.50999963,0.1799999,0.05333334,0.050000004,0.013333334,0.013333334,0.01,0.0
459,2153,1102,11.0,14,2023,2023-05-07,19:30:00,miami,albon,williams,13,1,15,-3.0,12.333333333333334,,,0.0,0.006666667,0.056666672,0.07,0.0,0.0,0.0,0.0,0.0,0.0,0.006666667,0.01,0.13333328,0.5066663,0.12333328,0.040000003,0.02666667,0.020000001,0.0,0.0
460,2154,1102,12.0,15,2023,2023-05-07,19:30:00,miami,hulkenberg,haas,13,12,6,-3.0,6.666666666666667,12.0,-5.333333333333333,0.0,0.033333335,0.016666668,0.02666667,0.0,0.0,0.0,0.0,0.0,0.006666667,0.0033333334,0.013333334,0.17333324,0.18666656,0.3533331,0.07666666,0.043333337,0.013333334,0.05333334,0.0
461,2155,1102,14.0,16,2023,2023-05-07,19:30:00,miami,zhou,alfa,13,37,0,-2.0,14.333333333333334,,,0.0,0.0,0.0,0.006666667,0.0,0.0,0.0,0.0,0.0,0.0,0.0,0.0,0.020000001,0.043333337,0.1799999,0.6699995,0.040000003,0.02666667,0.013333334,0.0
462,2156,1102,16.0,17,2023,2023-05-07,19:30:00,miami,norris,mclaren,13,22,7,-1.0,13.0,10.666666666666666,2.333333333333333,0.0,0.0033333334,0.0,0.0,0.0,0.0,0.0,0.0,0.0,0.0,0.0,0.0,0.0,0.030000003,0.056666672,0.15999992,0.60999954,0.06666667,0.06333334,0.01
463,2157,1102,15.0,18,2023,2023-05-07,19:30:00,miami,de_vries,alphatauri,13,6,1,-3.0,17.0,,,0.0,0.0033333334,0.006666667,0.006666667,0.0,0.0,0.0,0.0,0.0,0.0,0.0,0.0,0.016666668,0.013333334,0.1033333,0.1033333,0.08333332,0.53333294,0.1033333,0.02666667
464,2158,1102,19.0,19,2023,2023-05-07,19:30:00,miami,piastri,mclaren,13,25,7,0.0,11.333333333333334,11.333333333333334,0.0,0.0,0.0033333334,0.0,0.0,0.0,0.0,0.0,0.0,0.0,0.0,0.0,0.0033333334,0.013333334,0.013333334,0.01,0.08333332,0.14333327,0.20666654,0.4866663,0.03666667
465,2159,1102,20.0,20,2023,2023-05-07,19:30:00,miami,sargeant,williams,13,31,15,0.0,17.333333333333332,16.0,1.3333333333333333,0.0,0.0,0.0,0.0,0.0,0.0,0.0,0.0,0.0,0.0,0.0,0.0,0.0,0.0033333334,0.013333334,0.040000003,0.08999998,0.1466666,0.44666633,0.25999984
466,2160,1104,1.0,1,2023,2023-05-28,13:00:00,monaco,max_verstappen,red_bull,14,19,11,0.0,4.0,1.3333333333333333,2.6666666666666665,0.9833325,0.0,0.0,0.0,0.016666668,0.0,0.0,0.0,0.0,0.0,0.0,0.0,0.0,0.0,0.0,0.0,0.0,0.0,0.0,0.0
467,2161,1104,2.0,2,2023,2023-05-28,13:00:00,monaco,alonso,aston_martin,14,2,3,0.0,4.0,3.333333333333333,0.6666666666666666,0.07,0.0,0.0,0.0,0.8399993,0.07999999,0.0,0.006666667,0.0,0.0033333334,0.0,0.0,0.0,0.0,0.0,0.0,0.0,0.0,0.0,0.0
468,2162,1104,3.0,3,2023,2023-05-28,13:00:00,monaco,ocon,alpine,14,23,2,0.0,6.333333333333333,12.666666666666666,-6.333333333333333,0.013333334,0.0,0.0033333334,0.0,0.07666666,0.7466661,0.07999999,0.03666667,0.013333334,0.006666667,0.01,0.0033333334,0.0033333334,0.0,0.0033333334,0.0,0.0,0.0033333334,0.0,0.0
469,2163,1104,5.0,4,2023,2023-05-28,13:00:00,monaco,hamilton,mercedes,14,11,8,1.0,7.0,4.666666666666667,2.333333333333333,0.016666668,0.0,0.0,0.0,0.020000001,0.1033333,0.8133327,0.03666667,0.006666667,0.0033333334,0.0,0.0,0.0,0.0,0.0,0.0,0.0,0.0,0.0,0.0
470,2164,1104,8.0,5,2023,2023-05-28,13:00:00,monaco,russell,mercedes,14,29,8,3.0,6.333333333333333,,,0.0,0.006666667,0.0,0.0,0.0033333334,0.07999999,0.09666664,0.6399995,0.09333331,0.06666667,0.006666667,0.006666667,0.0,0.0,0.0,0.0,0.0,0.0,0.0,0.0
471,2165,1104,6.0,6,2023,2023-05-28,13:00:00,monaco,leclerc,ferrari,14,18,4,0.0,5.0,,,0.0,0.0,0.0,0.0,0.0,0.0033333334,0.05333334,0.11666662,0.6933328,0.11999995,0.013333334,0.0,0.0,0.0,0.0,0.0,0.0,0.0,0.0,0.0
472,2166,1104,7.0,7,2023,2023-05-28,13:00:00,monaco,gasly,alpine,14,8,2,0.0,10.333333333333334,11.666666666666666,-1.3333333333333333,0.0,0.02666667,0.01,0.0,0.0033333334,0.0033333334,0.0033333334,0.020000001,0.09666664,0.67666614,0.11999995,0.03666667,0.0,0.0,0.0033333334,0.0,0.0,0.0,0.0,0.0
473,2167,1104,4.0,8,2023,2023-05-28,13:00:00,monaco,sainz,ferrari,14,30,4,-4.0,4.0,7.333333333333333,-3.333333333333333,0.0,0.056666672,0.023333335,0.01,0.0033333334,0.01,0.056666672,0.16666658,0.13333328,0.08333332,0.42333302,0.016666668,0.006666667,0.0,0.0,0.006666667,0.0033333334,0.0,0.0,0.0
474,2168,1104,10.0,9,2023,2023-05-28,13:00:00,monaco,norris,mclaren,14,22,7,1.0,12.0,10.666666666666666,1.3333333333333333,0.0,0.08333332,0.033333335,0.0,0.0,0.0,0.0,0.0,0.020000001,0.016666668,0.020000001,0.82333267,0.0,0.0,0.0,0.0,0.0,0.0033333334,0.0,0.0
475,2169,1104,11.0,10,2023,2023-05-28,13:00:00,monaco,piastri,mclaren,14,25,7,1.0,15.0,12.666666666666666,2.333333333333333,0.0,0.44999966,0.19999988,0.04666667,0.0,0.0,0.0,0.0,0.01,0.01,0.02666667,0.23333319,0.013333334,0.006666667,0.0,0.0,0.0033333334,0.0,0.0,0.0
476,2170,1104,15.0,11,2023,2023-05-28,13:00:00,monaco,bottas,alfa,14,4,0,4.0,7.666666666666667,14.0,-6.333333333333333,0.0,0.11999995,0.6166662,0.08999998,0.0033333334,0.0033333334,0.0,0.0033333334,0.006666667,0.023333335,0.030000003,0.043333337,0.016666668,0.01,0.016666668,0.006666667,0.006666667,0.0,0.0033333334,0.0
477,2171,1104,12.0,12,2023,2023-05-28,13:00:00,monaco,de_vries,alphatauri,14,6,1,0.0,16.0,,,0.0,0.033333335,0.08666665,0.836666,0.0,0.0,0.0,0.0,0.0,0.0033333334,0.0,0.0033333334,0.020000001,0.01,0.0033333334,0.0033333334,0.0,0.0,0.0,0.0
478,2172,1104,19.0,13,2023,2023-05-28,13:00:00,monaco,zhou,alfa,14,37,0,6.0,15.333333333333334,,,0.0,0.020000001,0.043333337,0.16999991,0.0,0.0,0.0,0.0,0.0,0.0,0.0,0.0033333334,0.5399996,0.17666657,0.03666667,0.01,0.0,0.0,0.0,0.0
479,2173,1104,13.0,14,2023,2023-05-28,13:00:00,monaco,albon,williams,14,1,15,-1.0,10.333333333333334,,,0.0,0.0033333334,0.0033333334,0.020000001,0.0,0.0,0.0,0.0,0.0,0.0033333334,0.0,0.013333334,0.11999995,0.6699995,0.13666661,0.006666667,0.013333334,0.006666667,0.0033333334,0.0
480,2174,1104,9.0,15,2023,2023-05-28,13:00:00,monaco,tsunoda,alphatauri,14,34,1,-6.0,12.333333333333334,10.333333333333334,2.0,0.0,0.020000001,0.033333335,0.05333334,0.0,0.0,0.0,0.0,0.0,0.0,0.0,0.006666667,0.07333333,0.09666664,0.6366662,0.0033333334,0.06666667,0.006666667,0.0033333334,0.0
481,2175,1104,20.0,16,2023,2023-05-28,13:00:00,monaco,perez,red_bull,14,24,11,4.0,1.3333333333333333,2.6666666666666665,-1.3333333333333333,0.04666667,0.060000006,0.023333335,0.023333335,0.07999999,0.016666668,0.09666664,0.056666672,0.043333337,0.013333334,0.12666662,0.030000003,0.04666667,0.030000003,0.06333334,0.23333319,0.0033333334,0.006666667,0.0,0.0
482,2176,1104,18.0,17,2023,2023-05-28,13:00:00,monaco,hulkenberg,haas,14,12,6,1.0,7.333333333333333,13.0,-5.666666666666667,0.0,0.023333335,0.020000001,0.050000004,0.0033333334,0.0033333334,0.0,0.006666667,0.0033333334,0.006666667,0.02666667,0.006666667,0.08666665,0.016666668,0.09999997,0.14333327,0.43999967,0.040000003,0.020000001,0.0033333334
483,2177,1104,16.0,18,2023,2023-05-28,13:00:00,monaco,sargeant,williams,14,31,15,-2.0,17.333333333333332,17.333333333333332,0.0,0.0,0.0,0.0,0.0033333334,0.0,0.0,0.0,0.0,0.0,0.0,0.0,0.0,0.0033333334,0.01,0.043333337,0.10666663,0.28666648,0.453333,0.040000003,0.05333334
484,2180,1105,1.0,1,2023,2023-06-04,13:00:00,catalunya,max_verstappen,red_bull,4,19,11,0.0,4.0,1.3333333333333333,2.6666666666666665,0.9699992,0.0,0.0,0.0,0.030000003,0.0,0.0,0.0,0.0,0.0,0.0,0.0,0.0,0.0,0.0,0.0,0.0,0.0,0.0,0.0
485,2181,1105,4.0,2,2023,2023-06-04,13:00:00,catalunya,hamilton,mercedes,4,11,8,2.0,7.666666666666667,5.333333333333333,2.333333333333333,0.023333335,0.0033333334,0.0,0.0,0.6833328,0.2666665,0.016666668,0.006666667,0.0,0.0,0.0,0.0,0.0,0.0,0.0,0.0,0.0,0.0,0.0,0.0
486,2182,1105,12.0,3,2023,2023-06-04,13:00:00,catalunya,russell,mercedes,4,29,8,9.0,8.333333333333334,5.666666666666667,2.6666666666666665,0.056666672,0.03666667,0.006666667,0.006666667,0.050000004,0.42666635,0.10999996,0.12999995,0.1033333,0.03666667,0.020000001,0.006666667,0.006666667,0.0033333334,0.0,0.0,0.0,0.0,0.0,0.0
487,2183,1105,11.0,4,2023,2023-06-04,13:00:00,catalunya,perez,red_bull,4,24,11,7.0,8.0,6.333333333333333,1.6666666666666667,0.013333334,0.0033333334,0.01,0.0033333334,0.060000006,0.15666659,0.47333297,0.11999995,0.1033333,0.02666667,0.020000001,0.0033333334,0.0033333334,0.0033333334,0.0,0.0,0.0,0.0,0.0,0.0
488,2184,1105,2.0,5,2023,2023-06-04,13:00:00,catalunya,sainz,ferrari,4,30,4,-3.0,3.6666666666666665,6.0,-2.333333333333333,0.01,0.01,0.0033333334,0.0033333334,0.0033333334,0.043333337,0.1899999,0.5399996,0.07666666,0.016666668,0.09999997,0.0,0.0,0.0,0.0,0.0033333334,0.0,0.0,0.0,0.0
489,2185,1105,5.0,6,2023,2023-06-04,13:00:00,catalunya,stroll,aston_martin,4,33,3,-1.0,13.666666666666666,,,0.006666667,0.013333334,0.006666667,0.0,0.0033333334,0.023333335,0.043333337,0.08999998,0.6266662,0.14333327,0.033333335,0.006666667,0.0,0.0,0.0,0.0,0.0033333334,0.0,0.0,0.0
490,2186,1105,8.0,7,2023,2023-06-04,13:00:00,catalunya,alonso,aston_martin,4,2,3,1.0,3.333333333333333,3.0,0.3333333333333333,0.01,0.01,0.0,0.006666667,0.0033333334,0.04666667,0.040000003,0.11333329,0.10666663,0.5533329,0.08333332,0.016666668,0.0033333334,0.0,0.0,0.0033333334,0.0,0.0033333334,0.0,0.0
491,2187,1105,6.0,8,2023,2023-06-04,13:00:00,catalunya,ocon,alpine,4,23,2,-2.0,3.6666666666666665,9.0,-5.333333333333333,0.0,0.023333335,0.0,0.0,0.01,0.02666667,0.033333335,0.11666662,0.07,0.10666663,0.53333294,0.04666667,0.016666668,0.0033333334,0.0033333334,0.0,0.0033333334,0.0033333334,0.0033333334,0.0
492,2188,1105,13.0,9,2023,2023-06-04,13:00:00,catalunya,zhou,alfa,4,37,0,4.0,16.0,,,0.0,0.18666656,0.04666667,0.016666668,0.0,0.0033333334,0.006666667,0.0033333334,0.0,0.023333335,0.06666667,0.62333286,0.01,0.0033333334,0.006666667,0.0,0.0033333334,0.0,0.0,0.0
493,2189,1105,10.0,10,2023,2023-06-04,13:00:00,catalunya,gasly,alpine,4,8,2,0.0,9.666666666666666,9.666666666666666,0.0,0.0033333334,0.66666615,0.12999995,0.02666667,0.0,0.0,0.0,0.0033333334,0.0033333334,0.01,0.030000003,0.10999996,0.016666668,0.0,0.0,0.0,0.0,0.0,0.0,0.0
494,2190,1105,19.0,11,2023,2023-06-04,13:00:00,catalunya,leclerc,ferrari,4,18,4,8.0,4.666666666666667,5.333333333333333,-0.6666666666666666,0.013333334,0.11666662,0.1899999,0.05333334,0.030000003,0.020000001,0.09333331,0.1033333,0.02666667,0.030000003,0.23666652,0.016666668,0.043333337,0.01,0.01,0.006666667,0.0,0.0,0.0,0.0
495,2191,1105,15.0,12,2023,2023-06-04,13:00:00,catalunya,tsunoda,alphatauri,4,34,1,3.0,11.333333333333334,12.0,-0.6666666666666666,0.0,0.08999998,0.1799999,0.5866662,0.0,0.0,0.0,0.0,0.0,0.01,0.0,0.006666667,0.08333332,0.02666667,0.013333334,0.0033333334,0.0,0.0,0.0,0.0
496,2192,1105,9.0,13,2023,2023-06-04,13:00:00,catalunya,piastri,mclaren,4,25,7,-4.0,13.333333333333334,13.333333333333334,0.0,0.0,0.023333335,0.050000004,0.2133332,0.0,0.0,0.0,0.0,0.0,0.0,0.006666667,0.01,0.5499996,0.07,0.056666672,0.013333334,0.006666667,0.0,0.0,0.0
497,2193,1105,14.0,14,2023,2023-06-04,13:00:00,catalunya,de_vries,alphatauri,4,6,1,0.0,15.0,,,0.0,0.0033333334,0.0,0.03666667,0.0,0.0,0.0,0.0,0.0,0.0,0.0,0.0033333334,0.15999992,0.54333293,0.22999986,0.016666668,0.0033333334,0.0033333334,0.0,0.0
498,2194,1105,7.0,15,2023,2023-06-04,13:00:00,catalunya,hulkenberg,haas,4,12,6,-8.0,10.0,16.333333333333332,-6.333333333333333,0.0,0.02666667,0.030000003,0.033333335,0.0,0.0,0.0,0.0033333334,0.0,0.0033333334,0.016666668,0.01,0.20333321,0.056666672,0.5266663,0.03666667,0.04666667,0.0033333334,0.0,0.0033333334
499,2195,1105,18.0,16,2023,2023-06-04,13:00:00,catalunya,albon,williams,4,1,15,2.0,12.0,13.333333333333334,-1.3333333333333333,0.0,0.006666667,0.023333335,0.006666667,0.0,0.0,0.0,0.0,0.0,0.0033333334,0.0,0.0,0.01,0.050000004,0.05333334,0.6966661,0.1033333,0.04666667,0.0,0.0
500,2196,1105,3.0,17,2023,2023-06-04,13:00:00,catalunya,norris,mclaren,4,22,7,-14.0,11.0,11.666666666666666,-0.6666666666666666,0.0,0.030000003,0.043333337,0.01,0.0,0.0,0.0033333334,0.0033333334,0.013333334,0.016666668,0.01,0.04666667,0.06666667,0.06333334,0.11999995,0.09333331,0.43666634,0.040000003,0.0,0.0033333334
501,2197,1105,17.0,18,2023,2023-06-04,13:00:00,catalunya,kevin_magnussen,haas,4,13,6,-1.0,12.333333333333334,,,0.0,0.0,0.0,0.0,0.0,0.0,0.0,0.0,0.0,0.0,0.0,0.0,0.0,0.0033333334,0.03666667,0.03666667,0.20666654,0.55666625,0.08999998,0.07
502,2198,1105,16.0,19,2023,2023-06-04,13:00:00,catalunya,bottas,alfa,4,4,0,-3.0,12.666666666666666,14.0,-1.3333333333333333,0.0,0.0033333334,0.006666667,0.006666667,0.0,0.0,0.0,0.0,0.0033333334,0.0,0.0,0.0,0.006666667,0.043333337,0.05333334,0.08333332,0.06666667,0.2133332,0.46999964,0.043333337
503,2199,1105,20.0,20,2023,2023-06-04,13:00:00,catalunya,sargeant,williams,4,31,15,0.0,16.666666666666668,18.0,-1.3333333333333333,0.0,0.0,0.0,0.0,0.0,0.0,0.0,0.0,0.0,0.0,0.0,0.0,0.01,0.0,0.013333334,0.043333337,0.08666665,0.21666653,0.2766665,0.3533331
504,2200,1106,1.0,1,2023,2023-06-18,18:00:00,villeneuve,max_verstappen,red_bull,28,19,11,0.0,3.6666666666666665,1.0,2.6666666666666665,0.9899992,0.0,0.0,0.0,0.01,0.0,0.0,0.0,0.0,0.0,0.0,0.0,0.0,0.0,0.0,0.0,0.0,0.0,0.0,0.0
505,2201,1106,2.0,2,2023,2023-06-18,18:00:00,villeneuve,alonso,aston_martin,28,2,3,0.0,4.0,4.0,0.0,0.06333334,0.0,0.0,0.0,0.86666596,0.040000003,0.0033333334,0.020000001,0.0,0.0033333334,0.0033333334,0.0,0.0,0.0,0.0,0.0,0.0,0.0,0.0,0.0
506,2202,1106,3.0,3,2023,2023-06-18,18:00:00,villeneuve,hamilton,mercedes,28,11,8,0.0,7.333333333333333,4.0,3.333333333333333,0.02666667,0.0,0.0,0.0,0.08333332,0.85333264,0.023333335,0.013333334,0.0,0.0,0.0,0.0,0.0,0.0,0.0,0.0,0.0,0.0,0.0,0.0
507,2203,1106,10.0,4,2023,2023-06-18,18:00:00,villeneuve,leclerc,ferrari,28,18,4,6.0,10.666666666666666,8.0,2.6666666666666665,0.050000004,0.006666667,0.0,0.0,0.006666667,0.06666667,0.30333313,0.10666663,0.33999977,0.07666666,0.020000001,0.016666668,0.0,0.006666667,0.0,0.0,0.0,0.0,0.0,0.0
508,2204,1106,11.0,5,2023,2023-06-18,18:00:00,villeneuve,sainz,ferrari,28,30,4,6.0,3.0,6.0,-3.0,0.0033333334,0.033333335,0.0,0.0033333334,0.01,0.030000003,0.13999994,0.5066663,0.21999986,0.013333334,0.016666668,0.013333334,0.006666667,0.0033333334,0.0,0.0,0.0,0.0,0.0,0.0
509,2205,1106,12.0,6,2023,2023-06-18,18:00:00,villeneuve,perez,red_bull,28,24,11,6.0,10.666666666666666,7.333333333333333,3.333333333333333,0.0,0.013333334,0.01,0.006666667,0.0033333334,0.033333335,0.08333332,0.050000004,0.5833329,0.11666662,0.07333333,0.016666668,0.0033333334,0.006666667,0.0,0.0,0.0,0.0,0.0,0.0
510,2206,1106,9.0,7,2023,2023-06-18,18:00:00,villeneuve,albon,williams,28,1,15,2.0,14.0,14.666666666666666,-0.6666666666666666,0.0,0.040000003,0.040000003,0.043333337,0.006666667,0.0033333334,0.0033333334,0.01,0.07999999,0.5966662,0.07666666,0.04666667,0.023333335,0.013333334,0.0033333334,0.006666667,0.0033333334,0.0033333334,0.0,0.0
511,2207,1106,6.0,8,2023,2023-06-18,18:00:00,villeneuve,ocon,alpine,28,23,2,-2.0,5.666666666666667,6.666666666666667,-1.0,0.0,0.030000003,0.013333334,0.0033333334,0.0,0.013333334,0.0,0.040000003,0.1033333,0.11333329,0.5833329,0.07666666,0.01,0.0033333334,0.0,0.0033333334,0.0,0.006666667,0.0,0.0
512,2208,1106,16.0,9,2023,2023-06-18,18:00:00,villeneuve,stroll,aston_martin,28,33,3,7.0,12.333333333333334,,,0.0,0.18333323,0.043333337,0.043333337,0.0,0.0033333334,0.04666667,0.006666667,0.0033333334,0.033333335,0.10666663,0.5266663,0.0,0.0,0.0,0.0,0.0033333334,0.0,0.0,0.0
513,2209,1106,14.0,10,2023,2023-06-18,18:00:00,villeneuve,bottas,alfa,28,4,0,4.0,13.666666666666666,14.333333333333334,-0.6666666666666666,0.0,0.6033329,0.16666658,0.05333334,0.0,0.0,0.0,0.0,0.0,0.016666668,0.016666668,0.09999997,0.016666668,0.020000001,0.0,0.0,0.0,0.006666667,0.0,0.0
514,2210,1106,8.0,11,2023,2023-06-18,18:00:00,villeneuve,piastri,mclaren,28,25,7,-3.0,13.0,14.0,-1.0,0.0,0.13333328,0.54666626,0.12999995,0.0,0.0,0.006666667,0.0,0.0033333334,0.006666667,0.023333335,0.013333334,0.08333332,0.020000001,0.02666667,0.0033333334,0.0033333334,0.0,0.0,0.0
515,2211,1106,15.0,12,2023,2023-06-18,18:00:00,villeneuve,gasly,alpine,28,8,2,3.0,7.333333333333333,8.333333333333334,-1.0,0.0,0.2466665,0.14333327,0.39333305,0.0,0.0,0.0033333334,0.013333334,0.01,0.02666667,0.006666667,0.056666672,0.04666667,0.023333335,0.016666668,0.013333334,0.0,0.0,0.0,0.0
516,2212,1106,7.0,13,2023,2023-06-18,18:00:00,villeneuve,norris,mclaren,28,22,7,-6.0,9.666666666666666,14.333333333333334,-4.666666666666667,0.0,0.016666668,0.040000003,0.043333337,0.0,0.0,0.0,0.0,0.0033333334,0.006666667,0.020000001,0.013333334,0.5266663,0.10666663,0.20666654,0.01,0.006666667,0.0,0.0,0.0
517,2213,1106,19.0,14,2023,2023-06-18,18:00:00,villeneuve,tsunoda,alphatauri,28,34,1,5.0,13.666666666666666,12.666666666666666,1.0,0.0,0.006666667,0.006666667,0.05333334,0.0,0.0,0.0,0.0,0.0,0.0,0.0,0.006666667,0.11999995,0.7066661,0.06666667,0.033333335,0.0,0.0,0.0,0.0
518,2214,1106,5.0,15,2023,2023-06-18,18:00:00,villeneuve,hulkenberg,haas,28,12,6,-10.0,12.333333333333334,15.666666666666666,-3.333333333333333,0.0,0.07333333,0.05333334,0.023333335,0.0,0.0,0.0,0.0,0.0,0.01,0.04666667,0.013333334,0.08666665,0.12666662,0.29333314,0.1033333,0.14999993,0.013333334,0.0,0.006666667
519,2215,1106,20.0,16,2023,2023-06-18,18:00:00,villeneuve,zhou,alfa,28,37,0,4.0,15.333333333333334,12.666666666666666,2.6666666666666665,0.0,0.0,0.0,0.033333335,0.0,0.0,0.0,0.0,0.0,0.0,0.0,0.0,0.03666667,0.16999991,0.20999987,0.5299996,0.020000001,0.0,0.0,0.0
520,2216,1106,13.0,17,2023,2023-06-18,18:00:00,villeneuve,kevin_magnussen,haas,28,13,6,-4.0,12.666666666666666,,,0.0,0.006666667,0.0033333334,0.006666667,0.0,0.0,0.0,0.0,0.0,0.0,0.0,0.0,0.01,0.050000004,0.05333334,0.1899999,0.48999962,0.10666663,0.07,0.013333334
521,2217,1106,17.0,18,2023,2023-06-18,18:00:00,villeneuve,de_vries,alphatauri,28,6,1,-1.0,13.666666666666666,14.666666666666666,-1.0,0.0,0.0,0.0,0.006666667,0.0,0.0,0.0,0.0,0.0,0.0,0.0,0.0,0.020000001,0.02666667,0.06333334,0.08333332,0.11333329,0.47999963,0.17333324,0.033333335
522,2220,1107,1.0,1,2023,2023-07-02,13:00:00,red_bull_ring,max_verstappen,red_bull,19,19,11,0.0,1.0,1.0,0.0,0.99666584,0.0,0.0,0.0,0.0033333334,0.0,0.0,0.0,0.0,0.0,0.0,0.0,0.0,0.0,0.0,0.0,0.0,0.0,0.0,0.0
523,2221,1107,2.0,2,2023,2023-07-02,13:00:00,red_bull_ring,leclerc,ferrari,19,18,4,0.0,11.666666666666666,7.0,4.666666666666667,0.15666659,0.0033333334,0.0033333334,0.0,0.55666625,0.15333326,0.040000003,0.043333337,0.030000003,0.0,0.006666667,0.0033333334,0.0033333334,0.0,0.0,0.0,0.0,0.0,0.0,0.0
524,2222,1107,15.0,3,2023,2023-07-02,13:00:00,red_bull_ring,perez,red_bull,19,24,11,12.0,14.333333333333334,8.666666666666666,5.666666666666667,0.006666667,0.043333337,0.013333334,0.01,0.0033333334,0.25999984,0.22999986,0.10666663,0.12666662,0.040000003,0.06666667,0.07999999,0.0,0.013333334,0.0,0.0,0.0,0.0,0.0,0.0
525,2223,1107,4.0,4,2023,2023-07-02,13:00:00,red_bull_ring,norris,mclaren,19,22,7,0.0,6.666666666666667,13.0,-6.333333333333333,0.0033333334,0.0,0.0033333334,0.0,0.023333335,0.07666666,0.80999935,0.05333334,0.013333334,0.006666667,0.006666667,0.0,0.0,0.0,0.0033333334,0.0,0.0,0.0,0.0,0.0
526,2224,1107,7.0,5,2023,2023-07-02,13:00:00,red_bull_ring,alonso,aston_martin,19,2,3,2.0,4.0,3.6666666666666665,0.3333333333333333,0.0033333334,0.0,0.0,0.0,0.043333337,0.05333334,0.10666663,0.6599995,0.05333334,0.06333334,0.01,0.0033333334,0.0,0.0,0.0,0.0033333334,0.0,0.0,0.0,0.0
527,2225,1107,3.0,6,2023,2023-07-02,13:00:00,red_bull_ring,sainz,ferrari,19,30,4,-3.0,5.666666666666667,6.0,-0.3333333333333333,0.0033333334,0.043333337,0.0033333334,0.0033333334,0.006666667,0.030000003,0.043333337,0.20666654,0.40333304,0.16333325,0.08999998,0.0033333334,0.0,0.0,0.0,0.0,0.0,0.0,0.0,0.0
528,2226,1107,11.0,7,2023,2023-07-02,13:00:00,red_bull_ring,russell,mercedes,19,29,8,4.0,8.0,,,0.0033333334,0.01,0.01,0.0033333334,0.0,0.0033333334,0.03666667,0.050000004,0.12333328,0.57666624,0.16333325,0.020000001,0.0,0.0,0.0,0.0,0.0,0.0,0.0,0.0
529,2227,1107,5.0,8,2023,2023-07-02,13:00:00,red_bull_ring,hamilton,mercedes,19,11,8,-3.0,4.0,3.0,1.0,0.0,0.023333335,0.0033333334,0.013333334,0.006666667,0.013333334,0.06333334,0.10666663,0.07666666,0.16333325,0.4666663,0.040000003,0.0,0.0,0.0033333334,0.0033333334,0.0,0.016666668,0.0,0.0
530,2228,1107,6.0,9,2023,2023-07-02,13:00:00,red_bull_ring,stroll,aston_martin,19,33,3,-3.0,11.666666666666666,,,0.0,0.08333332,0.02666667,0.016666668,0.0,0.0033333334,0.0,0.0033333334,0.016666668,0.033333335,0.17333324,0.60999954,0.006666667,0.0033333334,0.0033333334,0.013333334,0.006666667,0.0,0.0,0.0
531,2229,1107,9.0,10,2023,2023-07-02,13:00:00,red_bull_ring,gasly,alpine,19,8,2,-1.0,10.666666666666666,9.666666666666666,1.0,0.0,0.50999963,0.14999993,0.013333334,0.0,0.0,0.0,0.0,0.0033333334,0.006666667,0.03666667,0.26333317,0.01,0.0033333334,0.0033333334,0.0,0.0,0.0,0.0,0.0
532,2230,1107,10.0,11,2023,2023-07-02,13:00:00,red_bull_ring,albon,williams,19,1,15,-1.0,13.333333333333334,12.333333333333334,1.0,0.0,0.11999995,0.46333298,0.20333321,0.0033333334,0.0,0.0,0.0,0.0033333334,0.020000001,0.020000001,0.07333333,0.043333337,0.02666667,0.006666667,0.01,0.006666667,0.0,0.0,0.0
533,2231,1107,17.0,12,2023,2023-07-02,13:00:00,red_bull_ring,zhou,alfa,19,37,0,5.0,17.333333333333332,12.666666666666666,4.666666666666667,0.0,0.033333335,0.12999995,0.68666613,0.0,0.0,0.0,0.0,0.0,0.0,0.0,0.0,0.09666664,0.033333335,0.013333334,0.0,0.006666667,0.0,0.0,0.0
534,2232,1107,18.0,13,2023,2023-07-02,13:00:00,red_bull_ring,sargeant,williams,19,31,15,5.0,18.0,,,0.0,0.016666668,0.07666666,0.23333319,0.0,0.0,0.0,0.0,0.0,0.0,0.0,0.01,0.35999975,0.27999982,0.013333334,0.01,0.0,0.0,0.0,0.0
535,2233,1107,12.0,14,2023,2023-07-02,13:00:00,red_bull_ring,ocon,alpine,19,23,2,-2.0,5.0,6.333333333333333,-1.3333333333333333,0.0,0.060000006,0.020000001,0.056666672,0.0,0.0,0.0033333334,0.020000001,0.016666668,0.006666667,0.03666667,0.05333334,0.19333322,0.3866664,0.056666672,0.02666667,0.023333335,0.03666667,0.0033333334,0.0
536,2234,1107,14.0,15,2023,2023-07-02,13:00:00,red_bull_ring,bottas,alfa,19,4,0,-1.0,15.0,13.333333333333334,1.6666666666666667,0.0,0.0,0.0033333334,0.013333334,0.0,0.0,0.0,0.0,0.0,0.0,0.0,0.0,0.016666668,0.09666664,0.7066661,0.09333331,0.016666668,0.050000004,0.0033333334,0.0
537,2235,1107,13.0,16,2023,2023-07-02,13:00:00,red_bull_ring,piastri,mclaren,19,25,7,-3.0,9.333333333333334,11.333333333333334,-2.0,0.0,0.006666667,0.016666668,0.03666667,0.0,0.0,0.0,0.0,0.0033333334,0.0,0.01,0.0,0.03666667,0.06666667,0.13666661,0.3866664,0.1899999,0.06333334,0.04666667,0.0
538,2236,1107,0.0,17,2023,2023-07-02,13:00:00,red_bull_ring,de_vries,alphatauri,19,6,1,-17.0,14.333333333333334,14.666666666666666,-0.3333333333333333,0.0,0.006666667,0.030000003,0.02666667,0.0,0.0,0.0,0.0,0.0,0.0,0.0033333334,0.01,0.11666662,0.013333334,0.05333334,0.043333337,0.5833329,0.08666665,0.0,0.02666667
539,2237,1107,0.0,18,2023,2023-07-02,13:00:00,red_bull_ring,kevin_magnussen,haas,19,13,6,-18.0,15.666666666666666,,,0.0,0.02666667,0.01,0.013333334,0.0,0.0,0.0,0.0,0.0033333334,0.0,0.0,0.0,0.05333334,0.006666667,0.01,0.09999997,0.35999975,0.3999997,0.0,0.016666668
540,2238,1107,16.0,19,2023,2023-07-02,13:00:00,red_bull_ring,tsunoda,alphatauri,19,34,1,-3.0,14.333333333333334,13.666666666666666,0.6666666666666666,0.0,0.0,0.0,0.013333334,0.0,0.0,0.0,0.0,0.0,0.0,0.0,0.0,0.0033333334,0.01,0.06666667,0.17333324,0.15666659,0.15999992,0.38999972,0.02666667
541,2240,1108,1.0,1,2023,2023-07-09,14:00:00,silverstone,max_verstappen,red_bull,23,19,11,0.0,1.0,1.0,0.0,0.98666584,0.0,0.0,0.0,0.013333334,0.0,0.0,0.0,0.0,0.0,0.0,0.0,0.0,0.0,0.0,0.0,0.0,0.0,0.0,0.0
542,2241,1108,2.0,2,2023,2023-07-09,14:00:00,silverstone,norris,mclaren,23,22,7,0.0,4.666666666666667,11.333333333333334,-6.666666666666667,0.07333333,0.0,0.0033333334,0.0,0.8399993,0.03666667,0.033333335,0.0,0.0,0.0033333334,0.0033333334,0.0,0.0,0.0,0.0033333334,0.0,0.0033333334,0.0,0.0,0.0
543,2242,1108,7.0,3,2023,2023-07-09,14:00:00,silverstone,hamilton,mercedes,23,11,8,4.0,4.0,4.333333333333333,-0.3333333333333333,0.06666667,0.0,0.0,0.0,0.18666656,0.41333303,0.1466666,0.11999995,0.05333334,0.01,0.0033333334,0.0,0.0,0.0,0.0,0.0,0.0,0.0,0.0,0.0
544,2243,1108,3.0,4,2023,2023-07-09,14:00:00,silverstone,piastri,mclaren,23,25,7,-1.0,10.0,13.333333333333334,-3.333333333333333,0.01,0.0,0.0,0.01,0.04666667,0.22999986,0.46999964,0.14999993,0.030000003,0.016666668,0.02666667,0.0033333334,0.0,0.0,0.0,0.0,0.0033333334,0.0033333334,0.0,0.0
545,2244,1108,6.0,5,2023,2023-07-09,14:00:00,silverstone,russell,mercedes,23,29,8,1.0,9.0,,,0.013333334,0.0033333334,0.0,0.0,0.01,0.040000003,0.08666665,0.74333274,0.08666665,0.013333334,0.0,0.0033333334,0.0,0.0,0.0,0.0,0.0,0.0,0.0,0.0
546,2245,1108,15.0,6,2023,2023-07-09,14:00:00,silverstone,perez,red_bull,23,24,11,9.0,12.666666666666666,4.333333333333333,8.333333333333334,0.020000001,0.060000006,0.01,0.0033333334,0.01,0.06333334,0.07333333,0.15999992,0.38999972,0.05333334,0.06333334,0.07666666,0.01,0.0033333334,0.0,0.0033333334,0.0,0.0,0.0,0.0
547,2246,1108,9.0,7,2023,2023-07-09,14:00:00,silverstone,alonso,aston_martin,23,2,3,2.0,5.666666666666667,4.666666666666667,1.0,0.0,0.03666667,0.013333334,0.0,0.0,0.016666668,0.02666667,0.09333331,0.18666656,0.453333,0.08333332,0.08333332,0.0033333334,0.0,0.0033333334,0.0,0.0,0.0,0.0,0.0
548,2247,1108,8.0,8,2023,2023-07-09,14:00:00,silverstone,albon,williams,23,1,15,0.0,12.333333333333334,11.333333333333334,1.0,0.0,0.02666667,0.04666667,0.040000003,0.013333334,0.0,0.006666667,0.0033333334,0.040000003,0.1033333,0.52333295,0.1799999,0.013333334,0.0,0.0,0.0,0.0033333334,0.0,0.0,0.0
549,2248,1108,4.0,9,2023,2023-07-09,14:00:00,silverstone,leclerc,ferrari,23,18,4,-5.0,10.333333333333334,5.666666666666667,4.666666666666667,0.0033333334,0.07999999,0.09666664,0.033333335,0.0033333334,0.0033333334,0.01,0.040000003,0.043333337,0.20999987,0.06666667,0.3766664,0.006666667,0.0033333334,0.01,0.0033333334,0.0033333334,0.0033333334,0.0,0.0033333334
550,2249,1108,5.0,10,2023,2023-07-09,14:00:00,silverstone,sainz,ferrari,23,30,4,-5.0,5.333333333333333,5.333333333333333,0.0,0.0,0.35999975,0.2133332,0.05333334,0.0,0.0,0.01,0.016666668,0.033333335,0.016666668,0.1799999,0.020000001,0.043333337,0.01,0.0,0.020000001,0.006666667,0.01,0.0,0.006666667
551,2250,1108,14.0,11,2023,2023-07-09,14:00:00,silverstone,sargeant,williams,23,31,15,3.0,18.666666666666668,,,0.0,0.1466666,0.47999963,0.16333325,0.0,0.0,0.0033333334,0.0,0.006666667,0.0033333334,0.006666667,0.02666667,0.06333334,0.03666667,0.030000003,0.006666667,0.020000001,0.006666667,0.0,0.0
552,2251,1108,20.0,12,2023,2023-07-09,14:00:00,silverstone,bottas,alfa,23,4,0,8.0,14.666666666666666,14.666666666666666,0.0,0.0,0.09666664,0.08333332,0.65666616,0.0,0.0,0.0033333334,0.0,0.0,0.006666667,0.006666667,0.07333333,0.020000001,0.033333335,0.016666668,0.0,0.0033333334,0.0,0.0,0.0
553,2252,1108,11.0,13,2023,2023-07-09,14:00:00,silverstone,hulkenberg,haas,23,12,6,-2.0,6.666666666666667,,,0.0,0.023333335,0.07999999,0.09333331,0.0,0.0,0.0,0.0,0.0033333334,0.0033333334,0.006666667,0.01,0.63333285,0.1033333,0.0033333334,0.023333335,0.0033333334,0.01,0.0033333334,0.0
554,2253,1108,12.0,14,2023,2023-07-09,14:00:00,silverstone,stroll,aston_martin,23,33,3,-2.0,9.0,8.0,1.0,0.0,0.04666667,0.040000003,0.12999995,0.0,0.0,0.0033333334,0.0,0.0,0.0,0.013333334,0.006666667,0.28333315,0.38999972,0.043333337,0.016666668,0.023333335,0.0033333334,0.0,0.0
555,2254,1108,17.0,15,2023,2023-07-09,14:00:00,silverstone,zhou,alfa,23,37,0,2.0,16.666666666666668,12.333333333333334,4.333333333333333,0.0,0.0,0.0,0.0033333334,0.0,0.0,0.0,0.0,0.0,0.0,0.0,0.0,0.016666668,0.09999997,0.7933327,0.040000003,0.040000003,0.006666667,0.0,0.0
556,2255,1108,16.0,16,2023,2023-07-09,14:00:00,silverstone,tsunoda,alphatauri,23,34,1,0.0,16.666666666666668,15.0,1.6666666666666667,0.0,0.006666667,0.0,0.006666667,0.0,0.0,0.0,0.0,0.0,0.0,0.0,0.0033333334,0.006666667,0.040000003,0.17333324,0.66666615,0.06333334,0.006666667,0.02666667,0.0
557,2256,1108,18.0,17,2023,2023-07-09,14:00:00,silverstone,de_vries,alphatauri,23,6,1,1.0,10.333333333333334,16.333333333333332,-6.0,0.0,0.006666667,0.0,0.006666667,0.0,0.0,0.0,0.0,0.0,0.0,0.0,0.0,0.006666667,0.02666667,0.10999996,0.16333325,0.44666633,0.19999988,0.030000003,0.0033333334
558,2257,1108,10.0,18,2023,2023-07-09,14:00:00,silverstone,gasly,alpine,23,8,2,-8.0,11.333333333333334,10.666666666666666,0.6666666666666666,0.0,0.0,0.033333335,0.01,0.0,0.0,0.0,0.0,0.0,0.006666667,0.0,0.0,0.050000004,0.07666666,0.09333331,0.11666662,0.3433331,0.23999985,0.030000003,0.0
559,2260,1109,2.0,1,2023,2023-07-23,13:00:00,hungaroring,max_verstappen,red_bull,6,19,11,1.0,1.0,1.0,0.0,0.95333254,0.0,0.0,0.0,0.04666667,0.0,0.0,0.0,0.0,0.0,0.0,0.0,0.0,0.0,0.0,0.0,0.0,0.0,0.0,0.0
560,2261,1109,3.0,2,2023,2023-07-23,13:00:00,hungaroring,norris,mclaren,6,22,7,1.0,4.333333333333333,6.333333333333333,-2.0,0.07333333,0.0,0.0,0.0,0.8033327,0.06666667,0.040000003,0.01,0.0033333334,0.0033333334,0.0,0.0,0.0,0.0,0.0,0.0,0.0,0.0,0.0,0.0
561,2262,1109,9.0,3,2023,2023-07-23,13:00:00,hungaroring,perez,red_bull,6,24,11,6.0,14.0,5.0,9.0,0.04666667,0.020000001,0.0033333334,0.0,0.013333334,0.2999998,0.32666644,0.09333331,0.13333328,0.033333335,0.013333334,0.01,0.006666667,0.0,0.0,0.0,0.0,0.0,0.0,0.0
562,2263,1109,1.0,4,2023,2023-07-23,13:00:00,hungaroring,hamilton,mercedes,6,11,8,-3.0,5.0,4.666666666666667,0.3333333333333333,0.006666667,0.0,0.006666667,0.0,0.016666668,0.08999998,0.5733329,0.11666662,0.05333334,0.08999998,0.033333335,0.01,0.0,0.0,0.0033333334,0.0,0.0,0.0,0.0,0.0
563,2264,1109,4.0,5,2023,2023-07-23,13:00:00,hungaroring,piastri,mclaren,6,25,7,-1.0,8.0,10.333333333333334,-2.333333333333333,0.006666667,0.006666667,0.0,0.0,0.023333335,0.020000001,0.08999998,0.70999944,0.12333328,0.013333334,0.006666667,0.0,0.0,0.0,0.0,0.0,0.0,0.0,0.0,0.0
564,2265,1109,18.0,6,2023,2023-07-23,13:00:00,hungaroring,russell,mercedes,6,29,8,12.0,7.0,,,0.0,0.033333335,0.006666667,0.056666672,0.08333332,0.13666661,0.07,0.10999996,0.23999985,0.11333329,0.1033333,0.02666667,0.006666667,0.0033333334,0.0033333334,0.0,0.006666667,0.0,0.0,0.0
565,2266,1109,6.0,7,2023,2023-07-23,13:00:00,hungaroring,leclerc,ferrari,6,18,4,-1.0,5.333333333333333,5.0,0.3333333333333333,0.0,0.020000001,0.0,0.0033333334,0.0033333334,0.0,0.043333337,0.1033333,0.16999991,0.5499996,0.060000006,0.030000003,0.0,0.0033333334,0.0,0.0,0.0033333334,0.01,0.0,0.0
566,2267,1109,11.0,8,2023,2023-07-23,13:00:00,hungaroring,sainz,ferrari,6,30,4,3.0,6.333333333333333,7.0,-0.6666666666666666,0.0033333334,0.040000003,0.0033333334,0.006666667,0.0033333334,0.023333335,0.013333334,0.19666655,0.023333335,0.16666658,0.45666632,0.04666667,0.006666667,0.0,0.006666667,0.0,0.0,0.0,0.0033333334,0.0
567,2268,1109,8.0,9,2023,2023-07-23,13:00:00,hungaroring,alonso,aston_martin,6,2,3,-1.0,6.0,4.666666666666667,1.3333333333333333,0.0,0.07333333,0.030000003,0.0,0.006666667,0.01,0.006666667,0.030000003,0.04666667,0.12333328,0.06333334,0.5533329,0.02666667,0.0033333334,0.01,0.0,0.006666667,0.006666667,0.0,0.0033333334
568,2269,1109,14.0,10,2023,2023-07-23,13:00:00,hungaroring,stroll,aston_martin,6,33,3,4.0,11.333333333333334,10.666666666666666,0.6666666666666666,0.0,0.70999944,0.15666659,0.04666667,0.0,0.0,0.0033333334,0.0,0.0,0.0,0.006666667,0.07,0.0033333334,0.0033333334,0.0,0.0,0.0,0.0,0.0,0.0
569,2270,1109,16.0,11,2023,2023-07-23,13:00:00,hungaroring,albon,williams,6,1,15,5.0,9.0,8.666666666666666,0.3333333333333333,0.0,0.13666661,0.57666624,0.10999996,0.0,0.0,0.0033333334,0.013333334,0.01,0.0033333334,0.020000001,0.08666665,0.013333334,0.01,0.01,0.006666667,0.0,0.0,0.0,0.0
570,2271,1109,7.0,12,2023,2023-07-23,13:00:00,hungaroring,bottas,alfa,6,4,0,-5.0,16.0,12.333333333333334,3.6666666666666665,0.0,0.06333334,0.14333327,0.503333,0.0,0.0,0.0033333334,0.0,0.0,0.006666667,0.0033333334,0.02666667,0.15333326,0.013333334,0.03666667,0.016666668,0.016666668,0.01,0.0,0.0033333334
571,2272,1109,13.0,13,2023,2023-07-23,13:00:00,hungaroring,ricciardo,alphatauri,6,28,1,0.0,11.666666666666666,,,0.0,0.006666667,0.02666667,0.08666665,0.0,0.0,0.0,0.0,0.0,0.0,0.0,0.006666667,0.6699995,0.15333326,0.040000003,0.006666667,0.0033333334,0.0,0.0,0.0
572,2273,1109,10.0,14,2023,2023-07-23,13:00:00,hungaroring,hulkenberg,haas,6,12,6,-4.0,8.0,,,0.0,0.013333334,0.013333334,0.040000003,0.0,0.0,0.0,0.0,0.0,0.0033333334,0.0,0.0033333334,0.12333328,0.6366662,0.033333335,0.06333334,0.06333334,0.0,0.0033333334,0.0033333334
573,2274,1109,17.0,15,2023,2023-07-23,13:00:00,hungaroring,tsunoda,alphatauri,6,34,1,2.0,17.0,16.333333333333332,0.6666666666666666,0.0,0.0033333334,0.0033333334,0.01,0.0,0.0,0.0,0.0,0.0,0.0,0.0,0.0033333334,0.01,0.09333331,0.6733328,0.06666667,0.06666667,0.04666667,0.016666668,0.006666667
574,2275,1109,5.0,16,2023,2023-07-23,13:00:00,hungaroring,zhou,alfa,6,37,0,-11.0,18.0,14.333333333333334,3.6666666666666665,0.0,0.09666664,0.050000004,0.10999996,0.0,0.0,0.006666667,0.0,0.0,0.013333334,0.01,0.023333335,0.050000004,0.033333335,0.12666662,0.4199997,0.033333335,0.020000001,0.0033333334,0.0033333334
575,2276,1109,19.0,17,2023,2023-07-23,13:00:00,hungaroring,kevin_magnussen,haas,6,13,6,2.0,10.666666666666666,,,0.0,0.0,0.0,0.0,0.0,0.0,0.0,0.0,0.0,0.0,0.0,0.0,0.0033333334,0.01,0.03666667,0.11999995,0.7299994,0.09666664,0.0033333334,0.0
576,2280,1110,6.0,1,2023,2023-07-30,13:00:00,spa,max_verstappen,red_bull,25,19,11,5.0,1.3333333333333333,1.0,0.3333333333333333,0.5866662,0.0,0.0,0.0,0.15999992,0.14999993,0.04666667,0.016666668,0.023333335,0.01,0.0,0.0,0.0,0.0,0.0,0.0033333334,0.0,0.0033333334,0.0,0.0
577,2281,1110,2.0,2,2023,2023-07-30,13:00:00,spa,perez,red_bull,25,24,11,0.0,13.0,4.0,9.0,0.1466666,0.006666667,0.0,0.0,0.6599995,0.08333332,0.020000001,0.03666667,0.040000003,0.006666667,0.0,0.0,0.0,0.0,0.0,0.0,0.0,0.0,0.0,0.0
578,2282,1110,1.0,3,2023,2023-07-30,13:00:00,spa,leclerc,ferrari,25,18,4,-2.0,4.0,6.0,-2.0,0.0,0.0,0.0,0.0033333334,0.04666667,0.826666,0.06666667,0.05333334,0.0,0.0,0.0033333334,0.0,0.0,0.0,0.0,0.0,0.0,0.0,0.0,0.0
579,2283,1110,3.0,4,2023,2023-07-30,13:00:00,spa,hamilton,mercedes,25,11,8,-1.0,4.333333333333333,5.0,-0.6666666666666666,0.013333334,0.0,0.0,0.0,0.03666667,0.1466666,0.67666614,0.11999995,0.0,0.0033333334,0.0033333334,0.0,0.0,0.0,0.0,0.0,0.0,0.0,0.0,0.0
580,2284,1110,9.0,5,2023,2023-07-30,13:00:00,spa,alonso,aston_martin,25,2,3,4.0,8.0,7.0,1.0,0.0033333334,0.013333334,0.023333335,0.0,0.006666667,0.023333335,0.18333323,0.5266663,0.09666664,0.060000006,0.033333335,0.02666667,0.0,0.0,0.0033333334,0.0,0.0,0.0,0.0,0.0
581,2285,1110,8.0,6,2023,2023-07-30,13:00:00,spa,russell,mercedes,25,29,8,2.0,11.666666666666666,6.0,5.666666666666667,0.0,0.040000003,0.0,0.0033333334,0.0,0.016666668,0.016666668,0.22999986,0.58999956,0.06666667,0.016666668,0.020000001,0.0,0.0,0.0,0.0,0.0,0.0,0.0,0.0
582,2286,1110,7.0,7,2023,2023-07-30,13:00:00,spa,norris,mclaren,25,22,7,0.0,3.0,2.6666666666666665,0.3333333333333333,0.013333334,0.006666667,0.0,0.0033333334,0.01,0.043333337,0.060000006,0.08666665,0.15666659,0.56666625,0.040000003,0.006666667,0.0,0.0,0.0,0.0033333334,0.0,0.0033333334,0.0,0.0
583,2287,1110,14.0,8,2023,2023-07-30,13:00:00,spa,ocon,alpine,25,23,2,6.0,12.333333333333334,,,0.0,0.060000006,0.016666668,0.0,0.0,0.0033333334,0.020000001,0.0,0.006666667,0.030000003,0.7699994,0.09333331,0.0,0.0,0.0,0.0,0.0,0.0,0.0,0.0
584,2288,1110,10.0,9,2023,2023-07-30,13:00:00,spa,stroll,aston_martin,25,33,3,1.0,10.666666666666666,11.0,-0.3333333333333333,0.0,0.15999992,0.043333337,0.01,0.0,0.0,0.0,0.0,0.0033333334,0.056666672,0.09333331,0.62333286,0.0,0.0,0.0033333334,0.0033333334,0.0,0.0033333334,0.0,0.0
585,2289,1110,11.0,10,2023,2023-07-30,13:00:00,spa,tsunoda,alphatauri,25,34,1,1.0,16.333333333333332,16.666666666666668,-0.3333333333333333,0.0,0.48333296,0.16666658,0.07999999,0.0,0.0,0.0,0.0033333334,0.0,0.006666667,0.020000001,0.13999994,0.02666667,0.013333334,0.01,0.023333335,0.013333334,0.01,0.0033333334,0.0
586,2290,1110,12.0,11,2023,2023-07-30,13:00:00,spa,gasly,alpine,25,8,2,1.0,11.333333333333334,,,0.0,0.07333333,0.8399993,0.013333334,0.0,0.0,0.0,0.0,0.0033333334,0.0,0.013333334,0.020000001,0.02666667,0.006666667,0.0,0.0033333334,0.0,0.0,0.0,0.0
587,2291,1110,13.0,12,2023,2023-07-30,13:00:00,spa,bottas,alfa,25,4,0,1.0,13.666666666666666,13.0,0.6666666666666666,0.0,0.020000001,0.07,0.69999945,0.0,0.0,0.0,0.0,0.0033333334,0.0,0.0033333334,0.013333334,0.09999997,0.04666667,0.023333335,0.0,0.006666667,0.013333334,0.0,0.0
588,2292,1110,17.0,13,2023,2023-07-30,13:00:00,spa,zhou,alfa,25,37,0,4.0,13.0,14.333333333333334,-1.3333333333333333,0.0,0.006666667,0.016666668,0.15333326,0.0,0.0,0.0,0.0,0.0,0.0,0.0,0.023333335,0.6533328,0.11999995,0.01,0.013333334,0.0033333334,0.0,0.0,0.0
589,2293,1110,15.0,14,2023,2023-07-30,13:00:00,spa,albon,williams,25,1,15,1.0,11.333333333333334,10.0,1.3333333333333333,0.0,0.0033333334,0.006666667,0.056666672,0.0,0.0,0.0,0.0,0.0,0.0,0.006666667,0.01,0.12333328,0.7066661,0.043333337,0.016666668,0.016666668,0.0033333334,0.0,0.006666667
590,2294,1110,16.0,15,2023,2023-07-30,13:00:00,spa,kevin_magnussen,haas,25,13,6,1.0,12.666666666666666,,,0.0,0.0,0.0,0.01,0.0,0.0,0.0,0.0,0.0,0.0,0.0,0.0,0.02666667,0.12666662,0.7266661,0.07333333,0.033333335,0.0033333334,0.0,0.0
591,2295,1110,19.0,16,2023,2023-07-30,13:00:00,spa,ricciardo,alphatauri,25,28,1,3.0,12.333333333333334,,,0.0,0.006666667,0.0033333334,0.013333334,0.0,0.0,0.0,0.0,0.0,0.0,0.0,0.0033333334,0.033333335,0.08333332,0.1799999,0.6166662,0.05333334,0.006666667,0.0,0.0
592,2296,1110,18.0,17,2023,2023-07-30,13:00:00,spa,sargeant,williams,25,31,15,1.0,17.333333333333332,,,0.0,0.0,0.0,0.0033333334,0.0,0.0,0.0,0.0,0.0,0.0,0.0,0.0,0.006666667,0.013333334,0.023333335,0.10666663,0.806666,0.030000003,0.01,0.0
593,2297,1110,0.0,18,2023,2023-07-30,13:00:00,spa,hulkenberg,haas,25,12,6,-18.0,9.666666666666666,,,0.0,0.050000004,0.0,0.0,0.0033333334,0.0,0.0,0.0,0.0,0.006666667,0.0033333334,0.016666668,0.056666672,0.01,0.07333333,0.07,0.3333331,0.34999976,0.006666667,0.020000001
594,2300,1111,1.0,1,2023,2023-08-27,13:00:00,zandvoort,max_verstappen,red_bull,30,19,11,0.0,3.0,1.0,2.0,0.99666584,0.0,0.0,0.0,0.0033333334,0.0,0.0,0.0,0.0,0.0,0.0,0.0,0.0,0.0,0.0,0.0,0.0,0.0,0.0,0.0
595,2301,1111,5.0,2,2023,2023-08-27,13:00:00,zandvoort,alonso,aston_martin,30,2,3,3.0,8.666666666666666,7.0,1.6666666666666667,0.03666667,0.0033333334,0.0033333334,0.0,0.46333298,0.2566665,0.09666664,0.060000006,0.060000006,0.013333334,0.0033333334,0.0,0.0,0.0,0.0,0.0033333334,0.0,0.0,0.0,0.0
596,2302,1111,12.0,3,2023,2023-08-27,13:00:00,zandvoort,gasly,alpine,30,8,2,9.0,12.333333333333334,,,0.060000006,0.016666668,0.0033333334,0.0,0.04666667,0.23333319,0.06333334,0.06333334,0.28666648,0.12333328,0.060000006,0.040000003,0.0,0.0033333334,0.0,0.0,0.0,0.0,0.0,0.0
597,2303,1111,7.0,4,2023,2023-08-27,13:00:00,zandvoort,perez,red_bull,30,24,11,3.0,8.666666666666666,3.6666666666666665,5.0,0.060000006,0.006666667,0.006666667,0.0,0.13333328,0.12333328,0.37999973,0.19666655,0.07333333,0.01,0.0033333334,0.0033333334,0.0,0.0,0.0,0.0033333334,0.0,0.0,0.0,0.0
598,2304,1111,6.0,5,2023,2023-08-27,13:00:00,zandvoort,sainz,ferrari,30,30,4,1.0,6.666666666666667,,,0.0,0.0,0.0,0.0,0.006666667,0.043333337,0.08666665,0.61333287,0.21666653,0.020000001,0.0033333334,0.006666667,0.0,0.0,0.0,0.0033333334,0.0,0.0,0.0,0.0
599,2305,1111,13.0,6,2023,2023-08-27,13:00:00,zandvoort,hamilton,mercedes,30,11,8,7.0,3.6666666666666665,3.6666666666666665,0.0,0.033333335,0.020000001,0.01,0.0033333334,0.013333334,0.020000001,0.1466666,0.12999995,0.5733329,0.013333334,0.033333335,0.0,0.0,0.0,0.0,0.0033333334,0.0,0.0,0.0,0.0
600,2306,1111,2.0,7,2023,2023-08-27,13:00:00,zandvoort,norris,mclaren,30,22,7,-5.0,4.0,3.6666666666666665,0.3333333333333333,0.0,0.01,0.0033333334,0.006666667,0.01,0.03666667,0.02666667,0.09666664,0.12333328,0.5199996,0.09999997,0.013333334,0.0033333334,0.006666667,0.020000001,0.006666667,0.0033333334,0.0,0.0,0.013333334
601,2307,1111,4.0,8,2023,2023-08-27,13:00:00,zandvoort,albon,williams,30,1,15,-4.0,13.0,11.0,2.0,0.0,0.16333325,0.07,0.056666672,0.006666667,0.0,0.0033333334,0.023333335,0.07666666,0.21999986,0.24999984,0.07,0.016666668,0.01,0.013333334,0.0033333334,0.01,0.006666667,0.0,0.0
602,2308,1111,8.0,9,2023,2023-08-27,13:00:00,zandvoort,piastri,mclaren,30,25,7,-1.0,4.0,,,0.0,0.07999999,0.033333335,0.006666667,0.0,0.006666667,0.016666668,0.03666667,0.043333337,0.06333334,0.11666662,0.55666625,0.01,0.023333335,0.0,0.0,0.006666667,0.0,0.0,0.0
603,2309,1111,16.0,10,2023,2023-08-27,13:00:00,zandvoort,ocon,alpine,30,23,2,6.0,13.0,,,0.0,0.60999954,0.15999992,0.04666667,0.0,0.0,0.023333335,0.0,0.0,0.0,0.06666667,0.07666666,0.01,0.0033333334,0.0,0.0,0.0033333334,0.0,0.0,0.0
604,2310,1111,11.0,11,2023,2023-08-27,13:00:00,zandvoort,stroll,aston_martin,30,33,3,0.0,12.0,11.0,1.0,0.0,0.14999993,0.72333276,0.040000003,0.0,0.0,0.0,0.0,0.006666667,0.0,0.0033333334,0.040000003,0.02666667,0.0,0.0033333334,0.0,0.006666667,0.0,0.0,0.0
605,2311,1111,14.0,12,2023,2023-08-27,13:00:00,zandvoort,hulkenberg,haas,30,12,6,2.0,7.0,15.0,-8.0,0.0,0.07333333,0.06666667,0.46999964,0.0,0.0,0.0,0.0,0.0033333334,0.030000003,0.02666667,0.020000001,0.15999992,0.023333335,0.05333334,0.033333335,0.02666667,0.0033333334,0.01,0.0
606,2312,1111,19.0,13,2023,2023-08-27,13:00:00,zandvoort,lawson,alphatauri,30,17,1,6.0,,,,0.0,0.030000003,0.013333334,0.07,0.0,0.0,0.0,0.0033333334,0.0,0.006666667,0.01,0.0,0.74333274,0.10666663,0.0033333334,0.013333334,0.0,0.0,0.0,0.0
607,2313,1111,18.0,14,2023,2023-08-27,13:00:00,zandvoort,bottas,alfa,30,4,0,4.0,13.333333333333334,12.0,1.3333333333333333,0.0,0.006666667,0.01,0.02666667,0.0,0.0,0.0,0.0,0.0,0.0,0.0,0.006666667,0.06666667,0.7733327,0.07999999,0.030000003,0.0,0.0,0.0,0.0
608,2314,1111,17.0,15,2023,2023-08-27,13:00:00,zandvoort,tsunoda,alphatauri,30,34,1,2.0,14.666666666666666,13.666666666666666,1.0,0.0,0.0,0.0,0.006666667,0.0,0.0,0.0,0.0,0.0,0.0,0.0,0.0,0.01,0.06333334,0.846666,0.056666672,0.013333334,0.0033333334,0.0,0.0
609,2315,1111,0.0,16,2023,2023-08-27,13:00:00,zandvoort,kevin_magnussen,haas,30,13,6,-16.0,18.0,,,0.0,0.020000001,0.006666667,0.016666668,0.0,0.0,0.0,0.0,0.0033333334,0.0,0.0,0.0,0.09666664,0.0033333334,0.056666672,0.51333296,0.20333321,0.07666666,0.0,0.0033333334
610,2316,1111,3.0,17,2023,2023-08-27,13:00:00,zandvoort,russell,mercedes,30,29,8,-14.0,10.666666666666666,5.666666666666667,5.0,0.0,0.043333337,0.030000003,0.01,0.006666667,0.0033333334,0.0033333334,0.016666668,0.01,0.020000001,0.040000003,0.06333334,0.050000004,0.040000003,0.13999994,0.09999997,0.37999973,0.033333335,0.0,0.01
611,2320,1112,2.0,1,2023,2023-09-03,13:00:00,monza,max_verstappen,red_bull,15,19,11,1.0,3.0,1.0,2.0,0.9499992,0.0,0.0,0.0,0.050000004,0.0,0.0,0.0,0.0,0.0,0.0,0.0,0.0,0.0,0.0,0.0,0.0,0.0,0.0,0.0
612,2321,1112,5.0,2,2023,2023-09-03,13:00:00,monza,perez,red_bull,15,24,11,3.0,6.0,3.0,3.0,0.06666667,0.0,0.0,0.0,0.7299994,0.15666659,0.03666667,0.006666667,0.0033333334,0.0,0.0,0.0,0.0,0.0,0.0,0.0,0.0,0.0,0.0,0.0
613,2322,1112,1.0,3,2023,2023-09-03,13:00:00,monza,sainz,ferrari,15,30,4,-2.0,7.0,,,0.01,0.0,0.0,0.0,0.033333335,0.8133327,0.11999995,0.01,0.013333334,0.0,0.0,0.0,0.0,0.0,0.0,0.0,0.0,0.0,0.0,0.0
614,2323,1112,3.0,4,2023,2023-09-03,13:00:00,monza,leclerc,ferrari,15,18,4,-1.0,5.333333333333333,,,0.006666667,0.0,0.0,0.0,0.030000003,0.07999999,0.806666,0.043333337,0.030000003,0.0033333334,0.0,0.0,0.0,0.0,0.0,0.0,0.0,0.0,0.0,0.0
615,2324,1112,4.0,5,2023,2023-09-03,13:00:00,monza,russell,mercedes,15,29,8,-1.0,9.666666666666666,9.666666666666666,0.0,0.006666667,0.0,0.0,0.0,0.023333335,0.043333337,0.14999993,0.60999954,0.14333327,0.016666668,0.006666667,0.0,0.0,0.0,0.0,0.0,0.0,0.0,0.0,0.0
616,2325,1112,8.0,6,2023,2023-09-03,13:00:00,monza,hamilton,mercedes,15,11,8,2.0,5.666666666666667,4.666666666666667,1.0,0.0033333334,0.01,0.0033333334,0.0033333334,0.013333334,0.030000003,0.04666667,0.17333324,0.54666626,0.11999995,0.020000001,0.030000003,0.0,0.0,0.0,0.0,0.0,0.0,0.0,0.0
617,2326,1112,6.0,7,2023,2023-09-03,13:00:00,monza,albon,williams,15,1,15,-1.0,11.666666666666666,11.0,0.6666666666666666,0.0033333334,0.006666667,0.03666667,0.006666667,0.023333335,0.0033333334,0.013333334,0.056666672,0.17333324,0.5266663,0.09999997,0.030000003,0.013333334,0.0033333334,0.0033333334,0.0,0.0,0.0,0.0,0.0
618,2327,1112,9.0,8,2023,2023-09-03,13:00:00,monza,norris,mclaren,15,22,7,1.0,4.0,5.333333333333333,-1.3333333333333333,0.0,0.05333334,0.006666667,0.0,0.01,0.016666668,0.023333335,0.056666672,0.07999999,0.1799999,0.4866663,0.08666665,0.0,0.0,0.0,0.0,0.0,0.0,0.0,0.0
619,2328,1112,10.0,9,2023,2023-09-03,13:00:00,monza,alonso,aston_martin,15,2,3,1.0,7.333333333333333,5.333333333333333,2.0,0.0,0.09999997,0.016666668,0.016666668,0.0033333334,0.0,0.0033333334,0.03666667,0.043333337,0.043333337,0.13666661,0.57666624,0.01,0.0033333334,0.0033333334,0.0,0.0,0.0033333334,0.0033333334,0.0
620,2329,1112,14.0,10,2023,2023-09-03,13:00:00,monza,bottas,alfa,15,4,0,4.0,12.666666666666666,12.666666666666666,0.0,0.0,0.6533328,0.19333322,0.030000003,0.0,0.0,0.0,0.0,0.0033333334,0.006666667,0.006666667,0.07333333,0.023333335,0.0033333334,0.0033333334,0.0,0.0,0.0033333334,0.0,0.0
621,2330,1112,12.0,11,2023,2023-09-03,13:00:00,monza,lawson,alphatauri,15,17,1,1.0,,,,0.0,0.09333331,0.8033327,0.033333335,0.0,0.0,0.0,0.0,0.006666667,0.0,0.0033333334,0.033333335,0.016666668,0.0033333334,0.0033333334,0.0,0.0,0.0,0.0033333334,0.0
622,2331,1112,7.0,12,2023,2023-09-03,13:00:00,monza,piastri,mclaren,15,25,7,-5.0,5.666666666666667,,,0.0,0.07333333,0.11333329,0.47999963,0.0,0.0033333334,0.0,0.0033333334,0.01,0.006666667,0.05333334,0.023333335,0.17333324,0.01,0.030000003,0.006666667,0.0033333334,0.006666667,0.0,0.0033333334
623,2332,1112,15.0,13,2023,2023-09-03,13:00:00,monza,sargeant,williams,15,31,15,2.0,16.0,,,0.0,0.023333335,0.030000003,0.09999997,0.0,0.0,0.0,0.0,0.0,0.0,0.0,0.006666667,0.51333296,0.23333319,0.043333337,0.030000003,0.016666668,0.0033333334,0.0,0.0
624,2333,1112,16.0,14,2023,2023-09-03,13:00:00,monza,zhou,alfa,15,37,0,2.0,12.333333333333334,,,0.0,0.0,0.006666667,0.01,0.0,0.0,0.0033333334,0.0,0.0,0.0,0.0,0.0,0.06666667,0.5866662,0.24999984,0.07,0.006666667,0.0,0.0,0.0
625,2334,1112,17.0,15,2023,2023-09-03,13:00:00,monza,gasly,alpine,15,8,2,2.0,13.0,,,0.0,0.0033333334,0.0,0.0033333334,0.0,0.0,0.0,0.0,0.0,0.0,0.0,0.0,0.02666667,0.15999992,0.64666617,0.09999997,0.03666667,0.023333335,0.0,0.0
626,2335,1112,20.0,16,2023,2023-09-03,13:00:00,monza,stroll,aston_martin,15,33,3,4.0,11.666666666666666,10.0,1.6666666666666667,0.0,0.006666667,0.006666667,0.016666668,0.0,0.0,0.0,0.0,0.0,0.0,0.0,0.0,0.030000003,0.12333328,0.12333328,0.6699995,0.020000001,0.0,0.0,0.0033333334
627,2336,1112,13.0,17,2023,2023-09-03,13:00:00,monza,hulkenberg,haas,15,12,6,-4.0,8.0,14.666666666666666,-6.666666666666667,0.0,0.01,0.0,0.013333334,0.0,0.0,0.0,0.0,0.0,0.0,0.0033333334,0.0033333334,0.050000004,0.04666667,0.08999998,0.20666654,0.4199997,0.06333334,0.09333331,0.0
628,2337,1112,19.0,18,2023,2023-09-03,13:00:00,monza,kevin_magnussen,haas,15,13,6,1.0,11.666666666666666,16.0,-4.333333333333333,0.0,0.0033333334,0.0033333334,0.0,0.0,0.0,0.0,0.0,0.0,0.0,0.0,0.0,0.0033333334,0.01,0.020000001,0.060000006,0.23333319,0.6166662,0.050000004,0.0
629,2340,1113,1.0,1,2023,2023-09-17,12:00:00,marina_bay,sainz,ferrari,12,30,4,0.0,3.6666666666666665,,,0.85666597,0.0,0.0,0.0,0.12666662,0.0033333334,0.01,0.0033333334,0.0,0.0,0.0,0.0,0.0,0.0,0.0,0.0,0.0,0.0,0.0,0.0
630,2341,1113,4.0,2,2023,2023-09-17,12:00:00,marina_bay,norris,mclaren,12,22,7,2.0,6.0,7.333333333333333,-1.3333333333333333,0.033333335,0.0033333334,0.0,0.0,0.7933327,0.09666664,0.056666672,0.01,0.0,0.006666667,0.0,0.0,0.0,0.0,0.0,0.0,0.0,0.0,0.0,0.0
631,2342,1113,5.0,3,2023,2023-09-17,12:00:00,marina_bay,hamilton,mercedes,12,11,8,2.0,8.0,5.333333333333333,2.6666666666666665,0.013333334,0.0,0.0033333334,0.0,0.20333321,0.6933328,0.056666672,0.016666668,0.0033333334,0.01,0.0,0.0,0.0,0.0,0.0,0.0,0.0,0.0,0.0,0.0
632,2343,1113,3.0,4,2023,2023-09-17,12:00:00,marina_bay,leclerc,ferrari,12,18,4,-1.0,4.333333333333333,,,0.0033333334,0.0,0.0,0.0,0.043333337,0.056666672,0.8399993,0.043333337,0.013333334,0.0,0.0,0.0,0.0,0.0,0.0,0.0,0.0,0.0,0.0,0.0
633,2344,1113,11.0,5,2023,2023-09-17,12:00:00,marina_bay,max_verstappen,red_bull,12,19,11,6.0,3.0,1.0,2.0,0.22666653,0.020000001,0.0033333334,0.0,0.023333335,0.06333334,0.12999995,0.3766664,0.1033333,0.013333334,0.033333335,0.006666667,0.0,0.0,0.0,0.0,0.0,0.0,0.0,0.0
634,2345,1113,12.0,6,2023,2023-09-17,12:00:00,marina_bay,gasly,alpine,12,8,2,6.0,13.666666666666666,9.666666666666666,4.0,0.006666667,0.03666667,0.0,0.0,0.0033333334,0.07,0.023333335,0.05333334,0.46333298,0.2566665,0.07666666,0.006666667,0.0033333334,0.0,0.0,0.0,0.0,0.0,0.0,0.0
635,2346,1113,17.0,7,2023,2023-09-17,12:00:00,marina_bay,piastri,mclaren,12,25,7,10.0,6.666666666666667,,,0.0,0.05333334,0.006666667,0.050000004,0.020000001,0.050000004,0.016666668,0.09999997,0.11333329,0.3999997,0.12999995,0.04666667,0.006666667,0.0,0.0033333334,0.0,0.0,0.0,0.0033333334,0.0
636,2347,1113,13.0,8,2023,2023-09-17,12:00:00,marina_bay,perez,red_bull,12,24,11,5.0,4.666666666666667,2.6666666666666665,2.0,0.06666667,0.04666667,0.0,0.0033333334,0.030000003,0.03666667,0.09999997,0.10999996,0.17666657,0.020000001,0.3666664,0.023333335,0.006666667,0.0,0.0,0.013333334,0.0,0.0,0.0,0.0
637,2348,1113,10.0,9,2023,2023-09-17,12:00:00,marina_bay,lawson,alphatauri,12,17,1,1.0,,,,0.0033333334,0.08666665,0.056666672,0.01,0.0,0.0,0.0033333334,0.0,0.013333334,0.02666667,0.08666665,0.70999944,0.0033333334,0.0,0.0,0.0,0.0,0.0,0.0,0.0
638,2349,1113,6.0,10,2023,2023-09-17,12:00:00,marina_bay,kevin_magnussen,haas,12,13,6,-4.0,11.666666666666666,16.333333333333332,-4.666666666666667,0.0,0.4999996,0.07,0.030000003,0.0,0.0,0.006666667,0.0,0.0,0.013333334,0.1799999,0.09333331,0.07,0.013333334,0.01,0.006666667,0.006666667,0.0,0.0,0.0
639,2350,1113,14.0,11,2023,2023-09-17,12:00:00,marina_bay,albon,williams,12,1,15,3.0,8.333333333333334,9.666666666666666,-1.3333333333333333,0.0033333334,0.08333332,0.5866662,0.13999994,0.0033333334,0.0,0.0,0.0033333334,0.006666667,0.01,0.04666667,0.033333335,0.030000003,0.02666667,0.016666668,0.006666667,0.0033333334,0.0,0.0,0.0
640,2351,1113,0.0,12,2023,2023-09-17,12:00:00,marina_bay,zhou,alfa,12,37,0,-12.0,16.0,,,0.0033333334,0.07999999,0.07999999,0.41333303,0.0,0.0,0.0,0.0033333334,0.0033333334,0.01,0.0,0.0033333334,0.13999994,0.01,0.09666664,0.07,0.06666667,0.013333334,0.0,0.006666667
641,2352,1113,9.0,13,2023,2023-09-17,12:00:00,marina_bay,hulkenberg,haas,12,12,6,-4.0,9.0,15.666666666666666,-6.666666666666667,0.0,0.033333335,0.033333335,0.11333329,0.0,0.0,0.0,0.0,0.0,0.0,0.0033333334,0.0,0.6799995,0.04666667,0.033333335,0.033333335,0.01,0.0033333334,0.006666667,0.0033333334
642,2353,1113,18.0,14,2023,2023-09-17,12:00:00,marina_bay,sargeant,williams,12,31,15,4.0,14.333333333333334,,,0.0,0.0,0.006666667,0.030000003,0.0,0.0,0.0,0.0,0.0,0.0,0.0,0.0033333334,0.08333332,0.6699995,0.12666662,0.07999999,0.0,0.0,0.0,0.0
643,2354,1113,7.0,15,2023,2023-09-17,12:00:00,marina_bay,alonso,aston_martin,12,2,3,-8.0,8.0,5.333333333333333,2.6666666666666665,0.0,0.023333335,0.056666672,0.05333334,0.0,0.006666667,0.0,0.0033333334,0.0033333334,0.023333335,0.016666668,0.030000003,0.07333333,0.06333334,0.5499996,0.05333334,0.023333335,0.0033333334,0.006666667,0.01
644,2355,1113,2.0,16,2023,2023-09-17,12:00:00,marina_bay,russell,mercedes,12,29,8,-14.0,5.0,9.333333333333334,-4.333333333333333,0.0,0.040000003,0.03666667,0.006666667,0.0033333334,0.020000001,0.05333334,0.050000004,0.016666668,0.02666667,0.12333328,0.02666667,0.020000001,0.060000006,0.10999996,0.2133332,0.09999997,0.03666667,0.023333335,0.033333335
645,2360,1114,1.0,1,2023,2023-09-24,05:00:00,suzuka,max_verstappen,red_bull,26,19,11,0.0,4.666666666666667,2.333333333333333,2.333333333333333,0.98666584,0.0,0.0,0.0,0.01,0.0,0.0,0.0033333334,0.0,0.0,0.0,0.0,0.0,0.0,0.0,0.0,0.0,0.0,0.0,0.0
646,2361,1114,3.0,2,2023,2023-09-24,05:00:00,suzuka,norris,mclaren,26,22,7,1.0,5.0,5.666666666666667,-0.6666666666666666,0.02666667,0.0,0.0,0.0,0.8399993,0.07666666,0.03666667,0.020000001,0.0,0.0,0.0,0.0,0.0,0.0,0.0,0.0,0.0,0.0,0.0,0.0
647,2362,1114,2.0,3,2023,2023-09-24,05:00:00,suzuka,piastri,mclaren,26,25,7,-1.0,10.666666666666666,9.333333333333334,1.3333333333333333,0.05333334,0.006666667,0.0033333334,0.0,0.08666665,0.6799995,0.08666665,0.040000003,0.033333335,0.01,0.0,0.0,0.0,0.0,0.0,0.0,0.0,0.0,0.0,0.0
648,2363,1114,4.0,4,2023,2023-09-24,05:00:00,suzuka,leclerc,ferrari,26,18,4,0.0,5.0,,,0.006666667,0.0,0.0,0.0,0.0033333334,0.043333337,0.9066659,0.020000001,0.020000001,0.0,0.0,0.0,0.0,0.0,0.0,0.0,0.0,0.0,0.0,0.0
649,2364,1114,7.0,5,2023,2023-09-24,05:00:00,suzuka,hamilton,mercedes,26,11,8,2.0,8.666666666666666,5.0,3.6666666666666665,0.01,0.01,0.006666667,0.0,0.040000003,0.056666672,0.11999995,0.5533329,0.13999994,0.030000003,0.01,0.013333334,0.006666667,0.0,0.0,0.0033333334,0.0,0.0,0.0,0.0
650,2365,1114,6.0,6,2023,2023-09-24,05:00:00,suzuka,sainz,ferrari,26,30,4,0.0,2.6666666666666665,3.0,-0.3333333333333333,0.013333334,0.0,0.0,0.0,0.016666668,0.07,0.06333334,0.16666658,0.5399996,0.11666662,0.013333334,0.0,0.0,0.0,0.0,0.0,0.0,0.0,0.0,0.0
651,2366,1114,8.0,7,2023,2023-09-24,05:00:00,suzuka,russell,mercedes,26,29,8,1.0,3.0,12.666666666666666,-9.666666666666666,0.0033333334,0.020000001,0.006666667,0.006666667,0.01,0.006666667,0.013333334,0.08333332,0.12999995,0.5933329,0.07,0.033333335,0.006666667,0.0033333334,0.0,0.0,0.013333334,0.0,0.0,0.0
652,2367,1114,10.0,8,2023,2023-09-24,05:00:00,suzuka,alonso,aston_martin,26,2,3,2.0,7.333333333333333,8.666666666666666,-1.3333333333333333,0.0,0.056666672,0.020000001,0.013333334,0.0,0.0,0.0,0.03666667,0.01,0.06333334,0.6966661,0.08999998,0.0033333334,0.0033333334,0.0,0.006666667,0.0,0.0,0.0,0.0
653,2368,1114,14.0,9,2023,2023-09-24,05:00:00,suzuka,ocon,alpine,26,23,2,5.0,14.0,,,0.0,0.30333313,0.040000003,0.030000003,0.0,0.006666667,0.0033333334,0.0,0.0033333334,0.013333334,0.34999976,0.2466665,0.0,0.0,0.0033333334,0.0,0.0,0.0,0.0,0.0
654,2369,1114,12.0,10,2023,2023-09-24,05:00:00,suzuka,gasly,alpine,26,8,2,2.0,13.666666666666666,8.0,5.666666666666667,0.0,0.63333285,0.13333328,0.03666667,0.0,0.0,0.006666667,0.006666667,0.023333335,0.016666668,0.056666672,0.07666666,0.0033333334,0.0033333334,0.0,0.0,0.0033333334,0.0,0.0,0.0
655,2370,1114,11.0,11,2023,2023-09-24,05:00:00,suzuka,lawson,alphatauri,26,17,1,0.0,13.666666666666666,11.0,2.6666666666666665,0.0,0.08333332,0.79999936,0.05333334,0.0,0.0,0.0,0.0033333334,0.0,0.0,0.01,0.023333335,0.016666668,0.0033333334,0.0,0.0,0.006666667,0.0,0.0,0.0
656,2371,1114,9.0,12,2023,2023-09-24,05:00:00,suzuka,tsunoda,alphatauri,26,34,1,-3.0,14.333333333333334,,,0.0,0.060000006,0.1033333,0.6499995,0.0,0.0,0.0,0.0,0.0,0.0,0.01,0.006666667,0.08333332,0.056666672,0.02666667,0.0,0.0033333334,0.0,0.0,0.0
657,2372,1114,19.0,13,2023,2023-09-24,05:00:00,suzuka,zhou,alfa,26,37,0,6.0,10.333333333333334,,,0.0,0.01,0.023333335,0.1466666,0.0,0.0,0.0,0.0,0.0,0.0,0.0033333334,0.013333334,0.65666616,0.11999995,0.0033333334,0.023333335,0.0,0.0,0.0,0.0
658,2373,1114,18.0,14,2023,2023-09-24,05:00:00,suzuka,hulkenberg,haas,26,12,6,4.0,12.0,14.0,-2.0,0.0,0.0033333334,0.006666667,0.013333334,0.0,0.0033333334,0.0,0.0,0.0,0.0,0.0,0.0033333334,0.04666667,0.8399993,0.056666672,0.020000001,0.006666667,0.0,0.0,0.0
659,2374,1114,15.0,15,2023,2023-09-24,05:00:00,suzuka,kevin_magnussen,haas,26,13,6,0.0,8.333333333333334,14.666666666666666,-6.333333333333333,0.0,0.01,0.040000003,0.023333335,0.0,0.0033333334,0.0,0.0,0.0,0.0033333334,0.01,0.0,0.07666666,0.10666663,0.5833329,0.04666667,0.07,0.023333335,0.0033333334,0.0
660,2380,1115,1.0,1,2023,2023-10-08,17:00:00,losail,max_verstappen,red_bull,11,19,11,0.0,4.666666666666667,2.333333333333333,2.333333333333333,0.9899992,0.0,0.0,0.0,0.01,0.0,0.0,0.0,0.0,0.0,0.0,0.0,0.0,0.0,0.0,0.0,0.0,0.0,0.0,0.0
661,2381,1115,6.0,2,2023,2023-10-08,17:00:00,losail,piastri,mclaren,11,25,7,4.0,8.666666666666666,7.333333333333333,1.3333333333333333,0.08333332,0.0033333334,0.0033333334,0.0,0.503333,0.12666662,0.16333325,0.07666666,0.020000001,0.01,0.006666667,0.0033333334,0.0,0.0,0.0,0.0,0.0,0.0,0.0,0.0
662,2382,1115,10.0,3,2023,2023-10-08,17:00:00,losail,norris,mclaren,11,22,7,7.0,5.333333333333333,4.0,1.3333333333333333,0.10666663,0.0,0.006666667,0.0,0.020000001,0.30666646,0.20666654,0.18666656,0.11333329,0.01,0.02666667,0.0,0.013333334,0.0,0.0,0.0033333334,0.0,0.0,0.0,0.0
663,2383,1115,2.0,4,2023,2023-10-08,17:00:00,losail,russell,mercedes,11,29,8,-2.0,4.666666666666667,9.333333333333334,-4.666666666666667,0.016666668,0.0,0.0033333334,0.0,0.013333334,0.13666661,0.6699995,0.13999994,0.0033333334,0.0,0.01,0.0,0.0,0.0,0.0033333334,0.0033333334,0.0,0.0,0.0,0.0
664,2384,1115,5.0,5,2023,2023-10-08,17:00:00,losail,leclerc,ferrari,11,18,4,0.0,3.333333333333333,4.0,-0.6666666666666666,0.006666667,0.0,0.0,0.0,0.01,0.016666668,0.10666663,0.816666,0.040000003,0.0033333334,0.0,0.0,0.0,0.0,0.0,0.0,0.0,0.0,0.0,0.0
665,2385,1115,4.0,6,2023,2023-10-08,17:00:00,losail,alonso,aston_martin,11,2,3,-2.0,9.0,10.666666666666666,-1.6666666666666667,0.006666667,0.01,0.023333335,0.0033333334,0.01,0.04666667,0.043333337,0.17666657,0.50999963,0.11666662,0.043333337,0.0033333334,0.0,0.0033333334,0.0,0.0,0.0033333334,0.0,0.0,0.0
666,2386,1115,8.0,7,2023,2023-10-08,17:00:00,losail,ocon,alpine,11,23,2,1.0,13.333333333333334,,,0.0033333334,0.020000001,0.01,0.0,0.0,0.0,0.013333334,0.020000001,0.12666662,0.68666613,0.09666664,0.023333335,0.0,0.0,0.0,0.0,0.0,0.0,0.0,0.0
667,2387,1115,9.0,8,2023,2023-10-08,17:00:00,losail,bottas,alfa,11,4,0,1.0,15.333333333333334,,,0.0,0.04666667,0.023333335,0.01,0.0,0.0,0.006666667,0.013333334,0.07333333,0.11666662,0.54666626,0.15666659,0.0033333334,0.0,0.0033333334,0.0,0.0,0.0,0.0,0.0
668,2388,1115,19.0,9,2023,2023-10-08,17:00:00,losail,zhou,alfa,11,37,0,10.0,11.666666666666666,13.0,-1.3333333333333333,0.0,0.28333315,0.13333328,0.05333334,0.006666667,0.006666667,0.006666667,0.01,0.016666668,0.016666668,0.056666672,0.35666642,0.020000001,0.013333334,0.006666667,0.01,0.0033333334,0.0,0.0,0.0
669,2389,1115,0.0,10,2023,2023-10-08,17:00:00,losail,perez,red_bull,11,24,11,-10.0,7.666666666666667,,,0.0033333334,0.4866663,0.05333334,0.0033333334,0.0033333334,0.03666667,0.030000003,0.023333335,0.006666667,0.020000001,0.05333334,0.02666667,0.03666667,0.050000004,0.07,0.040000003,0.020000001,0.016666668,0.006666667,0.013333334
670,2390,1115,16.0,11,2023,2023-10-08,17:00:00,losail,stroll,aston_martin,11,33,3,5.0,12.333333333333334,,,0.0,0.15999992,0.6933328,0.09999997,0.0,0.0,0.0033333334,0.0,0.0,0.0,0.023333335,0.006666667,0.01,0.0033333334,0.0,0.0,0.0,0.0,0.0,0.0
671,2391,1115,7.0,12,2023,2023-10-08,17:00:00,losail,gasly,alpine,11,8,2,-5.0,13.666666666666666,10.333333333333334,3.333333333333333,0.0,0.06333334,0.19333322,0.5166663,0.0,0.0,0.0,0.0,0.006666667,0.0033333334,0.0,0.030000003,0.11333329,0.0,0.02666667,0.023333335,0.016666668,0.006666667,0.0,0.0
672,2392,1115,13.0,13,2023,2023-10-08,17:00:00,losail,albon,williams,11,1,15,0.0,11.0,,,0.0,0.0033333334,0.056666672,0.06666667,0.0,0.0,0.0,0.0,0.0,0.006666667,0.0,0.006666667,0.5166663,0.29666647,0.02666667,0.013333334,0.0,0.006666667,0.0,0.0
673,2393,1115,18.0,14,2023,2023-10-08,17:00:00,losail,kevin_magnussen,haas,11,13,6,4.0,13.333333333333334,14.333333333333334,-1.0,0.0,0.0,0.0033333334,0.02666667,0.0,0.0,0.0,0.0,0.0,0.0,0.0,0.0,0.050000004,0.8699993,0.040000003,0.0033333334,0.006666667,0.0,0.0,0.0
674,2394,1115,11.0,15,2023,2023-10-08,17:00:00,losail,tsunoda,alphatauri,11,34,1,-4.0,11.666666666666666,,,0.0,0.01,0.01,0.033333335,0.0,0.0,0.0,0.0,0.0,0.0,0.0033333334,0.0033333334,0.056666672,0.24333318,0.42666635,0.08333332,0.11999995,0.01,0.0,0.0
675,2395,1115,14.0,16,2023,2023-10-08,17:00:00,losail,hulkenberg,haas,11,12,6,-2.0,13.333333333333334,14.666666666666666,-1.3333333333333333,0.0,0.006666667,0.0,0.01,0.0,0.0,0.0,0.0,0.0,0.0,0.0,0.0,0.01,0.04666667,0.15999992,0.54666626,0.17333324,0.02666667,0.016666668,0.0033333334
676,2396,1115,17.0,17,2023,2023-10-08,17:00:00,losail,lawson,alphatauri,11,17,1,0.0,11.0,10.333333333333334,0.6666666666666666,0.0,0.0,0.0,0.0033333334,0.0,0.0,0.0,0.0,0.0,0.0,0.0,0.0,0.0033333334,0.016666668,0.05333334,0.12333328,0.66666615,0.08999998,0.040000003,0.0033333334
677,2400,1116,6.0,1,2023,2023-10-22,19:00:00,americas,max_verstappen,red_bull,1,19,11,5.0,4.333333333333333,2.333333333333333,2.0,0.5633329,0.0,0.0,0.0,0.26999983,0.10999996,0.03666667,0.013333334,0.0033333334,0.0,0.0033333334,0.0,0.0,0.0,0.0,0.0,0.0,0.0,0.0,0.0
678,2401,1116,2.0,2,2023,2023-10-22,19:00:00,americas,norris,mclaren,1,22,7,0.0,5.666666666666667,2.333333333333333,3.333333333333333,0.10666663,0.0,0.0,0.0,0.8399993,0.05333334,0.0,0.0,0.0,0.0,0.0,0.0,0.0,0.0,0.0,0.0,0.0,0.0,0.0,0.0
679,2402,1116,4.0,3,2023,2023-10-22,19:00:00,americas,sainz,ferrari,1,30,4,1.0,6.333333333333333,,,0.006666667,0.0,0.0,0.0,0.08333332,0.85666597,0.033333335,0.013333334,0.006666667,0.0,0.0,0.0,0.0,0.0,0.0,0.0,0.0,0.0,0.0,0.0
680,2403,1116,9.0,4,2023,2023-10-22,19:00:00,americas,perez,red_bull,1,24,11,5.0,6.0,,,0.016666668,0.0033333334,0.0033333334,0.0,0.020000001,0.05333334,0.73333275,0.10999996,0.013333334,0.023333335,0.020000001,0.0,0.0033333334,0.0,0.0,0.0,0.0,0.0,0.0,0.0
681,2404,1116,5.0,5,2023,2023-10-22,19:00:00,americas,russell,mercedes,1,29,8,0.0,4.0,9.0,-5.0,0.0033333334,0.0,0.0,0.0,0.013333334,0.01,0.10999996,0.79999936,0.016666668,0.013333334,0.02666667,0.0,0.0033333334,0.0,0.0,0.0,0.0,0.0033333334,0.0,0.0
682,2405,1116,7.0,6,2023,2023-10-22,19:00:00,americas,gasly,alpine,1,8,2,1.0,10.333333333333334,9.333333333333334,1.0,0.0033333334,0.006666667,0.0,0.0,0.0,0.01,0.0033333334,0.050000004,0.8699993,0.03666667,0.013333334,0.006666667,0.0,0.0,0.0,0.0,0.0,0.0,0.0,0.0
683,2406,1116,0.0,7,2023,2023-10-22,19:00:00,americas,stroll,aston_martin,1,33,3,-7.0,11.0,,,0.0,0.20333321,0.13999994,0.02666667,0.0,0.0033333334,0.0033333334,0.06666667,0.006666667,0.19666655,0.04666667,0.22666653,0.03666667,0.0,0.01,0.0033333334,0.02666667,0.0033333334,0.0,0.0
684,2407,1116,11.0,8,2023,2023-10-22,19:00:00,americas,tsunoda,alphatauri,1,34,1,3.0,11.666666666666666,,,0.0,0.023333335,0.013333334,0.0,0.013333334,0.01,0.016666668,0.01,0.043333337,0.17333324,0.5966662,0.09666664,0.0,0.0,0.0033333334,0.0,0.0,0.0,0.0,0.0
685,2408,1116,15.0,9,2023,2023-10-22,19:00:00,americas,albon,williams,1,1,15,6.0,13.333333333333334,,,0.0,0.3099998,0.08999998,0.09999997,0.0,0.0033333334,0.01,0.0033333334,0.01,0.016666668,0.10999996,0.3333331,0.006666667,0.006666667,0.0,0.0,0.0,0.0,0.0,0.0
686,2409,1116,16.0,10,2023,2023-10-22,19:00:00,americas,sargeant,williams,1,31,15,6.0,11.0,,,0.0,0.45666632,0.18333323,0.07666666,0.0,0.0,0.0,0.0033333334,0.0033333334,0.0033333334,0.07666666,0.12333328,0.016666668,0.04666667,0.01,0.0,0.0,0.0,0.0,0.0
687,2410,1116,0.0,11,2023,2023-10-22,19:00:00,americas,hulkenberg,haas,1,12,6,-11.0,13.666666666666666,14.333333333333334,-0.6666666666666666,0.0,0.20666654,0.45999965,0.04666667,0.0,0.0,0.0,0.0,0.0,0.006666667,0.0,0.006666667,0.11999995,0.04666667,0.013333334,0.020000001,0.06333334,0.01,0.0,0.0
688,2411,1116,13.0,12,2023,2023-10-22,19:00:00,americas,bottas,alfa,1,4,0,1.0,13.666666666666666,,,0.0,0.023333335,0.040000003,0.7166661,0.0,0.0,0.0,0.0,0.0,0.0033333334,0.0033333334,0.0033333334,0.15666659,0.033333335,0.006666667,0.0033333334,0.0033333334,0.0033333334,0.0,0.0033333334
689,2412,1116,12.0,13,2023,2023-10-22,19:00:00,americas,zhou,alfa,1,37,0,-1.0,12.666666666666666,11.333333333333334,1.3333333333333333,0.0,0.03666667,0.08333332,0.07,0.0033333334,0.0033333334,0.0,0.0,0.0,0.0,0.0033333334,0.0033333334,0.6933328,0.08666665,0.006666667,0.0,0.006666667,0.0,0.0,0.0033333334
690,2413,1116,0.0,14,2023,2023-10-22,19:00:00,americas,kevin_magnussen,haas,1,13,6,-14.0,13.0,13.0,0.0,0.0,0.040000003,0.09333331,0.05333334,0.0,0.0,0.0,0.0,0.0,0.006666667,0.0,0.0,0.15999992,0.12999995,0.12666662,0.13999994,0.20333321,0.04666667,0.0,0.0
691,2414,1116,14.0,15,2023,2023-10-22,19:00:00,americas,ricciardo,alphatauri,1,28,1,-1.0,15.0,12.666666666666666,2.333333333333333,0.0,0.0,0.0033333334,0.006666667,0.0,0.0,0.0,0.0,0.0,0.0033333334,0.0,0.0,0.02666667,0.07,0.72333276,0.1466666,0.013333334,0.0,0.0033333334,0.0033333334
692,2420,1117,3.0,1,2023,2023-10-29,20:00:00,rodriguez,max_verstappen,red_bull,21,19,11,2.0,2.6666666666666665,1.0,1.6666666666666667,0.9133326,0.0,0.0,0.0,0.06666667,0.020000001,0.0,0.0,0.0,0.0,0.0,0.0,0.0,0.0,0.0,0.0,0.0,0.0,0.0,0.0
693,2421,1117,6.0,2,2023,2023-10-29,20:00:00,rodriguez,hamilton,mercedes,21,11,8,4.0,4.333333333333333,,,0.09666664,0.0,0.0,0.0033333334,0.4866663,0.21999986,0.13333328,0.023333335,0.016666668,0.01,0.0033333334,0.0033333334,0.0,0.0033333334,0.0,0.0,0.0,0.0,0.0,0.0
694,2422,1117,1.0,3,2023,2023-10-29,20:00:00,rodriguez,leclerc,ferrari,21,18,4,-2.0,3.333333333333333,,,0.006666667,0.0,0.0,0.0,0.13333328,0.67666614,0.16333325,0.013333334,0.0033333334,0.0,0.0,0.0,0.0033333334,0.0,0.0,0.0,0.0,0.0,0.0,0.0
695,2423,1117,2.0,4,2023,2023-10-29,20:00:00,rodriguez,sainz,ferrari,21,30,4,-2.0,7.333333333333333,,,0.0,0.0,0.0,0.0,0.016666668,0.3233331,0.57666624,0.03666667,0.040000003,0.006666667,0.0,0.0,0.0,0.0,0.0,0.0,0.0,0.0,0.0,0.0
696,2424,1117,17.0,5,2023,2023-10-29,20:00:00,rodriguez,norris,mclaren,21,22,7,12.0,5.0,2.333333333333333,2.6666666666666665,0.09333331,0.05333334,0.0,0.0033333334,0.04666667,0.043333337,0.07,0.5066663,0.08333332,0.020000001,0.05333334,0.0033333334,0.0033333334,0.0033333334,0.0033333334,0.013333334,0.0,0.0,0.0,0.0
697,2425,1117,8.0,6,2023,2023-10-29,20:00:00,rodriguez,russell,mercedes,21,29,8,2.0,5.0,5.333333333333333,-0.3333333333333333,0.0,0.0,0.0033333334,0.0,0.01,0.056666672,0.07,0.10666663,0.5699996,0.10999996,0.050000004,0.023333335,0.0,0.0,0.0,0.0,0.0,0.0,0.0,0.0
698,2426,1117,4.0,7,2023,2023-10-29,20:00:00,rodriguez,ricciardo,alphatauri,21,28,1,-3.0,15.333333333333334,14.666666666666666,0.6666666666666666,0.0033333334,0.07333333,0.013333334,0.040000003,0.0,0.0033333334,0.013333334,0.023333335,0.15999992,0.41666636,0.10666663,0.09333331,0.016666668,0.0,0.013333334,0.01,0.0033333334,0.01,0.0,0.0
699,2427,1117,7.0,8,2023,2023-10-29,20:00:00,rodriguez,piastri,mclaren,21,25,7,-1.0,6.0,,,0.0,0.006666667,0.02666667,0.016666668,0.0,0.0,0.01,0.04666667,0.11333329,0.1466666,0.5366663,0.08333332,0.013333334,0.0,0.0,0.0,0.0,0.0,0.0,0.0
700,2428,1117,14.0,9,2023,2023-10-29,20:00:00,rodriguez,albon,williams,21,1,15,5.0,13.666666666666666,,,0.0,0.15666659,0.08666665,0.13999994,0.0,0.0033333334,0.0033333334,0.0,0.0,0.020000001,0.19333322,0.38333306,0.006666667,0.006666667,0.0,0.0,0.0,0.0,0.0,0.0
701,2429,1117,15.0,10,2023,2023-10-29,20:00:00,rodriguez,ocon,alpine,21,23,2,5.0,10.0,,,0.0,0.6633328,0.15999992,0.056666672,0.0,0.0,0.0,0.0,0.0033333334,0.0033333334,0.04666667,0.060000006,0.0033333334,0.0033333334,0.0,0.0,0.0,0.0,0.0,0.0
702,2430,1117,11.0,11,2023,2023-10-29,20:00:00,rodriguez,gasly,alpine,21,8,2,0.0,8.666666666666666,9.333333333333334,-0.6666666666666666,0.0033333334,0.07333333,0.81999934,0.023333335,0.0,0.0,0.0,0.0,0.006666667,0.016666668,0.016666668,0.006666667,0.020000001,0.0,0.0033333334,0.0,0.006666667,0.0033333334,0.0,0.0
703,2431,1117,18.0,12,2023,2023-10-29,20:00:00,rodriguez,tsunoda,alphatauri,21,34,1,6.0,10.333333333333334,11.666666666666666,-1.3333333333333333,0.0,0.04666667,0.05333334,0.52333295,0.0,0.0,0.0,0.0,0.0,0.0,0.006666667,0.020000001,0.19999988,0.12999995,0.01,0.006666667,0.0033333334,0.0,0.0,0.0
704,2432,1117,12.0,13,2023,2023-10-29,20:00:00,rodriguez,hulkenberg,haas,21,12,6,-1.0,10.666666666666666,13.666666666666666,-3.0,0.0,0.040000003,0.09999997,0.07,0.0,0.0033333334,0.0,0.0,0.0,0.0,0.013333334,0.0033333334,0.7033328,0.03666667,0.01,0.013333334,0.006666667,0.0,0.0,0.0
705,2433,1117,10.0,14,2023,2023-10-29,20:00:00,rodriguez,zhou,alfa,21,37,0,-4.0,16.666666666666668,11.666666666666666,5.0,0.0,0.02666667,0.030000003,0.1033333,0.0,0.0,0.0,0.0,0.0,0.0033333334,0.016666668,0.013333334,0.1466666,0.443333,0.12666662,0.02666667,0.013333334,0.04666667,0.0033333334,0.0
706,2434,1117,9.0,15,2023,2023-10-29,20:00:00,rodriguez,bottas,alfa,21,4,0,-6.0,12.666666666666666,,,0.0,0.006666667,0.043333337,0.056666672,0.0,0.0,0.0,0.0,0.0,0.0,0.0033333334,0.013333334,0.08333332,0.08999998,0.59999955,0.006666667,0.060000006,0.006666667,0.016666668,0.013333334
707,2435,1117,19.0,16,2023,2023-10-29,20:00:00,rodriguez,sargeant,williams,21,31,15,3.0,10.333333333333334,,,0.0,0.0033333334,0.0033333334,0.013333334,0.0,0.0,0.0,0.0,0.0,0.0,0.0,0.0,0.0033333334,0.050000004,0.10999996,0.72333276,0.07333333,0.013333334,0.0,0.006666667
708,2436,1117,0.0,17,2023,2023-10-29,20:00:00,rodriguez,stroll,aston_martin,21,33,3,-17.0,11.0,,,0.0,0.01,0.0033333334,0.016666668,0.0,0.0,0.0,0.0,0.0,0.006666667,0.0033333334,0.01,0.07,0.0033333334,0.040000003,0.050000004,0.7499994,0.033333335,0.0,0.0033333334
709,2440,1118,1.0,1,2023,2023-11-05,17:00:00,interlagos,max_verstappen,red_bull,8,19,11,0.0,3.333333333333333,1.0,2.333333333333333,0.9899992,0.0,0.0,0.0,0.01,0.0,0.0,0.0,0.0,0.0,0.0,0.0,0.0,0.0,0.0,0.0,0.0,0.0,0.0,0.0
710,2441,1118,6.0,2,2023,2023-11-05,17:00:00,interlagos,norris,mclaren,8,22,7,4.0,9.666666666666666,3.333333333333333,6.333333333333333,0.13666661,0.0,0.0,0.0,0.57666624,0.060000006,0.09999997,0.08666665,0.033333335,0.0,0.0,0.0,0.0,0.0,0.0,0.006666667,0.0,0.0,0.0,0.0
711,2442,1118,4.0,3,2023,2023-11-05,17:00:00,interlagos,alonso,aston_martin,8,2,3,1.0,5.666666666666667,,,0.0,0.0,0.0,0.0,0.043333337,0.8833326,0.043333337,0.006666667,0.0033333334,0.013333334,0.0033333334,0.0033333334,0.0,0.0,0.0,0.0,0.0,0.0,0.0,0.0
712,2443,1118,9.0,4,2023,2023-11-05,17:00:00,interlagos,perez,red_bull,8,24,11,5.0,4.666666666666667,,,0.01,0.0,0.0,0.0,0.040000003,0.033333335,0.72333276,0.14999993,0.01,0.006666667,0.023333335,0.0033333334,0.0,0.0,0.0,0.0,0.0,0.0,0.0,0.0
713,2444,1118,3.0,5,2023,2023-11-05,17:00:00,interlagos,stroll,aston_martin,8,33,3,-2.0,5.333333333333333,11.666666666666666,-6.333333333333333,0.0033333334,0.0,0.0,0.0033333334,0.013333334,0.060000006,0.17666657,0.64666617,0.05333334,0.023333335,0.006666667,0.0033333334,0.0,0.0,0.0033333334,0.0033333334,0.0033333334,0.0,0.0,0.0
714,2445,1118,7.0,6,2023,2023-11-05,17:00:00,interlagos,sainz,ferrari,8,30,4,1.0,6.0,,,0.0,0.0033333334,0.0,0.0033333334,0.006666667,0.020000001,0.020000001,0.21666653,0.6399995,0.06666667,0.023333335,0.0,0.0,0.0,0.0,0.0,0.0,0.0,0.0,0.0
715,2446,1118,15.0,7,2023,2023-11-05,17:00:00,interlagos,gasly,alpine,8,8,2,8.0,8.333333333333334,9.666666666666666,-1.3333333333333333,0.01,0.056666672,0.07,0.016666668,0.006666667,0.043333337,0.020000001,0.033333335,0.056666672,0.3666664,0.16999991,0.13333328,0.013333334,0.0033333334,0.0,0.0,0.0,0.0,0.0,0.0
716,2447,1118,5.0,8,2023,2023-11-05,17:00:00,interlagos,hamilton,mercedes,8,11,8,-3.0,4.0,,,0.0,0.013333334,0.0,0.016666668,0.0,0.0,0.040000003,0.07,0.06333334,0.02666667,0.6933328,0.04666667,0.0,0.006666667,0.0033333334,0.0033333334,0.006666667,0.01,0.0,0.0
717,2448,1118,16.0,9,2023,2023-11-05,17:00:00,interlagos,tsunoda,alphatauri,8,34,1,7.0,13.333333333333334,11.666666666666666,1.6666666666666667,0.0,0.07,0.07333333,0.033333335,0.0,0.006666667,0.013333334,0.0,0.01,0.01,0.06666667,0.7133328,0.0033333334,0.0,0.0,0.0,0.0,0.0,0.0,0.0
718,2449,1118,14.0,10,2023,2023-11-05,17:00:00,interlagos,ocon,alpine,8,23,2,4.0,10.333333333333334,,,0.0,0.75666606,0.12666662,0.020000001,0.0,0.0,0.0,0.0,0.0,0.006666667,0.013333334,0.06333334,0.006666667,0.0033333334,0.0,0.0033333334,0.0,0.0,0.0,0.0
719,2450,1118,19.0,11,2023,2023-11-05,17:00:00,interlagos,sargeant,williams,8,31,15,8.0,16.666666666666668,,,0.0,0.07333333,0.50999963,0.2766665,0.0,0.0,0.0,0.0,0.0,0.0033333334,0.01,0.020000001,0.016666668,0.07,0.01,0.01,0.0,0.0,0.0,0.0
720,2451,1118,11.0,12,2023,2023-11-05,17:00:00,interlagos,hulkenberg,haas,8,12,6,-1.0,8.666666666666666,13.333333333333334,-4.666666666666667,0.0,0.050000004,0.20666654,0.27333316,0.0,0.0,0.0,0.0,0.0,0.013333334,0.013333334,0.013333334,0.33666644,0.02666667,0.03666667,0.006666667,0.006666667,0.0033333334,0.01,0.0033333334
721,2452,1118,17.0,13,2023,2023-11-05,17:00:00,interlagos,ricciardo,alphatauri,8,28,1,4.0,12.333333333333334,12.666666666666666,-0.3333333333333333,0.0,0.01,0.02666667,0.13666661,0.0,0.0,0.0,0.0,0.0,0.0,0.0,0.01,0.70999944,0.08333332,0.01,0.013333334,0.0,0.0,0.0,0.0
722,2453,1118,10.0,14,2023,2023-11-05,17:00:00,interlagos,piastri,mclaren,8,25,7,-4.0,7.666666666666667,,,0.0,0.023333335,0.033333335,0.07999999,0.0,0.0,0.0,0.0,0.0,0.006666667,0.016666668,0.01,0.07666666,0.64333284,0.020000001,0.040000003,0.040000003,0.006666667,0.0033333334,0.0
723,2460,1119,2.0,1,2023,2023-11-19,06:00:00,vegas,max_verstappen,red_bull,27,19,11,1.0,3.333333333333333,1.0,2.333333333333333,0.9133326,0.0,0.0,0.0,0.08333332,0.0033333334,0.0,0.0,0.0,0.0,0.0,0.0,0.0,0.0,0.0,0.0,0.0,0.0,0.0,0.0
724,2461,1119,1.0,2,2023,2023-11-19,06:00:00,vegas,leclerc,ferrari,27,18,4,-1.0,0.6666666666666666,,,0.02666667,0.0,0.0,0.0,0.8833326,0.07,0.013333334,0.0033333334,0.0,0.0,0.0,0.0033333334,0.0,0.0,0.0,0.0,0.0,0.0,0.0,0.0
725,2462,1119,11.0,3,2023,2023-11-19,06:00:00,vegas,perez,red_bull,27,24,11,8.0,7.666666666666667,,,0.020000001,0.013333334,0.0033333334,0.0,0.06333334,0.26333317,0.31666645,0.11333329,0.08666665,0.07666666,0.02666667,0.016666668,0.0,0.0,0.0,0.0,0.0,0.0,0.0,0.0
726,2463,1119,16.0,4,2023,2023-11-19,06:00:00,vegas,ocon,alpine,27,23,2,12.0,12.333333333333334,,,0.006666667,0.07999999,0.023333335,0.020000001,0.006666667,0.020000001,0.32999977,0.19333322,0.056666672,0.060000006,0.08666665,0.10999996,0.0033333334,0.0,0.0,0.0,0.0033333334,0.0,0.0,0.0
727,2464,1119,19.0,5,2023,2023-11-19,06:00:00,vegas,stroll,aston_martin,27,33,3,14.0,1.0,9.666666666666666,-8.666666666666666,0.006666667,0.07333333,0.013333334,0.016666668,0.07333333,0.030000003,0.07333333,0.5699996,0.033333335,0.02666667,0.043333337,0.016666668,0.006666667,0.006666667,0.0033333334,0.0033333334,0.0033333334,0.0,0.0,0.0
728,2465,1119,12.0,6,2023,2023-11-19,06:00:00,vegas,sainz,ferrari,27,30,4,6.0,4.333333333333333,4.333333333333333,0.0,0.0,0.013333334,0.0033333334,0.0033333334,0.006666667,0.023333335,0.1033333,0.20666654,0.5966662,0.016666668,0.013333334,0.01,0.0,0.0,0.0,0.0,0.0,0.0033333334,0.0,0.0
729,2466,1119,10.0,7,2023,2023-11-19,06:00:00,vegas,hamilton,mercedes,27,11,8,3.0,4.666666666666667,,,0.0,0.023333335,0.0,0.020000001,0.01,0.01,0.03666667,0.13999994,0.04666667,0.5533329,0.11333329,0.043333337,0.0033333334,0.0,0.0,0.0,0.0,0.0,0.0,0.0
730,2467,1119,3.0,8,2023,2023-11-19,06:00:00,vegas,russell,mercedes,27,29,8,-5.0,7.0,,,0.0,0.07333333,0.013333334,0.013333334,0.0,0.013333334,0.020000001,0.030000003,0.07666666,0.19999988,0.48333296,0.04666667,0.0,0.006666667,0.0033333334,0.0033333334,0.01,0.0033333334,0.0,0.0033333334
731,2468,1119,9.0,9,2023,2023-11-19,06:00:00,vegas,alonso,aston_martin,27,2,3,0.0,5.666666666666667,,,0.0,0.12999995,0.12333328,0.013333334,0.0,0.006666667,0.0,0.01,0.013333334,0.09999997,0.11999995,0.46999964,0.0033333334,0.006666667,0.0033333334,0.0,0.0,0.0,0.0,0.0
732,2469,1119,18.0,10,2023,2023-11-19,06:00:00,vegas,piastri,mclaren,27,25,7,8.0,9.0,,,0.0,0.5533329,0.033333335,0.07666666,0.006666667,0.0,0.0,0.016666668,0.033333335,0.056666672,0.08666665,0.09666664,0.023333335,0.013333334,0.0033333334,0.0,0.0,0.0,0.0,0.0
733,2470,1119,4.0,11,2023,2023-11-19,06:00:00,vegas,gasly,alpine,27,8,2,-7.0,11.0,8.0,3.0,0.0,0.08999998,0.2999998,0.07999999,0.0,0.0,0.006666667,0.006666667,0.01,0.08333332,0.060000006,0.23666652,0.03666667,0.006666667,0.023333335,0.023333335,0.033333335,0.0033333334,0.0,0.0
734,2471,1119,5.0,12,2023,2023-11-19,06:00:00,vegas,albon,williams,27,1,15,-7.0,14.0,,,0.0,0.1799999,0.07,0.31666645,0.0,0.0,0.0033333334,0.006666667,0.0033333334,0.020000001,0.060000006,0.04666667,0.1466666,0.013333334,0.050000004,0.01,0.043333337,0.030000003,0.0,0.0
735,2472,1119,8.0,13,2023,2023-11-19,06:00:00,vegas,kevin_magnussen,haas,27,13,6,-5.0,9.333333333333334,,,0.0,0.02666667,0.06666667,0.12999995,0.0,0.0,0.0,0.0,0.0,0.0,0.0033333334,0.013333334,0.6499995,0.07666666,0.016666668,0.0033333334,0.013333334,0.0,0.0,0.0
736,2473,1119,14.0,14,2023,2023-11-19,06:00:00,vegas,ricciardo,alphatauri,27,28,1,0.0,11.666666666666666,11.666666666666666,0.0,0.0,0.0,0.0033333334,0.02666667,0.0,0.0,0.0,0.0,0.0,0.0,0.0,0.0033333334,0.15666659,0.7133328,0.060000006,0.023333335,0.01,0.0,0.0033333334,0.0
737,2474,1119,17.0,15,2023,2023-11-19,06:00:00,vegas,zhou,alfa,27,37,0,2.0,14.0,,,0.0,0.0,0.0,0.01,0.0,0.0,0.0,0.0,0.0,0.0,0.0,0.0,0.020000001,0.07333333,0.80999935,0.050000004,0.033333335,0.0033333334,0.0,0.0
738,2475,1119,6.0,16,2023,2023-11-19,06:00:00,vegas,sargeant,williams,27,31,15,-10.0,18.0,12.333333333333334,5.666666666666667,0.0,0.07333333,0.03666667,0.033333335,0.0,0.0,0.0,0.0,0.0,0.0,0.01,0.023333335,0.06666667,0.030000003,0.11999995,0.4999996,0.08666665,0.013333334,0.0,0.006666667
739,2476,1119,7.0,17,2023,2023-11-19,06:00:00,vegas,bottas,alfa,27,4,0,-10.0,13.333333333333334,,,0.0,0.030000003,0.09666664,0.06666667,0.0,0.0,0.0,0.0,0.0033333334,0.0,0.0,0.013333334,0.07666666,0.05333334,0.2466665,0.10666663,0.2766665,0.013333334,0.006666667,0.01
740,2477,1119,20.0,18,2023,2023-11-19,06:00:00,vegas,tsunoda,alphatauri,27,34,1,2.0,15.0,9.666666666666666,5.333333333333333,0.0,0.0,0.0,0.0033333334,0.0,0.0,0.0,0.0,0.0,0.0,0.0,0.0,0.0,0.03666667,0.12999995,0.05333334,0.27999982,0.4866663,0.01,0.0
741,2478,1119,13.0,19,2023,2023-11-19,06:00:00,vegas,hulkenberg,haas,27,12,6,-6.0,7.666666666666667,12.0,-4.333333333333333,0.0,0.006666667,0.020000001,0.016666668,0.0,0.0,0.0,0.0,0.0,0.0,0.0,0.0,0.056666672,0.033333335,0.056666672,0.14999993,0.23333319,0.12999995,0.29333314,0.0033333334
742,2480,1120,1.0,1,2023,2023-11-26,13:00:00,yas_marina,max_verstappen,red_bull,29,19,11,0.0,2.0,1.0,1.0,0.9899992,0.0,0.0,0.0,0.01,0.0,0.0,0.0,0.0,0.0,0.0,0.0,0.0,0.0,0.0,0.0,0.0,0.0,0.0,0.0
743,2481,1120,2.0,2,2023,2023-11-26,13:00:00,yas_marina,leclerc,ferrari,29,18,4,0.0,0.6666666666666666,,,0.11333329,0.0,0.0,0.0,0.8499993,0.016666668,0.013333334,0.0033333334,0.0,0.0033333334,0.0,0.0,0.0,0.0,0.0,0.0,0.0,0.0,0.0,0.0
744,2482,1120,4.0,3,2023,2023-11-26,13:00:00,yas_marina,russell,mercedes,29,29,8,1.0,6.333333333333333,,,0.0033333334,0.0033333334,0.0,0.0,0.07666666,0.7799994,0.11666662,0.020000001,0.0,0.0,0.0,0.0,0.0,0.0,0.0,0.0,0.0,0.0,0.0,0.0
745,2483,1120,9.0,4,2023,2023-11-26,13:00:00,yas_marina,perez,red_bull,29,24,11,5.0,8.333333333333334,,,0.01,0.0033333334,0.0,0.0033333334,0.006666667,0.03666667,0.796666,0.030000003,0.040000003,0.056666672,0.016666668,0.0,0.0,0.0,0.0,0.0,0.0,0.0,0.0,0.0
746,2484,1120,5.0,5,2023,2023-11-26,13:00:00,yas_marina,norris,mclaren,29,22,7,0.0,12.666666666666666,,,0.0,0.0,0.0,0.0033333334,0.020000001,0.040000003,0.11333329,0.503333,0.29333314,0.016666668,0.006666667,0.0033333334,0.0,0.0,0.0,0.0,0.0,0.0,0.0,0.0
747,2485,1120,3.0,6,2023,2023-11-26,13:00:00,yas_marina,piastri,mclaren,29,25,7,-3.0,11.666666666666666,10.666666666666666,1.0,0.0033333334,0.01,0.013333334,0.0033333334,0.006666667,0.01,0.033333335,0.033333335,0.41666636,0.28333315,0.13666661,0.030000003,0.0033333334,0.0,0.0033333334,0.0033333334,0.01,0.0,0.0,0.0
748,2486,1120,7.0,7,2023,2023-11-26,13:00:00,yas_marina,alonso,aston_martin,29,2,3,0.0,8.666666666666666,,,0.0,0.0033333334,0.0033333334,0.0,0.0033333334,0.01,0.006666667,0.016666668,0.03666667,0.8733326,0.023333335,0.023333335,0.0,0.0,0.0,0.0,0.0,0.0,0.0,0.0
749,2487,1120,6.0,8,2023,2023-11-26,13:00:00,yas_marina,tsunoda,alphatauri,29,34,1,-2.0,18.0,13.0,5.0,0.0,0.060000006,0.03666667,0.033333335,0.0,0.0033333334,0.020000001,0.030000003,0.08666665,0.12333328,0.44999966,0.09333331,0.023333335,0.0033333334,0.013333334,0.016666668,0.0033333334,0.0033333334,0.0,0.0
750,2488,1120,11.0,9,2023,2023-11-26,13:00:00,yas_marina,hamilton,mercedes,29,11,8,2.0,7.0,5.666666666666667,1.3333333333333333,0.0,0.08999998,0.023333335,0.023333335,0.0,0.013333334,0.020000001,0.060000006,0.08999998,0.060000006,0.056666672,0.5299996,0.020000001,0.006666667,0.006666667,0.0,0.0,0.0,0.0,0.0
751,2489,1120,13.0,10,2023,2023-11-26,13:00:00,yas_marina,stroll,aston_martin,29,33,3,3.0,7.333333333333333,9.0,-1.6666666666666667,0.0,0.6399995,0.043333337,0.05333334,0.0,0.0033333334,0.0,0.03666667,0.01,0.06666667,0.04666667,0.056666672,0.023333335,0.0,0.013333334,0.0033333334,0.0,0.0,0.0033333334,0.0
752,2490,1120,15.0,11,2023,2023-11-26,13:00:00,yas_marina,ricciardo,alphatauri,29,28,1,4.0,11.666666666666666,11.333333333333334,0.3333333333333333,0.0,0.1033333,0.6166662,0.21666653,0.0,0.0,0.0033333334,0.0,0.0,0.0,0.01,0.016666668,0.023333335,0.006666667,0.0,0.0033333334,0.0,0.0,0.0,0.0
753,2491,1120,12.0,12,2023,2023-11-26,13:00:00,yas_marina,ocon,alpine,29,23,2,0.0,15.0,8.0,7.0,0.0,0.06333334,0.1799999,0.6599995,0.0,0.0,0.0,0.006666667,0.0,0.0033333334,0.0033333334,0.013333334,0.040000003,0.013333334,0.013333334,0.0,0.0033333334,0.0,0.0,0.0
754,2492,1120,10.0,13,2023,2023-11-26,13:00:00,yas_marina,gasly,alpine,29,8,2,-3.0,10.0,9.666666666666666,0.3333333333333333,0.0,0.020000001,0.02666667,0.1033333,0.0,0.0,0.0,0.0,0.0,0.0,0.0033333334,0.01,0.5599996,0.20666654,0.043333337,0.006666667,0.01,0.01,0.0,0.0
755,2493,1120,14.0,14,2023,2023-11-26,13:00:00,yas_marina,albon,williams,29,1,15,0.0,10.666666666666666,,,0.0,0.006666667,0.0033333334,0.02666667,0.0,0.0,0.0,0.0,0.0,0.0,0.0033333334,0.006666667,0.1466666,0.72333276,0.056666672,0.006666667,0.01,0.006666667,0.0033333334,0.0
756,2494,1120,8.0,15,2023,2023-11-26,13:00:00,yas_marina,hulkenberg,haas,29,12,6,-7.0,12.0,14.666666666666666,-2.6666666666666665,0.0,0.01,0.016666668,0.033333335,0.0,0.0,0.0,0.0033333334,0.0,0.0,0.006666667,0.006666667,0.18666656,0.06666667,0.55666625,0.04666667,0.04666667,0.006666667,0.013333334,0.0
757,2495,1120,20.0,16,2023,2023-11-26,13:00:00,yas_marina,sargeant,williams,29,31,15,4.0,14.666666666666666,14.333333333333334,0.3333333333333333,0.0,0.0,0.0033333334,0.020000001,0.0,0.0,0.0,0.0,0.0,0.0,0.0,0.0033333334,0.043333337,0.12333328,0.1799999,0.59999955,0.013333334,0.013333334,0.0,0.0
758,2496,1120,19.0,17,2023,2023-11-26,13:00:00,yas_marina,zhou,alfa,29,37,0,2.0,15.666666666666666,,,0.0,0.0,0.0,0.0,0.0,0.0,0.0,0.0,0.0,0.0,0.0033333334,0.0,0.0033333334,0.023333335,0.13333328,0.09999997,0.6399995,0.07666666,0.01,0.01
759,2497,1120,16.0,18,2023,2023-11-26,13:00:00,yas_marina,sainz,ferrari,29,30,4,-2.0,7.0,5.333333333333333,1.6666666666666667,0.0,0.056666672,0.023333335,0.05333334,0.0,0.0,0.0,0.01,0.013333334,0.016666668,0.023333335,0.02666667,0.05333334,0.17333324,0.07,0.030000003,0.06666667,0.29333314,0.07333333,0.016666668
760,2498,1120,18.0,19,2023,2023-11-26,13:00:00,yas_marina,bottas,alfa,29,4,0,-1.0,11.333333333333334,,,0.0,0.0,0.0,0.0033333334,0.0,0.0,0.0,0.0,0.0,0.0033333334,0.0,0.0,0.0,0.016666668,0.07333333,0.04666667,0.08333332,0.32666644,0.33666644,0.10999996
761,2499,1120,17.0,20,2023,2023-11-26,13:00:00,yas_marina,kevin_magnussen,haas,29,13,6,-3.0,12.0,,,0.0,0.0,0.0,0.0,0.0,0.0,0.0,0.0,0.0,0.0,0.0,0.0,0.0,0.0,0.030000003,0.02666667,0.09333331,0.3333331,0.21666653,0.2999998
762,2500,1121,1.0,1,2024,2024-03-02,15:00:00,bahrain,max_verstappen,red_bull,2,19,11,0.0,1.3333333333333333,1.0,0.3333333333333333,0.9833325,0.0,0.0,0.0,0.01,0.0033333334,0.0,0.0,0.0033333334,0.0,0.0,0.0,0.0,0.0,0.0,0.0,0.0,0.0,0.0,0.0
763,2501,1121,5.0,2,2024,2024-03-02,15:00:00,bahrain,perez,red_bull,2,24,11,3.0,9.666666666666666,3.6666666666666665,6.0,0.08333332,0.0033333334,0.0,0.0,0.6366662,0.20333321,0.03666667,0.020000001,0.01,0.006666667,0.0,0.0,0.0,0.0,0.0,0.0,0.0,0.0,0.0,0.0
764,2502,1121,4.0,3,2024,2024-03-02,15:00:00,bahrain,sainz,ferrari,2,30,4,1.0,11.666666666666666,10.0,1.6666666666666667,0.07999999,0.0,0.0,0.0,0.06333334,0.5966662,0.13666661,0.056666672,0.050000004,0.01,0.006666667,0.0,0.0,0.0,0.0,0.0,0.0,0.0,0.0,0.0
765,2503,1121,2.0,4,2024,2024-03-02,15:00:00,bahrain,leclerc,ferrari,2,18,4,-2.0,1.0,,,0.01,0.0,0.0,0.0,0.060000006,0.17666657,0.6066662,0.08666665,0.040000003,0.01,0.0033333334,0.0033333334,0.0033333334,0.0,0.0,0.0,0.0,0.0,0.0,0.0
766,2504,1121,3.0,5,2024,2024-03-02,15:00:00,bahrain,russell,mercedes,2,29,8,-2.0,5.0,,,0.0,0.0,0.0,0.0,0.0033333334,0.040000003,0.28666648,0.55666625,0.09666664,0.006666667,0.0033333334,0.0033333334,0.0,0.0,0.0,0.0033333334,0.0,0.0,0.0,0.0
767,2505,1121,7.0,6,2024,2024-03-02,15:00:00,bahrain,norris,mclaren,2,22,7,1.0,8.666666666666666,,,0.0,0.0,0.0,0.0,0.0033333334,0.0033333334,0.023333335,0.050000004,0.78999937,0.1033333,0.023333335,0.0033333334,0.0,0.0,0.0,0.0,0.0,0.0,0.0,0.0
768,2506,1121,9.0,7,2024,2024-03-02,15:00:00,bahrain,hamilton,mercedes,2,11,8,2.0,8.666666666666666,8.0,0.6666666666666666,0.0033333334,0.013333334,0.013333334,0.0,0.0,0.0033333334,0.013333334,0.033333335,0.18333323,0.66666615,0.05333334,0.016666668,0.0,0.0,0.0,0.0,0.0,0.0,0.0,0.0
769,2507,1121,8.0,8,2024,2024-03-02,15:00:00,bahrain,piastri,mclaren,2,25,7,0.0,10.333333333333334,10.0,0.3333333333333333,0.0,0.04666667,0.023333335,0.0,0.0,0.006666667,0.01,0.0,0.08333332,0.09333331,0.61333287,0.11999995,0.0033333334,0.0,0.0,0.0,0.0,0.0,0.0,0.0
770,2508,1121,6.0,9,2024,2024-03-02,15:00:00,bahrain,alonso,aston_martin,2,2,3,-3.0,6.666666666666667,6.333333333333333,0.3333333333333333,0.0,0.13999994,0.04666667,0.013333334,0.0,0.006666667,0.0033333334,0.01,0.023333335,0.11333329,0.1799999,0.39666638,0.0033333334,0.020000001,0.020000001,0.006666667,0.013333334,0.0,0.0,0.0033333334
771,2509,1121,12.0,10,2024,2024-03-02,15:00:00,bahrain,stroll,aston_martin,2,33,3,2.0,11.666666666666666,6.666666666666667,5.0,0.0,0.6799995,0.06333334,0.02666667,0.0033333334,0.006666667,0.006666667,0.013333334,0.020000001,0.020000001,0.030000003,0.11666662,0.006666667,0.0033333334,0.0033333334,0.0,0.0,0.0,0.0,0.0
772,2510,1121,17.0,11,2024,2024-03-02,15:00:00,bahrain,zhou,sauber,2,37,13,6.0,18.666666666666668,,,0.0,0.05333334,0.6599995,0.16333325,0.0,0.0033333334,0.0,0.0,0.0,0.0,0.006666667,0.02666667,0.050000004,0.030000003,0.006666667,0.0,0.0,0.0,0.0,0.0
773,2511,1121,15.0,12,2024,2024-03-02,15:00:00,bahrain,kevin_magnussen,haas,2,13,6,3.0,12.333333333333334,,,0.0,0.07,0.11999995,0.6366662,0.0,0.0,0.0,0.0,0.0,0.0,0.0,0.01,0.12999995,0.013333334,0.016666668,0.0,0.0,0.0033333334,0.0,0.0
774,2512,1121,14.0,13,2024,2024-03-02,15:00:00,bahrain,ricciardo,rb,2,28,10,1.0,15.333333333333334,12.666666666666666,2.6666666666666665,0.0,0.0,0.056666672,0.11333329,0.0,0.0,0.0,0.0,0.0,0.0,0.0,0.0033333334,0.67666614,0.08999998,0.050000004,0.0033333334,0.0,0.0,0.006666667,0.0
775,2513,1121,11.0,14,2024,2024-03-02,15:00:00,bahrain,tsunoda,rb,2,34,10,-3.0,14.0,11.666666666666666,2.333333333333333,0.0,0.023333335,0.033333335,0.1033333,0.0033333334,0.0,0.0,0.0,0.0,0.0,0.0033333334,0.0033333334,0.15999992,0.47999963,0.040000003,0.11999995,0.02666667,0.0,0.0033333334,0.0
776,2514,1121,13.0,15,2024,2024-03-02,15:00:00,bahrain,albon,williams,2,1,15,-2.0,10.666666666666666,,,0.0,0.0033333334,0.013333334,0.023333335,0.0,0.0,0.0,0.0,0.0,0.0,0.0,0.01,0.060000006,0.2899998,0.45999965,0.033333335,0.03666667,0.056666672,0.013333334,0.0
777,2515,1121,10.0,16,2024,2024-03-02,15:00:00,bahrain,hulkenberg,haas,2,12,6,-6.0,10.666666666666666,15.333333333333334,-4.666666666666667,0.0,0.006666667,0.013333334,0.033333335,0.0,0.0,0.0,0.0,0.0,0.0,0.0033333334,0.0,0.09333331,0.050000004,0.11999995,0.33666644,0.19333322,0.11999995,0.030000003,0.0
778,2516,1121,19.0,17,2024,2024-03-02,15:00:00,bahrain,ocon,alpine,2,23,2,2.0,14.0,8.666666666666666,5.333333333333333,0.0,0.006666667,0.006666667,0.020000001,0.0,0.006666667,0.0,0.0,0.0,0.0033333334,0.0,0.01,0.0033333334,0.05333334,0.040000003,0.08999998,0.69999945,0.056666672,0.0033333334,0.0
779,2517,1121,20.0,18,2024,2024-03-02,15:00:00,bahrain,gasly,alpine,2,8,2,2.0,9.666666666666666,10.333333333333334,-0.6666666666666666,0.0,0.01,0.0,0.01,0.0,0.0,0.0,0.0,0.0,0.0,0.0,0.0033333334,0.023333335,0.03666667,0.05333334,0.16666658,0.19999988,0.45999965,0.03666667,0.0
780,2518,1121,16.0,19,2024,2024-03-02,15:00:00,bahrain,bottas,sauber,2,4,13,-3.0,14.333333333333334,,,0.0,0.0033333334,0.0,0.0033333334,0.0,0.0,0.0,0.0,0.0,0.0,0.0,0.0,0.01,0.02666667,0.05333334,0.07333333,0.1466666,0.2566665,0.36999974,0.056666672
781,2519,1121,18.0,20,2024,2024-03-02,15:00:00,bahrain,sargeant,williams,2,31,15,-2.0,15.0,14.333333333333334,0.6666666666666666,0.0,0.0,0.0,0.0033333334,0.0,0.0,0.0,0.0,0.0,0.0,0.0,0.0,0.0033333334,0.016666668,0.03666667,0.07,0.11999995,0.11999995,0.22666653,0.40333304
782,2520,1122,1.0,1,2024,2024-03-09,17:00:00,jeddah,max_verstappen,red_bull,10,19,11,0.0,1.3333333333333333,1.0,0.3333333333333333,0.9933325,0.0,0.0,0.0,0.0033333334,0.0,0.0,0.0,0.0033333334,0.0,0.0,0.0,0.0,0.0,0.0,0.0,0.0,0.0,0.0,0.0
783,2521,1122,3.0,2,2024,2024-03-09,17:00:00,jeddah,perez,red_bull,10,24,11,1.0,8.333333333333334,3.0,5.333333333333333,0.1799999,0.0,0.0,0.0,0.6933328,0.10999996,0.013333334,0.0,0.0,0.0033333334,0.0,0.0,0.0,0.0,0.0,0.0,0.0,0.0,0.0,0.0
784,2522,1122,2.0,3,2024,2024-03-09,17:00:00,jeddah,leclerc,ferrari,10,18,4,-1.0,1.6666666666666667,2.6666666666666665,-1.0,0.01,0.0,0.0,0.0,0.17666657,0.7799994,0.016666668,0.01,0.0033333334,0.0,0.0,0.0,0.0,0.0,0.0,0.0,0.0,0.0,0.0,0.0033333334
785,2523,1122,5.0,4,2024,2024-03-09,17:00:00,jeddah,piastri,mclaren,10,25,7,1.0,9.666666666666666,8.0,1.6666666666666667,0.02666667,0.0,0.0,0.0,0.06666667,0.12666662,0.62333286,0.1033333,0.04666667,0.0033333334,0.0,0.0033333334,0.0,0.0,0.0,0.0,0.0,0.0,0.0,0.0
786,2524,1122,4.0,5,2024,2024-03-09,17:00:00,jeddah,alonso,aston_martin,10,2,3,-1.0,7.333333333333333,8.333333333333334,-1.0,0.0,0.0,0.0,0.0,0.013333334,0.06333334,0.11999995,0.6033329,0.15999992,0.02666667,0.0,0.006666667,0.0,0.0033333334,0.0,0.0,0.0033333334,0.0,0.0,0.0
787,2525,1122,7.0,6,2024,2024-03-09,17:00:00,jeddah,russell,mercedes,10,29,8,1.0,3.333333333333333,5.333333333333333,-2.0,0.006666667,0.013333334,0.006666667,0.0033333334,0.030000003,0.030000003,0.043333337,0.25999984,0.443333,0.07333333,0.07999999,0.006666667,0.0033333334,0.0,0.0,0.0,0.0,0.0,0.0,0.0
788,2526,1122,11.0,7,2024,2024-03-09,17:00:00,jeddah,bearman,ferrari,10,3,4,4.0,,,,0.0,0.006666667,0.0033333334,0.0,0.01,0.01,0.01,0.030000003,0.06666667,0.77666605,0.07,0.016666668,0.0,0.0,0.0,0.0,0.0,0.0,0.0,0.0
789,2527,1122,6.0,8,2024,2024-03-09,17:00:00,jeddah,norris,mclaren,10,22,7,-2.0,9.0,,,0.0,0.03666667,0.0033333334,0.006666667,0.0,0.0033333334,0.01,0.01,0.10666663,0.18666656,0.53333294,0.1033333,0.0,0.0,0.0,0.0,0.0,0.0,0.0,0.0
790,2528,1122,8.0,9,2024,2024-03-09,17:00:00,jeddah,hamilton,mercedes,10,11,8,-1.0,10.0,7.666666666666667,2.333333333333333,0.0,0.08999998,0.016666668,0.0,0.0,0.0,0.006666667,0.006666667,0.023333335,0.03666667,0.1033333,0.70999944,0.0033333334,0.0,0.0033333334,0.0,0.0,0.0,0.0,0.0
791,2529,1122,15.0,10,2024,2024-03-09,17:00:00,jeddah,hulkenberg,haas,10,12,6,5.0,10.333333333333334,16.666666666666668,-6.333333333333333,0.0,0.5966662,0.15333326,0.1033333,0.0,0.0033333334,0.0,0.0,0.006666667,0.006666667,0.030000003,0.056666672,0.013333334,0.013333334,0.006666667,0.0,0.0033333334,0.0033333334,0.0033333334,0.0
792,2530,1122,12.0,11,2024,2024-03-09,17:00:00,jeddah,albon,williams,10,1,15,1.0,10.666666666666666,13.666666666666666,-3.0,0.0,0.030000003,0.70999944,0.08333332,0.0,0.0033333334,0.0,0.0,0.0,0.01,0.033333335,0.040000003,0.03666667,0.030000003,0.0033333334,0.013333334,0.0033333334,0.0033333334,0.0,0.0
793,2531,1122,13.0,12,2024,2024-03-09,17:00:00,jeddah,kevin_magnussen,haas,10,13,6,1.0,13.333333333333334,15.0,-1.6666666666666667,0.0,0.040000003,0.08333332,0.6499995,0.0,0.0,0.0,0.0,0.0033333334,0.006666667,0.0,0.006666667,0.09666664,0.040000003,0.02666667,0.033333335,0.013333334,0.0,0.0,0.0
794,2532,1122,17.0,13,2024,2024-03-09,17:00:00,jeddah,ocon,alpine,10,23,2,4.0,15.666666666666666,11.0,4.666666666666667,0.0,0.043333337,0.04666667,0.09999997,0.0,0.0,0.0,0.0,0.0033333334,0.0033333334,0.0,0.0033333334,0.6933328,0.08333332,0.006666667,0.006666667,0.01,0.0,0.0,0.0
795,2533,1122,19.0,14,2024,2024-03-09,17:00:00,jeddah,sargeant,williams,10,31,15,5.0,14.666666666666666,17.333333333333332,-2.6666666666666665,0.0,0.0033333334,0.020000001,0.05333334,0.0,0.0,0.0,0.0,0.0,0.0,0.0,0.0,0.09666664,0.72333276,0.06666667,0.023333335,0.006666667,0.0033333334,0.0033333334,0.0
796,2534,1122,9.0,15,2024,2024-03-09,17:00:00,jeddah,tsunoda,rb,10,34,10,-6.0,12.333333333333334,13.333333333333334,-1.0,0.0,0.013333334,0.033333335,0.033333335,0.0,0.0,0.0,0.0,0.0033333334,0.0,0.0,0.006666667,0.16333325,0.07666666,0.61333287,0.016666668,0.02666667,0.01,0.0033333334,0.0
797,2535,1122,14.0,16,2024,2024-03-09,17:00:00,jeddah,ricciardo,rb,10,28,10,-2.0,14.333333333333334,12.666666666666666,1.6666666666666667,0.0,0.0,0.0,0.0033333334,0.0,0.0,0.0,0.0,0.0,0.0,0.0,0.0,0.023333335,0.033333335,0.1899999,0.61333287,0.10999996,0.01,0.016666668,0.0
798,2536,1122,16.0,17,2024,2024-03-09,17:00:00,jeddah,bottas,sauber,10,4,13,-1.0,13.666666666666666,18.33333333333333,-4.666666666666667,0.0,0.013333334,0.01,0.0033333334,0.0,0.0,0.0,0.0,0.0,0.0,0.0,0.0,0.0033333334,0.03666667,0.08666665,0.11333329,0.4999996,0.13999994,0.07666666,0.016666668
799,2537,1122,20.0,18,2024,2024-03-09,17:00:00,jeddah,zhou,sauber,10,37,13,2.0,17.666666666666668,14.333333333333334,3.333333333333333,0.0,0.01,0.0033333334,0.0,0.0,0.0,0.0,0.0,0.0,0.0,0.0,0.0,0.016666668,0.013333334,0.05333334,0.10666663,0.29666647,0.45666632,0.03666667,0.006666667
800,2540,1123,2.0,1,2024,2024-03-24,04:00:00,albert_park,sainz,ferrari,0,30,4,1.0,10.666666666666666,9.0,1.6666666666666667,0.61333287,0.0033333334,0.0,0.0,0.1466666,0.17333324,0.043333337,0.006666667,0.013333334,0.0,0.0,0.0,0.0,0.0,0.0,0.0,0.0,0.0,0.0,0.0
801,2541,1123,4.0,2,2024,2024-03-24,04:00:00,albert_park,leclerc,ferrari,0,18,4,2.0,2.0,3.0,-1.0,0.08666665,0.0,0.0,0.0033333334,0.72333276,0.08333332,0.05333334,0.04666667,0.0,0.0033333334,0.0,0.0,0.0,0.0,0.0,0.0,0.0,0.0,0.0,0.0
802,2542,1123,3.0,3,2024,2024-03-24,04:00:00,albert_park,norris,mclaren,0,22,7,0.0,6.0,6.333333333333333,-0.3333333333333333,0.023333335,0.0033333334,0.0,0.0,0.08333332,0.8133327,0.060000006,0.013333334,0.0033333334,0.0,0.0,0.0,0.0,0.0,0.0,0.0,0.0,0.0,0.0,0.0
803,2543,1123,5.0,4,2024,2024-03-24,04:00:00,albert_park,piastri,mclaren,0,25,7,1.0,5.333333333333333,6.0,-0.6666666666666666,0.01,0.0,0.0,0.0,0.023333335,0.056666672,0.85333264,0.04666667,0.006666667,0.0,0.0033333334,0.0,0.0,0.0,0.0,0.0,0.0,0.0,0.0,0.0
804,2544,1123,6.0,5,2024,2024-03-24,04:00:00,albert_park,perez,red_bull,0,24,11,1.0,5.666666666666667,2.6666666666666665,3.0,0.023333335,0.0,0.0,0.0,0.06666667,0.12666662,0.15666659,0.52333295,0.043333337,0.043333337,0.0033333334,0.0033333334,0.0,0.0,0.0,0.0033333334,0.0,0.006666667,0.0,0.0
805,2545,1123,9.0,6,2024,2024-03-24,04:00:00,albert_park,stroll,aston_martin,0,33,3,3.0,11.666666666666666,,,0.0033333334,0.006666667,0.0,0.0,0.0033333334,0.006666667,0.040000003,0.030000003,0.7633327,0.10999996,0.03666667,0.0,0.0,0.0,0.0,0.0,0.0,0.0,0.0,0.0
806,2546,1123,8.0,7,2024,2024-03-24,04:00:00,albert_park,tsunoda,rb,0,34,10,1.0,8.666666666666666,12.333333333333334,-3.6666666666666665,0.0,0.020000001,0.006666667,0.0033333334,0.0033333334,0.0033333334,0.013333334,0.056666672,0.13333328,0.6733328,0.050000004,0.023333335,0.006666667,0.0,0.006666667,0.0,0.0,0.0,0.0,0.0
807,2547,1123,10.0,8,2024,2024-03-24,04:00:00,albert_park,alonso,aston_martin,0,2,3,2.0,5.666666666666667,7.0,-1.3333333333333333,0.0,0.043333337,0.016666668,0.0,0.0,0.0,0.006666667,0.030000003,0.030000003,0.08999998,0.6533328,0.10666663,0.0033333334,0.01,0.0,0.006666667,0.0,0.0,0.0033333334,0.0
808,2548,1123,16.0,9,2024,2024-03-24,04:00:00,albert_park,hulkenberg,haas,0,12,6,7.0,11.0,13.666666666666666,-2.6666666666666665,0.0033333334,0.12666662,0.03666667,0.030000003,0.0033333334,0.0,0.016666668,0.013333334,0.06666667,0.030000003,0.1899999,0.47333297,0.006666667,0.0,0.0033333334,0.0,0.0,0.0,0.0,0.0
809,2549,1123,14.0,10,2024,2024-03-24,04:00:00,albert_park,kevin_magnussen,haas,0,13,6,4.0,15.0,14.666666666666666,0.3333333333333333,0.0,0.67666614,0.06666667,0.09999997,0.0,0.0,0.0033333334,0.0033333334,0.0033333334,0.01,0.006666667,0.09333331,0.016666668,0.016666668,0.0033333334,0.0,0.0,0.0,0.0,0.0
810,2550,1123,12.0,11,2024,2024-03-24,04:00:00,albert_park,albon,williams,0,1,15,1.0,13.0,13.333333333333334,-0.3333333333333333,0.0,0.043333337,0.7699994,0.07999999,0.0,0.0,0.0,0.0,0.0033333334,0.013333334,0.013333334,0.02666667,0.016666668,0.01,0.0,0.013333334,0.0033333334,0.006666667,0.0,0.0
811,2551,1123,18.0,12,2024,2024-03-24,04:00:00,albert_park,ricciardo,rb,0,28,10,6.0,14.333333333333334,13.333333333333334,1.0,0.0,0.02666667,0.12333328,0.5933329,0.0,0.0033333334,0.0,0.0,0.0033333334,0.0,0.0033333334,0.0033333334,0.11666662,0.1033333,0.020000001,0.0,0.0,0.0,0.0033333334,0.0
812,2552,1123,17.0,13,2024,2024-03-24,04:00:00,albert_park,gasly,alpine,0,8,2,4.0,16.0,,,0.0,0.016666668,0.043333337,0.08333332,0.0,0.0033333334,0.0,0.0,0.0,0.0,0.0,0.0,0.7466661,0.060000006,0.023333335,0.020000001,0.0033333334,0.0,0.0,0.0
813,2553,1123,13.0,14,2024,2024-03-24,04:00:00,albert_park,bottas,sauber,0,4,13,-1.0,16.666666666666668,18.33333333333333,-1.6666666666666667,0.0,0.006666667,0.020000001,0.013333334,0.0,0.0,0.0,0.0,0.0,0.0,0.0,0.006666667,0.09999997,0.49666628,0.2233332,0.033333335,0.07,0.02666667,0.0033333334,0.0
814,2554,1123,19.0,15,2024,2024-03-24,04:00:00,albert_park,zhou,sauber,0,37,13,4.0,18.666666666666668,15.333333333333334,3.333333333333333,0.0,0.023333335,0.020000001,0.023333335,0.0,0.0,0.0,0.0,0.0,0.0033333334,0.0033333334,0.0,0.056666672,0.12999995,0.60999954,0.10999996,0.013333334,0.006666667,0.0,0.0
815,2555,1123,15.0,16,2024,2024-03-24,04:00:00,albert_park,ocon,alpine,0,23,2,-1.0,16.0,14.0,2.0,0.0,0.0033333334,0.0033333334,0.006666667,0.0,0.0,0.0,0.0,0.0,0.0,0.0,0.0,0.006666667,0.06666667,0.26333317,0.5633329,0.06333334,0.006666667,0.016666668,0.0
816,2556,1123,7.0,17,2024,2024-03-24,04:00:00,albert_park,russell,mercedes,0,29,8,-10.0,4.666666666666667,4.666666666666667,0.0,0.0,0.04666667,0.006666667,0.06333334,0.0033333334,0.0033333334,0.013333334,0.020000001,0.016666668,0.03666667,0.07666666,0.01,0.12999995,0.056666672,0.10999996,0.09333331,0.19999988,0.07999999,0.0033333334,0.030000003
817,2559,1124,1.0,1,2024,2024-04-07,05:00:00,suzuka,max_verstappen,red_bull,26,19,11,0.0,1.0,,,0.97666585,0.0,0.0,0.0,0.023333335,0.0,0.0,0.0,0.0,0.0,0.0,0.0,0.0,0.0,0.0,0.0,0.0,0.0,0.0,0.0
818,2560,1124,2.0,2,2024,2024-04-07,05:00:00,suzuka,perez,red_bull,26,24,11,0.0,4.666666666666667,3.0,1.6666666666666667,0.08999998,0.0,0.0,0.0,0.8599993,0.04666667,0.0,0.0033333334,0.0,0.0,0.0,0.0,0.0,0.0,0.0,0.0,0.0,0.0,0.0,0.0
819,2561,1124,4.0,3,2024,2024-04-07,05:00:00,suzuka,sainz,ferrari,26,30,4,1.0,7.333333333333333,7.333333333333333,0.0,0.0033333334,0.0,0.0,0.0,0.08999998,0.7733327,0.1033333,0.016666668,0.01,0.0,0.0,0.0033333334,0.0,0.0,0.0,0.0,0.0,0.0,0.0,0.0
820,2562,1124,8.0,4,2024,2024-04-07,05:00:00,suzuka,leclerc,ferrari,26,18,4,4.0,2.6666666666666665,3.0,-0.3333333333333333,0.060000006,0.0,0.0,0.0,0.030000003,0.13333328,0.42999968,0.24999984,0.07333333,0.013333334,0.0033333334,0.0033333334,0.0,0.0,0.0,0.0033333334,0.0,0.0,0.0,0.0
821,2563,1124,3.0,5,2024,2024-04-07,05:00:00,suzuka,norris,mclaren,26,22,7,-2.0,5.333333333333333,5.666666666666667,-0.3333333333333333,0.0,0.0033333334,0.0,0.0,0.02666667,0.09333331,0.11333329,0.6966661,0.033333335,0.023333335,0.01,0.0,0.0,0.0,0.0,0.0,0.0,0.0,0.0,0.0
822,2564,1124,5.0,6,2024,2024-04-07,05:00:00,suzuka,alonso,aston_martin,26,2,3,-1.0,6.666666666666667,7.333333333333333,-0.6666666666666666,0.0,0.013333334,0.0,0.0033333334,0.006666667,0.023333335,0.04666667,0.1899999,0.5633329,0.09666664,0.043333337,0.006666667,0.0033333334,0.0033333334,0.0,0.0,0.0,0.0,0.0,0.0
823,2565,1124,9.0,7,2024,2024-04-07,05:00:00,suzuka,russell,mercedes,26,29,8,2.0,5.666666666666667,9.333333333333334,-3.6666666666666665,0.0,0.02666667,0.0,0.006666667,0.0,0.006666667,0.013333334,0.06666667,0.1033333,0.65666616,0.07999999,0.03666667,0.0,0.0,0.0033333334,0.0,0.0,0.0,0.0,0.0
824,2566,1124,6.0,8,2024,2024-04-07,05:00:00,suzuka,piastri,mclaren,26,25,7,-2.0,6.0,5.333333333333333,0.6666666666666666,0.0,0.056666672,0.01,0.006666667,0.0,0.006666667,0.016666668,0.033333335,0.09666664,0.16666658,0.5199996,0.050000004,0.023333335,0.0,0.0033333334,0.0,0.0,0.01,0.0,0.0
825,2567,1124,7.0,9,2024,2024-04-07,05:00:00,suzuka,hamilton,mercedes,26,11,8,-2.0,9.333333333333334,,,0.0,0.07999999,0.060000006,0.006666667,0.006666667,0.0,0.0,0.0,0.016666668,0.060000006,0.10666663,0.6299995,0.02666667,0.0,0.006666667,0.0,0.0,0.0,0.0,0.0
826,2568,1124,10.0,10,2024,2024-04-07,05:00:00,suzuka,tsunoda,rb,26,34,10,0.0,9.333333333333334,12.0,-2.6666666666666665,0.0033333334,0.6966661,0.060000006,0.050000004,0.0,0.0,0.006666667,0.0,0.0033333334,0.03666667,0.02666667,0.08666665,0.023333335,0.0,0.0033333334,0.0,0.0,0.0033333334,0.0,0.0
827,2569,1124,12.0,11,2024,2024-04-07,05:00:00,suzuka,hulkenberg,haas,26,12,6,1.0,13.666666666666666,11.666666666666666,2.0,0.0,0.07,0.7633327,0.050000004,0.0,0.0,0.0,0.006666667,0.01,0.0033333334,0.006666667,0.056666672,0.016666668,0.0033333334,0.0033333334,0.0033333334,0.006666667,0.0,0.0,0.0
828,2570,1124,16.0,12,2024,2024-04-07,05:00:00,suzuka,stroll,aston_martin,26,33,3,4.0,10.333333333333334,,,0.0,0.05333334,0.20999987,0.6533328,0.0,0.0,0.0033333334,0.0,0.0,0.0,0.0033333334,0.0033333334,0.04666667,0.013333334,0.006666667,0.006666667,0.0,0.0,0.0,0.0
829,2571,1124,18.0,13,2024,2024-04-07,05:00:00,suzuka,kevin_magnussen,haas,26,13,6,5.0,14.0,11.333333333333334,2.6666666666666665,0.0,0.016666668,0.013333334,0.25333318,0.0,0.0,0.0,0.0,0.0,0.0,0.006666667,0.0033333334,0.40666637,0.25999984,0.033333335,0.006666667,0.0,0.0,0.0,0.0
830,2572,1124,13.0,14,2024,2024-04-07,05:00:00,suzuka,bottas,sauber,26,4,13,-1.0,15.0,16.666666666666668,-1.6666666666666667,0.0,0.033333335,0.013333334,0.02666667,0.0,0.0,0.0,0.0,0.0,0.0033333334,0.0033333334,0.006666667,0.09333331,0.49666628,0.2133332,0.030000003,0.056666672,0.020000001,0.0,0.0033333334
831,2573,1124,15.0,15,2024,2024-04-07,05:00:00,suzuka,ocon,alpine,26,23,2,0.0,17.0,15.333333333333334,1.6666666666666667,0.0,0.006666667,0.01,0.01,0.0,0.0,0.0,0.0,0.0,0.0,0.0,0.006666667,0.03666667,0.10999996,0.66666615,0.11333329,0.016666668,0.016666668,0.006666667,0.0
832,2574,1124,17.0,16,2024,2024-04-07,05:00:00,suzuka,gasly,alpine,26,8,2,1.0,18.33333333333333,,,0.0,0.0,0.0,0.01,0.0,0.0,0.0,0.0,0.0,0.0,0.0,0.0033333334,0.023333335,0.016666668,0.24999984,0.57999957,0.09666664,0.01,0.01,0.0
833,2575,1124,19.0,17,2024,2024-04-07,05:00:00,suzuka,sargeant,williams,26,31,15,2.0,19.0,16.666666666666668,2.333333333333333,0.0,0.0,0.0033333334,0.0,0.0,0.0,0.0,0.0,0.0,0.0,0.0,0.0033333334,0.0,0.0,0.016666668,0.11333329,0.63333285,0.13333328,0.06333334,0.033333335
834,2579,1125,1.0,1,2024,2024-04-21,07:00:00,shanghai,max_verstappen,red_bull,22,19,11,0.0,1.0,,,0.9833325,0.0,0.0,0.0,0.013333334,0.0033333334,0.0,0.0,0.0,0.0,0.0,0.0,0.0,0.0,0.0,0.0,0.0,0.0,0.0,0.0
835,2580,1125,4.0,2,2024,2024-04-21,07:00:00,shanghai,norris,mclaren,22,22,7,2.0,4.0,5.333333333333333,-1.3333333333333333,0.07,0.0,0.0,0.0,0.8033327,0.023333335,0.07333333,0.023333335,0.0,0.0,0.006666667,0.0,0.0,0.0,0.0,0.0,0.0,0.0,0.0,0.0
836,2581,1125,2.0,3,2024,2024-04-21,07:00:00,shanghai,perez,red_bull,22,24,11,-1.0,3.6666666666666665,3.0,0.6666666666666666,0.016666668,0.0,0.0,0.0,0.21999986,0.7166661,0.020000001,0.020000001,0.0,0.0,0.0,0.0,0.0,0.0,0.0,0.0,0.0,0.0,0.0033333334,0.0033333334
837,2582,1125,6.0,4,2024,2024-04-21,07:00:00,shanghai,leclerc,ferrari,22,18,4,2.0,4.666666666666667,3.0,1.6666666666666667,0.023333335,0.0,0.0,0.0,0.056666672,0.14999993,0.5866662,0.12333328,0.03666667,0.016666668,0.0,0.006666667,0.0,0.0,0.0,0.0,0.0,0.0,0.0,0.0
838,2583,1125,7.0,5,2024,2024-04-21,07:00:00,shanghai,sainz,ferrari,22,30,4,2.0,3.333333333333333,2.333333333333333,1.0,0.023333335,0.0033333334,0.0,0.0,0.030000003,0.08333332,0.08666665,0.6066662,0.12666662,0.030000003,0.0,0.0033333334,0.0033333334,0.0,0.0,0.0033333334,0.0,0.0,0.0,0.0
839,2584,1125,8.0,6,2024,2024-04-21,07:00:00,shanghai,russell,mercedes,22,29,8,2.0,7.666666666666667,10.0,-2.333333333333333,0.0,0.016666668,0.006666667,0.0033333334,0.01,0.01,0.043333337,0.16999991,0.42999968,0.24999984,0.040000003,0.020000001,0.0,0.0,0.0,0.0,0.0,0.0,0.0,0.0
840,2585,1125,3.0,7,2024,2024-04-21,07:00:00,shanghai,alonso,aston_martin,22,2,3,-4.0,6.333333333333333,6.333333333333333,0.0,0.0,0.033333335,0.02666667,0.0,0.0033333334,0.033333335,0.023333335,0.08999998,0.15999992,0.50999963,0.07666666,0.030000003,0.0033333334,0.0033333334,0.0033333334,0.0033333334,0.0,0.0,0.0,0.0
841,2586,1125,5.0,8,2024,2024-04-21,07:00:00,shanghai,piastri,mclaren,22,25,7,-3.0,5.333333333333333,5.333333333333333,0.0,0.0,0.09666664,0.016666668,0.023333335,0.0033333334,0.0033333334,0.016666668,0.016666668,0.04666667,0.11333329,0.5633329,0.08666665,0.006666667,0.0,0.0,0.0,0.0,0.006666667,0.0,0.0
842,2587,1125,18.0,9,2024,2024-04-21,07:00:00,shanghai,hamilton,mercedes,22,11,8,9.0,8.666666666666666,,,0.0033333334,0.22999986,0.033333335,0.040000003,0.01,0.013333334,0.01,0.016666668,0.050000004,0.07333333,0.12333328,0.36999974,0.01,0.01,0.006666667,0.0,0.0,0.0,0.0,0.0
843,2588,1125,9.0,10,2024,2024-04-21,07:00:00,shanghai,hulkenberg,haas,22,12,6,-1.0,14.333333333333334,10.0,4.333333333333333,0.0,0.47333297,0.20666654,0.043333337,0.0,0.0033333334,0.0,0.006666667,0.020000001,0.013333334,0.020000001,0.1899999,0.013333334,0.0,0.006666667,0.0033333334,0.0,0.0,0.0,0.0
844,2589,1125,13.0,11,2024,2024-04-21,07:00:00,shanghai,ocon,alpine,22,23,2,2.0,15.666666666666666,14.666666666666666,1.0,0.0,0.12333328,0.37999973,0.2666665,0.0,0.0,0.0,0.0,0.01,0.006666667,0.020000001,0.01,0.07999999,0.03666667,0.040000003,0.013333334,0.01,0.0033333334,0.0,0.0
845,2590,1125,14.0,12,2024,2024-04-21,07:00:00,shanghai,albon,williams,22,1,15,2.0,12.666666666666666,,,0.0,0.03666667,0.03666667,0.59999955,0.0,0.0,0.0,0.0,0.0,0.0,0.0,0.023333335,0.15666659,0.11999995,0.006666667,0.006666667,0.0033333334,0.01,0.0,0.0
846,2591,1125,15.0,13,2024,2024-04-21,07:00:00,shanghai,gasly,alpine,22,8,2,2.0,17.333333333333332,,,0.0,0.0,0.023333335,0.09666664,0.0,0.0,0.0,0.0,0.0,0.0,0.0,0.0,0.6933328,0.07999999,0.060000006,0.02666667,0.013333334,0.006666667,0.0,0.0
847,2592,1125,16.0,14,2024,2024-04-21,07:00:00,shanghai,zhou,sauber,22,37,13,2.0,19.666666666666668,,,0.0,0.0033333334,0.013333334,0.023333335,0.0,0.0,0.0,0.0,0.0,0.0033333334,0.006666667,0.0,0.07333333,0.47999963,0.26333317,0.07666666,0.050000004,0.0,0.006666667,0.0
848,2593,1125,11.0,15,2024,2024-04-21,07:00:00,shanghai,stroll,aston_martin,22,33,3,-4.0,11.666666666666666,,,0.0,0.01,0.01,0.040000003,0.0,0.0,0.0,0.0,0.0033333334,0.0033333334,0.0,0.0033333334,0.06333334,0.23999985,0.40333304,0.08999998,0.11999995,0.013333334,0.0,0.0
849,2594,1125,17.0,16,2024,2024-04-21,07:00:00,shanghai,kevin_magnussen,haas,22,13,6,1.0,15.0,11.666666666666666,3.333333333333333,0.0,0.0,0.0,0.0033333334,0.0,0.0,0.0,0.0,0.0,0.0,0.0,0.0,0.006666667,0.060000006,0.26999983,0.503333,0.14333327,0.006666667,0.006666667,0.0
850,2595,1125,20.0,17,2024,2024-04-21,07:00:00,shanghai,sargeant,williams,22,31,15,3.0,18.666666666666668,17.0,1.6666666666666667,0.0,0.0033333334,0.023333335,0.0033333334,0.0,0.0,0.0,0.0,0.0,0.0,0.0,0.0,0.006666667,0.04666667,0.17666657,0.39666638,0.25333318,0.060000006,0.023333335,0.006666667
851,2599,1126,5.0,1,2024,2024-05-05,20:00:00,miami,norris,mclaren,13,22,7,4.0,3.333333333333333,3.333333333333333,0.0,0.34999976,0.0,0.0,0.0,0.42666635,0.11999995,0.07,0.02666667,0.0,0.006666667,0.0,0.0,0.0,0.0,0.0,0.0,0.0,0.0,0.0,0.0
852,2600,1126,1.0,2,2024,2024-05-05,20:00:00,miami,max_verstappen,red_bull,13,19,11,-1.0,1.0,,,0.09666664,0.0,0.0,0.0,0.83333266,0.043333337,0.016666668,0.0033333334,0.006666667,0.0,0.0,0.0,0.0,0.0,0.0,0.0,0.0,0.0,0.0,0.0
853,2601,1126,2.0,3,2024,2024-05-05,20:00:00,miami,leclerc,ferrari,13,18,4,-1.0,6.0,3.333333333333333,2.6666666666666665,0.01,0.0,0.0,0.0,0.19333322,0.7699994,0.023333335,0.0033333334,0.0,0.0,0.0,0.0,0.0,0.0,0.0,0.0,0.0,0.0,0.0,0.0
854,2602,1126,4.0,4,2024,2024-05-05,20:00:00,miami,perez,red_bull,13,24,11,0.0,3.333333333333333,3.333333333333333,0.0,0.013333334,0.0,0.0,0.0,0.020000001,0.07,0.806666,0.07999999,0.0033333334,0.006666667,0.0,0.0,0.0,0.0,0.0,0.0,0.0,0.0,0.0,0.0
855,2603,1126,3.0,5,2024,2024-05-05,20:00:00,miami,sainz,ferrari,13,30,4,-2.0,4.333333333333333,3.0,1.3333333333333333,0.0033333334,0.0,0.0,0.0,0.020000001,0.08666665,0.1466666,0.6033329,0.09666664,0.020000001,0.020000001,0.0,0.0,0.0033333334,0.0,0.0,0.0,0.0,0.0,0.0
856,2604,1126,8.0,6,2024,2024-05-05,20:00:00,miami,hamilton,mercedes,13,11,8,2.0,12.0,,,0.0,0.0,0.0,0.0,0.0,0.0,0.016666668,0.07,0.7599994,0.12333328,0.016666668,0.013333334,0.0,0.0,0.0,0.0,0.0,0.0,0.0,0.0
857,2605,1126,10.0,7,2024,2024-05-05,20:00:00,miami,tsunoda,rb,13,34,10,3.0,12.333333333333334,,,0.0,0.016666668,0.0,0.006666667,0.0033333334,0.016666668,0.020000001,0.0033333334,0.06666667,0.69999945,0.14333327,0.023333335,0.0,0.0,0.0,0.0,0.0,0.0,0.0,0.0
858,2606,1126,7.0,8,2024,2024-05-05,20:00:00,miami,russell,mercedes,13,29,8,-1.0,8.0,10.0,-2.0,0.0033333334,0.040000003,0.013333334,0.006666667,0.0,0.0033333334,0.006666667,0.030000003,0.06333334,0.13333328,0.63333285,0.050000004,0.013333334,0.0,0.0033333334,0.0,0.0,0.0,0.0,0.0
859,2607,1126,15.0,9,2024,2024-05-05,20:00:00,miami,alonso,aston_martin,13,2,3,6.0,6.0,7.0,-1.0,0.0,0.20666654,0.07999999,0.08333332,0.006666667,0.020000001,0.020000001,0.03666667,0.04666667,0.06666667,0.08999998,0.32999977,0.013333334,0.0,0.0,0.0,0.0,0.0,0.0,0.0
860,2608,1126,13.0,10,2024,2024-05-05,20:00:00,miami,ocon,alpine,13,23,2,3.0,14.333333333333334,14.0,0.3333333333333333,0.0,0.8133327,0.07666666,0.02666667,0.0,0.0,0.0,0.0,0.006666667,0.006666667,0.0,0.050000004,0.006666667,0.006666667,0.0033333334,0.0033333334,0.0,0.0,0.0,0.0
861,2609,1126,9.0,11,2024,2024-05-05,20:00:00,miami,hulkenberg,haas,13,12,6,-2.0,12.333333333333334,10.0,2.333333333333333,0.0,0.11666662,0.6633328,0.08999998,0.0,0.0,0.0,0.0,0.0033333334,0.0,0.02666667,0.05333334,0.030000003,0.01,0.0033333334,0.0,0.0033333334,0.0,0.0,0.0
862,2610,1126,12.0,12,2024,2024-05-05,20:00:00,miami,gasly,alpine,13,8,2,0.0,16.333333333333332,14.0,2.333333333333333,0.0,0.07333333,0.06666667,0.796666,0.0,0.0,0.0,0.0,0.0033333334,0.0,0.0,0.006666667,0.040000003,0.0033333334,0.006666667,0.0033333334,0.0,0.0,0.0,0.0
863,2611,1126,6.0,13,2024,2024-05-05,20:00:00,miami,piastri,mclaren,13,25,7,-7.0,5.333333333333333,6.666666666666667,-1.3333333333333333,0.0,0.13666661,0.09666664,0.07333333,0.0,0.0,0.0,0.0033333334,0.006666667,0.013333334,0.05333334,0.02666667,0.49333295,0.023333335,0.040000003,0.013333334,0.01,0.0,0.0,0.01
864,2612,1126,19.0,14,2024,2024-05-05,20:00:00,miami,zhou,sauber,13,37,13,5.0,18.33333333333333,,,0.0,0.006666667,0.03666667,0.050000004,0.0,0.0,0.0,0.0,0.0,0.0033333334,0.0,0.0,0.08666665,0.6799995,0.10666663,0.030000003,0.0,0.0,0.0,0.0
865,2613,1126,20.0,15,2024,2024-05-05,20:00:00,miami,ricciardo,rb,13,28,10,5.0,13.666666666666666,,,0.0,0.0,0.0033333334,0.030000003,0.0,0.0033333334,0.0,0.0,0.0,0.0033333334,0.0033333334,0.0033333334,0.04666667,0.3766664,0.4866663,0.033333335,0.006666667,0.0033333334,0.0,0.0
866,2614,1126,16.0,16,2024,2024-05-05,20:00:00,miami,bottas,sauber,13,4,13,0.0,12.0,,,0.0,0.0,0.0033333334,0.006666667,0.0,0.0,0.0,0.0,0.0,0.0,0.0,0.0,0.020000001,0.06333334,0.09666664,0.6366662,0.11666662,0.040000003,0.013333334,0.0033333334
867,2615,1126,11.0,17,2024,2024-05-05,20:00:00,miami,stroll,aston_martin,13,33,3,-6.0,12.0,11.0,1.0,0.0,0.013333334,0.01,0.0033333334,0.0,0.0,0.0,0.0,0.0033333334,0.0,0.0,0.0033333334,0.006666667,0.04666667,0.12333328,0.09999997,0.55666625,0.12333328,0.01,0.0
868,2616,1126,14.0,18,2024,2024-05-05,20:00:00,miami,albon,williams,13,1,15,-4.0,13.333333333333334,,,0.0,0.01,0.016666668,0.016666668,0.0,0.0,0.0,0.0,0.0,0.0,0.0,0.01,0.050000004,0.07333333,0.09666664,0.11333329,0.17333324,0.3766664,0.03666667,0.02666667
869,2617,1126,18.0,19,2024,2024-05-05,20:00:00,miami,kevin_magnussen,haas,13,13,6,-1.0,16.333333333333332,13.0,3.333333333333333,0.0,0.0,0.0,0.0,0.0,0.0,0.0033333334,0.0,0.0,0.0,0.0,0.0,0.0,0.0033333334,0.020000001,0.033333335,0.17666657,0.15666659,0.49666628,0.10999996
870,2619,1127,1.0,1,2024,2024-05-19,13:00:00,imola,max_verstappen,red_bull,7,19,11,0.0,1.0,1.3333333333333333,-0.3333333333333333,0.9933325,0.0,0.0,0.0,0.006666667,0.0,0.0,0.0,0.0,0.0,0.0,0.0,0.0,0.0,0.0,0.0,0.0,0.0,0.0,0.0
871,2620,1127,2.0,2,2024,2024-05-19,13:00:00,imola,norris,mclaren,7,22,7,0.0,4.0,2.6666666666666665,1.3333333333333333,0.07,0.0,0.0,0.0,0.8633326,0.06333334,0.0,0.0,0.0,0.0033333334,0.0,0.0,0.0,0.0,0.0,0.0,0.0,0.0,0.0,0.0
872,2621,1127,3.0,3,2024,2024-05-19,13:00:00,imola,leclerc,ferrari,7,18,4,0.0,5.333333333333333,3.6666666666666665,1.6666666666666667,0.006666667,0.0,0.0,0.0,0.06666667,0.8299993,0.07666666,0.016666668,0.0,0.0033333334,0.0,0.0,0.0,0.0,0.0,0.0,0.0,0.0,0.0,0.0
873,2622,1127,5.0,4,2024,2024-05-19,13:00:00,imola,piastri,mclaren,7,25,7,1.0,5.666666666666667,9.666666666666666,-4.0,0.016666668,0.0,0.0,0.0,0.023333335,0.050000004,0.7733327,0.07666666,0.03666667,0.016666668,0.006666667,0.0,0.0,0.0,0.0,0.0,0.0,0.0,0.0,0.0
874,2623,1127,4.0,5,2024,2024-05-19,13:00:00,imola,sainz,ferrari,7,30,4,-1.0,4.666666666666667,4.333333333333333,0.3333333333333333,0.0033333334,0.0,0.0,0.0,0.013333334,0.02666667,0.23666652,0.6266662,0.07333333,0.013333334,0.006666667,0.0,0.0,0.0,0.0,0.0,0.0,0.0,0.0,0.0
875,2624,1127,8.0,6,2024,2024-05-19,13:00:00,imola,hamilton,mercedes,7,11,8,2.0,11.0,8.0,3.0,0.0,0.0033333334,0.0,0.0,0.0,0.0,0.020000001,0.10999996,0.73333275,0.07666666,0.033333335,0.020000001,0.0033333334,0.0,0.0,0.0,0.0,0.0,0.0,0.0
876,2625,1127,6.0,7,2024,2024-05-19,13:00:00,imola,russell,mercedes,7,29,8,-1.0,8.0,7.0,1.0,0.0,0.013333334,0.0,0.0033333334,0.0033333334,0.013333334,0.006666667,0.050000004,0.18666656,0.6199995,0.07999999,0.023333335,0.0,0.0,0.0,0.0,0.0,0.0,0.0,0.0
877,2626,1127,11.0,8,2024,2024-05-19,13:00:00,imola,perez,red_bull,7,24,11,3.0,2.6666666666666665,3.0,-0.3333333333333333,0.07333333,0.023333335,0.0,0.0033333334,0.03666667,0.030000003,0.11333329,0.10999996,0.033333335,0.08333332,0.43999967,0.033333335,0.0,0.0,0.0033333334,0.013333334,0.0,0.0,0.0033333334,0.0
878,2627,1127,13.0,9,2024,2024-05-19,13:00:00,imola,stroll,aston_martin,7,33,3,4.0,12.666666666666666,14.666666666666666,-2.0,0.0,0.2233332,0.016666668,0.02666667,0.0,0.0033333334,0.0033333334,0.0033333334,0.006666667,0.020000001,0.08666665,0.6033329,0.006666667,0.0,0.0,0.0,0.0,0.0,0.0,0.0
879,2628,1127,7.0,10,2024,2024-05-19,13:00:00,imola,tsunoda,rb,7,34,10,-3.0,13.0,,,0.0,0.47999963,0.19999988,0.07999999,0.0,0.0,0.0,0.006666667,0.0033333334,0.006666667,0.013333334,0.16999991,0.020000001,0.016666668,0.0033333334,0.0,0.0,0.0,0.0,0.0
880,2629,1127,10.0,11,2024,2024-05-19,13:00:00,imola,hulkenberg,haas,7,12,6,-1.0,10.0,10.666666666666666,-0.6666666666666666,0.0,0.14333327,0.57999957,0.11333329,0.0,0.0,0.0,0.0,0.0,0.01,0.013333334,0.043333337,0.06333334,0.023333335,0.0033333334,0.0033333334,0.0033333334,0.0,0.0,0.0
881,2630,1127,18.0,12,2024,2024-05-19,13:00:00,imola,kevin_magnussen,haas,7,13,6,6.0,17.666666666666668,16.0,1.6666666666666667,0.0,0.030000003,0.08666665,0.67666614,0.0,0.0,0.0,0.0,0.0,0.006666667,0.0,0.006666667,0.056666672,0.07666666,0.016666668,0.030000003,0.0033333334,0.006666667,0.0033333334,0.0
882,2631,1127,9.0,13,2024,2024-05-19,13:00:00,imola,ricciardo,rb,7,28,10,-4.0,14.333333333333334,,,0.0,0.006666667,0.02666667,0.29666647,0.0,0.0,0.0,0.0,0.0,0.006666667,0.0,0.006666667,0.5499996,0.060000006,0.02666667,0.006666667,0.0,0.01,0.0033333334,0.0
883,2632,1127,12.0,14,2024,2024-05-19,13:00:00,imola,ocon,alpine,7,23,2,-2.0,13.666666666666666,12.0,1.6666666666666667,0.0,0.020000001,0.033333335,0.1033333,0.0,0.0,0.0,0.0,0.0033333334,0.0,0.0,0.0033333334,0.39333305,0.3533331,0.060000006,0.020000001,0.0033333334,0.0033333334,0.0033333334,0.0
884,2633,1127,17.0,15,2024,2024-05-19,13:00:00,imola,zhou,sauber,7,37,13,2.0,18.33333333333333,,,0.0,0.0033333334,0.006666667,0.006666667,0.0,0.0,0.0,0.0,0.0,0.0,0.0033333334,0.0,0.050000004,0.08333332,0.57666624,0.16333325,0.08999998,0.01,0.006666667,0.0
885,2634,1127,15.0,16,2024,2024-05-19,13:00:00,imola,gasly,alpine,7,8,2,-1.0,14.666666666666666,13.666666666666666,1.0,0.0,0.0,0.0,0.0033333334,0.0,0.0,0.0,0.0,0.0,0.0,0.0,0.0033333334,0.016666668,0.050000004,0.36333308,0.43999967,0.06666667,0.03666667,0.020000001,0.0
886,2635,1127,19.0,17,2024,2024-05-19,13:00:00,imola,sargeant,williams,7,31,15,2.0,18.666666666666668,,,0.0,0.0,0.0,0.0,0.0,0.0,0.0,0.0,0.0,0.0,0.0,0.0,0.0033333334,0.01,0.01,0.10666663,0.72333276,0.1033333,0.016666668,0.02666667
887,2636,1127,16.0,18,2024,2024-05-19,13:00:00,imola,bottas,sauber,7,4,13,-2.0,13.0,,,0.0,0.0033333334,0.0033333334,0.006666667,0.0,0.0,0.0,0.0,0.0,0.0,0.0,0.0,0.006666667,0.033333335,0.05333334,0.07333333,0.22999986,0.40666637,0.15666659,0.02666667
888,2637,1127,20.0,19,2024,2024-05-19,13:00:00,imola,alonso,aston_martin,7,2,3,1.0,7.666666666666667,7.333333333333333,0.3333333333333333,0.0,0.043333337,0.040000003,0.02666667,0.013333334,0.0,0.0,0.0,0.01,0.023333335,0.02666667,0.02666667,0.09666664,0.07,0.08333332,0.07,0.11666662,0.13999994,0.2133332,0.0
889,2639,1128,1.0,1,2024,2024-05-26,13:00:00,monaco,leclerc,ferrari,14,18,4,0.0,3.6666666666666665,3.333333333333333,0.3333333333333333,0.85666597,0.0,0.0,0.0,0.11999995,0.016666668,0.0,0.0033333334,0.0,0.0033333334,0.0,0.0,0.0,0.0,0.0,0.0,0.0,0.0,0.0,0.0
890,2640,1128,2.0,2,2024,2024-05-26,13:00:00,monaco,piastri,mclaren,14,25,7,0.0,5.333333333333333,8.333333333333334,-3.0,0.12666662,0.0,0.0,0.0,0.81999934,0.033333335,0.01,0.01,0.0,0.0,0.0,0.0,0.0,0.0,0.0,0.0,0.0,0.0,0.0,0.0
891,2641,1128,3.0,3,2024,2024-05-26,13:00:00,monaco,sainz,ferrari,14,30,4,0.0,4.666666666666667,5.0,-0.3333333333333333,0.033333335,0.0033333334,0.0,0.0,0.07999999,0.7699994,0.08666665,0.016666668,0.01,0.0,0.0,0.0,0.0,0.0,0.0,0.0,0.0,0.0,0.0,0.0
892,2642,1128,4.0,4,2024,2024-05-26,13:00:00,monaco,norris,mclaren,14,22,7,0.0,3.6666666666666665,1.6666666666666667,2.0,0.016666668,0.0,0.0,0.0,0.09999997,0.20333321,0.6266662,0.030000003,0.01,0.013333334,0.0,0.0,0.0,0.0,0.0,0.0,0.0,0.0,0.0,0.0
893,2643,1128,5.0,5,2024,2024-05-26,13:00:00,monaco,russell,mercedes,14,29,8,0.0,7.0,7.0,0.0,0.006666667,0.0,0.0033333334,0.0,0.006666667,0.020000001,0.1033333,0.7799994,0.060000006,0.016666668,0.0033333334,0.0,0.0,0.0,0.0,0.0,0.0,0.0,0.0,0.0
894,2644,1128,6.0,6,2024,2024-05-26,13:00:00,monaco,max_verstappen,red_bull,14,19,11,0.0,1.0,1.3333333333333333,-0.3333333333333333,0.060000006,0.0,0.0,0.0,0.033333335,0.07,0.08999998,0.11999995,0.48333296,0.12666662,0.01,0.0,0.0,0.0,0.0,0.0,0.0,0.006666667,0.0,0.0
895,2645,1128,7.0,7,2024,2024-05-26,13:00:00,monaco,hamilton,mercedes,14,11,8,0.0,11.333333333333334,7.0,4.333333333333333,0.0,0.006666667,0.0,0.0,0.01,0.0,0.0033333334,0.03666667,0.19999988,0.61333287,0.09333331,0.030000003,0.006666667,0.0,0.0,0.0,0.0,0.0,0.0,0.0
896,2646,1128,8.0,8,2024,2024-05-26,13:00:00,monaco,tsunoda,rb,14,34,10,0.0,12.0,,,0.0033333334,0.06333334,0.013333334,0.01,0.0,0.0,0.01,0.0,0.040000003,0.11999995,0.6033329,0.12999995,0.0,0.0033333334,0.0,0.0,0.0033333334,0.0,0.0,0.0
897,2647,1128,9.0,9,2024,2024-05-26,13:00:00,monaco,albon,williams,14,1,15,0.0,14.0,,,0.0,0.033333335,0.043333337,0.07,0.0,0.0033333334,0.0,0.0,0.013333334,0.06666667,0.10666663,0.63333285,0.023333335,0.0033333334,0.0,0.0033333334,0.0,0.0,0.0,0.0
898,2648,1128,10.0,10,2024,2024-05-26,13:00:00,monaco,gasly,alpine,14,8,2,0.0,14.0,13.666666666666666,0.3333333333333333,0.0,0.76666605,0.03666667,0.06666667,0.0,0.0,0.0,0.0,0.0033333334,0.0033333334,0.006666667,0.10666663,0.0033333334,0.0033333334,0.0,0.0033333334,0.0,0.0,0.0,0.0
899,2649,1128,14.0,11,2024,2024-05-26,13:00:00,monaco,alonso,aston_martin,14,2,3,3.0,12.666666666666666,11.666666666666666,1.0,0.0,0.13999994,0.68999946,0.06666667,0.0,0.0,0.0,0.0,0.0,0.016666668,0.01,0.01,0.040000003,0.016666668,0.006666667,0.0,0.0,0.0033333334,0.0,0.0
900,2650,1128,12.0,12,2024,2024-05-26,13:00:00,monaco,ricciardo,rb,14,28,10,0.0,13.666666666666666,,,0.0,0.050000004,0.16666658,0.68999946,0.0,0.0,0.0,0.0,0.0,0.006666667,0.01,0.006666667,0.043333337,0.020000001,0.0,0.006666667,0.0,0.0,0.0,0.0
901,2651,1128,17.0,13,2024,2024-05-26,13:00:00,monaco,bottas,sauber,14,4,13,4.0,14.0,,,0.0,0.023333335,0.07,0.13666661,0.0,0.0,0.0,0.0033333334,0.0,0.0,0.0,0.006666667,0.66666615,0.040000003,0.040000003,0.006666667,0.006666667,0.0,0.0,0.0
902,2652,1128,13.0,14,2024,2024-05-26,13:00:00,monaco,stroll,aston_martin,14,33,3,-1.0,11.666666666666666,13.666666666666666,-2.0,0.0,0.023333335,0.006666667,0.030000003,0.0,0.0,0.0,0.0,0.0,0.0,0.0033333334,0.0033333334,0.11666662,0.6833328,0.07,0.040000003,0.01,0.0033333334,0.01,0.0
903,2653,1128,15.0,15,2024,2024-05-26,13:00:00,monaco,sargeant,williams,14,31,15,0.0,18.666666666666668,,,0.0,0.0033333334,0.0033333334,0.006666667,0.0,0.0,0.0,0.0,0.0,0.0,0.0,0.006666667,0.06666667,0.28666648,0.46999964,0.05333334,0.056666672,0.033333335,0.013333334,0.0
904,2654,1128,18.0,16,2024,2024-05-26,13:00:00,monaco,zhou,sauber,14,37,13,2.0,17.333333333333332,14.333333333333334,3.0,0.0,0.006666667,0.0033333334,0.0,0.0,0.0,0.0,0.0,0.0,0.0,0.0,0.0,0.013333334,0.023333335,0.09333331,0.62333286,0.16999991,0.060000006,0.006666667,0.0
905,2659,1129,2.0,1,2024,2024-06-09,18:00:00,villeneuve,max_verstappen,red_bull,28,19,11,1.0,2.6666666666666665,3.0,-0.3333333333333333,0.88666594,0.0,0.0,0.0,0.1033333,0.006666667,0.0,0.0033333334,0.0,0.0,0.0,0.0,0.0,0.0,0.0,0.0,0.0,0.0,0.0,0.0
906,2660,1129,3.0,2,2024,2024-06-09,18:00:00,villeneuve,norris,mclaren,28,22,7,1.0,3.6666666666666665,2.333333333333333,1.3333333333333333,0.14999993,0.0,0.0,0.0,0.7033328,0.12333328,0.013333334,0.0033333334,0.0,0.006666667,0.0,0.0,0.0,0.0,0.0,0.0,0.0,0.0,0.0,0.0
907,2661,1129,1.0,3,2024,2024-06-09,18:00:00,villeneuve,russell,mercedes,28,29,8,-2.0,6.0,6.666666666666667,-0.6666666666666666,0.006666667,0.0033333334,0.0,0.0,0.023333335,0.87666595,0.056666672,0.023333335,0.0,0.0,0.01,0.0,0.0,0.0,0.0,0.0,0.0,0.0,0.0,0.0
908,2662,1129,7.0,4,2024,2024-06-09,18:00:00,villeneuve,hamilton,mercedes,28,11,8,3.0,7.666666666666667,6.333333333333333,1.3333333333333333,0.020000001,0.0,0.0033333334,0.0,0.07999999,0.15666659,0.42333302,0.22666653,0.043333337,0.023333335,0.0033333334,0.020000001,0.0,0.0,0.0,0.0,0.0,0.0,0.0,0.0
909,2663,1129,4.0,5,2024,2024-06-09,18:00:00,villeneuve,piastri,mclaren,28,25,7,-1.0,4.333333333333333,6.333333333333333,-2.0,0.0,0.006666667,0.0,0.0,0.023333335,0.02666667,0.11666662,0.7933327,0.013333334,0.0033333334,0.013333334,0.0033333334,0.0,0.0,0.0,0.0,0.0,0.0,0.0,0.0
910,2664,1129,6.0,6,2024,2024-06-09,18:00:00,villeneuve,alonso,aston_martin,28,2,3,0.0,16.333333333333332,13.0,3.333333333333333,0.0,0.0,0.016666668,0.006666667,0.0,0.013333334,0.020000001,0.050000004,0.7633327,0.050000004,0.033333335,0.030000003,0.013333334,0.0,0.0033333334,0.0,0.0,0.0,0.0,0.0
911,2665,1129,9.0,7,2024,2024-06-09,18:00:00,villeneuve,stroll,aston_martin,28,33,3,2.0,12.333333333333334,13.333333333333334,-1.0,0.0,0.033333335,0.006666667,0.0033333334,0.0,0.0,0.0033333334,0.01,0.07,0.78999937,0.040000003,0.033333335,0.0,0.0,0.006666667,0.0,0.0,0.0033333334,0.0,0.0
912,2666,1129,5.0,8,2024,2024-06-09,18:00:00,villeneuve,ricciardo,rb,28,28,10,-3.0,13.666666666666666,13.333333333333334,0.3333333333333333,0.0,0.02666667,0.056666672,0.030000003,0.0,0.0,0.01,0.01,0.060000006,0.07,0.50999963,0.1799999,0.020000001,0.006666667,0.006666667,0.0033333334,0.0,0.006666667,0.0,0.0033333334
913,2667,1129,15.0,9,2024,2024-06-09,18:00:00,villeneuve,gasly,alpine,28,8,2,6.0,12.333333333333334,12.666666666666666,-0.3333333333333333,0.0,0.31999978,0.08999998,0.03666667,0.0,0.0,0.020000001,0.0,0.013333334,0.016666668,0.13999994,0.33999977,0.01,0.01,0.0,0.0,0.0,0.0033333334,0.0,0.0
914,2668,1129,18.0,10,2024,2024-06-09,18:00:00,villeneuve,ocon,alpine,28,23,2,8.0,12.0,,,0.0,0.57999957,0.060000006,0.11333329,0.0,0.0,0.01,0.0,0.0033333334,0.013333334,0.02666667,0.13666661,0.050000004,0.006666667,0.0,0.0,0.0,0.0,0.0,0.0
915,2669,1129,17.0,11,2024,2024-06-09,18:00:00,villeneuve,hulkenberg,haas,28,12,6,6.0,12.666666666666666,,,0.0,0.11333329,0.6933328,0.09666664,0.0,0.0,0.0,0.0033333334,0.0,0.0,0.006666667,0.016666668,0.043333337,0.020000001,0.0033333334,0.0033333334,0.0,0.0,0.0,0.0
916,2670,1129,14.0,12,2024,2024-06-09,18:00:00,villeneuve,kevin_magnussen,haas,28,13,6,2.0,18.666666666666668,,,0.0,0.01,0.09333331,0.4666663,0.0,0.0,0.0,0.0,0.0033333334,0.0,0.0,0.0,0.2766665,0.040000003,0.04666667,0.033333335,0.02666667,0.0033333334,0.0,0.0
917,2671,1129,0.0,13,2024,2024-06-09,18:00:00,villeneuve,bottas,sauber,28,4,13,-13.0,16.333333333333332,15.666666666666666,0.6666666666666666,0.0,0.05333334,0.050000004,0.05333334,0.0,0.0,0.0,0.006666667,0.01,0.0033333334,0.0033333334,0.01,0.55666625,0.023333335,0.06333334,0.07333333,0.056666672,0.03666667,0.0,0.0
918,2672,1129,8.0,14,2024,2024-06-09,18:00:00,villeneuve,tsunoda,rb,28,34,10,-6.0,8.333333333333334,8.333333333333334,0.0,0.0,0.07666666,0.033333335,0.07666666,0.0,0.0,0.0,0.0,0.0,0.006666667,0.023333335,0.01,0.21666653,0.28666648,0.21999986,0.0033333334,0.023333335,0.006666667,0.0033333334,0.013333334
919,2673,1129,0.0,15,2024,2024-06-09,18:00:00,villeneuve,zhou,sauber,28,37,13,-15.0,18.0,15.0,3.0,0.0,0.02666667,0.016666668,0.030000003,0.0,0.0,0.0,0.0033333334,0.0033333334,0.01,0.006666667,0.0033333334,0.09333331,0.0033333334,0.40666637,0.27333316,0.08999998,0.033333335,0.0,0.0
920,2679,1130,2.0,1,2024,2024-06-23,13:00:00,catalunya,max_verstappen,red_bull,4,19,11,1.0,3.0,2.6666666666666665,0.3333333333333333,0.9466659,0.0,0.0,0.0,0.04666667,0.0033333334,0.0,0.0033333334,0.0,0.0,0.0,0.0,0.0,0.0,0.0,0.0,0.0,0.0,0.0,0.0
921,2680,1130,1.0,2,2024,2024-06-23,13:00:00,catalunya,norris,mclaren,4,22,7,-1.0,3.0,2.6666666666666665,0.3333333333333333,0.01,0.0,0.0,0.0,0.9266659,0.02666667,0.02666667,0.0033333334,0.0,0.0,0.0,0.0,0.0,0.0,0.0,0.0,0.0,0.0,0.0,0.006666667
922,2681,1130,3.0,3,2024,2024-06-23,13:00:00,catalunya,hamilton,mercedes,4,11,8,0.0,7.333333333333333,5.666666666666667,1.6666666666666667,0.01,0.0,0.0,0.0,0.1033333,0.84333265,0.03666667,0.006666667,0.0,0.0,0.0,0.0,0.0,0.0,0.0,0.0,0.0,0.0,0.0,0.0
923,2682,1130,4.0,4,2024,2024-06-23,13:00:00,catalunya,russell,mercedes,4,29,8,0.0,4.0,5.0,-1.0,0.006666667,0.0,0.0,0.0,0.043333337,0.033333335,0.80999935,0.09999997,0.0033333334,0.0,0.0033333334,0.0,0.0,0.0,0.0,0.0,0.0,0.0,0.0,0.0
924,2683,1130,5.0,5,2024,2024-06-23,13:00:00,catalunya,leclerc,ferrari,4,18,4,0.0,5.0,,,0.0,0.0,0.0,0.0,0.0,0.023333335,0.1033333,0.77666605,0.08333332,0.01,0.0033333334,0.0,0.0,0.0,0.0,0.0,0.0,0.0,0.0,0.0
925,2684,1130,6.0,6,2024,2024-06-23,13:00:00,catalunya,sainz,ferrari,4,30,4,0.0,6.333333333333333,,,0.0,0.0,0.0,0.0,0.0033333334,0.01,0.01,0.10999996,0.7599994,0.08333332,0.023333335,0.0,0.0,0.0,0.0,0.0,0.0,0.0,0.0,0.0
926,2685,1130,9.0,7,2024,2024-06-23,13:00:00,catalunya,piastri,mclaren,4,25,7,2.0,3.6666666666666665,3.6666666666666665,0.0,0.01,0.01,0.0033333334,0.006666667,0.016666668,0.040000003,0.05333334,0.09999997,0.09666664,0.46999964,0.15666659,0.030000003,0.0033333334,0.0,0.0,0.0,0.0,0.0,0.0033333334,0.0
927,2686,1130,11.0,8,2024,2024-06-23,13:00:00,catalunya,perez,red_bull,4,24,11,3.0,14.333333333333334,,,0.0,0.08333332,0.013333334,0.006666667,0.0,0.0,0.01,0.0,0.030000003,0.26999983,0.54666626,0.03666667,0.0033333334,0.0,0.0,0.0,0.0,0.0,0.0,0.0
928,2687,1130,7.0,9,2024,2024-06-23,13:00:00,catalunya,gasly,alpine,4,8,2,-2.0,13.333333333333334,11.666666666666666,1.6666666666666667,0.0,0.18333323,0.050000004,0.033333335,0.0,0.006666667,0.0033333334,0.006666667,0.02666667,0.060000006,0.07999999,0.5199996,0.013333334,0.0,0.01,0.0033333334,0.0033333334,0.0,0.0,0.0
929,2688,1130,8.0,10,2024,2024-06-23,13:00:00,catalunya,ocon,alpine,4,23,2,-2.0,13.666666666666666,,,0.0,0.68666613,0.09999997,0.04666667,0.0,0.0,0.0,0.0,0.0,0.013333334,0.02666667,0.09333331,0.020000001,0.006666667,0.0,0.0033333334,0.0033333334,0.0,0.0,0.0
930,2689,1130,13.0,11,2024,2024-06-23,13:00:00,catalunya,hulkenberg,haas,4,12,6,2.0,15.333333333333334,,,0.0,0.11666662,0.38333306,0.27333316,0.0,0.0,0.0,0.0033333334,0.0033333334,0.006666667,0.01,0.013333334,0.14333327,0.01,0.023333335,0.01,0.0033333334,0.0,0.0,0.0
931,2690,1130,10.0,12,2024,2024-06-23,13:00:00,catalunya,alonso,aston_martin,4,2,3,-2.0,13.333333333333334,12.0,1.3333333333333333,0.0,0.033333335,0.19999988,0.54333293,0.0,0.0,0.0,0.0,0.006666667,0.0,0.0033333334,0.02666667,0.11666662,0.040000003,0.01,0.0033333334,0.013333334,0.0033333334,0.0,0.0
932,2691,1130,15.0,13,2024,2024-06-23,13:00:00,catalunya,zhou,sauber,4,37,13,2.0,11.666666666666666,15.333333333333334,-3.6666666666666665,0.0,0.01,0.0,0.060000006,0.0,0.0,0.0033333334,0.0,0.0,0.0033333334,0.0033333334,0.0033333334,0.64666617,0.13333328,0.033333335,0.06666667,0.02666667,0.006666667,0.0033333334,0.0
933,2692,1130,14.0,14,2024,2024-06-23,13:00:00,catalunya,stroll,aston_martin,4,33,3,0.0,11.666666666666666,10.0,1.6666666666666667,0.0,0.0,0.0,0.02666667,0.0,0.0,0.0,0.0,0.0,0.0,0.0,0.0,0.20333321,0.6699995,0.07999999,0.01,0.0033333334,0.0,0.0033333334,0.0033333334
934,2693,1130,18.0,15,2024,2024-06-23,13:00:00,catalunya,ricciardo,rb,4,28,10,3.0,8.666666666666666,11.0,-2.333333333333333,0.0,0.020000001,0.05333334,0.023333335,0.006666667,0.0033333334,0.0033333334,0.006666667,0.006666667,0.016666668,0.033333335,0.006666667,0.023333335,0.11666662,0.5533329,0.09666664,0.02666667,0.0,0.0033333334,0.0
935,2694,1130,12.0,16,2024,2024-06-23,13:00:00,catalunya,bottas,sauber,4,4,13,-4.0,11.0,14.666666666666666,-3.6666666666666665,0.0,0.006666667,0.02666667,0.020000001,0.0,0.0,0.0,0.0,0.0,0.0033333334,0.0,0.0,0.09333331,0.10666663,0.11333329,0.5499996,0.060000006,0.016666668,0.0033333334,0.0
936,2695,1130,16.0,17,2024,2024-06-23,13:00:00,catalunya,kevin_magnussen,haas,4,13,6,-1.0,17.333333333333332,,,0.0,0.0,0.0,0.0,0.0,0.0,0.0,0.0,0.0,0.0,0.0,0.0,0.0,0.006666667,0.050000004,0.13333328,0.6033329,0.12333328,0.06666667,0.016666668
937,2696,1130,0.0,18,2024,2024-06-23,13:00:00,catalunya,albon,williams,4,1,15,-18.0,11.0,,,0.0,0.043333337,0.03666667,0.030000003,0.0033333334,0.0,0.0,0.01,0.0,0.0033333334,0.0,0.006666667,0.07666666,0.016666668,0.033333335,0.10666663,0.22666653,0.37333307,0.006666667,0.02666667
938,2697,1130,17.0,19,2024,2024-06-23,13:00:00,catalunya,tsunoda,rb,4,34,10,-2.0,7.666666666666667,10.666666666666666,-3.0,0.0,0.020000001,0.02666667,0.02666667,0.0,0.0,0.0,0.0033333334,0.0,0.0033333334,0.006666667,0.006666667,0.06333334,0.056666672,0.11333329,0.043333337,0.07,0.11999995,0.40666637,0.033333335
939,2698,1130,19.0,20,2024,2024-06-23,13:00:00,catalunya,sargeant,williams,4,31,15,-1.0,15.666666666666666,,,0.0,0.0,0.0,0.0,0.0,0.0,0.0,0.0,0.0,0.0,0.0,0.0,0.0033333334,0.006666667,0.013333334,0.020000001,0.08999998,0.12666662,0.2999998,0.43999967
940,2699,1131,3.0,1,2024,2024-06-30,13:00:00,red_bull_ring,russell,mercedes,19,29,8,2.0,3.333333333333333,4.0,-0.6666666666666666,0.7033328,0.0,0.0,0.0,0.22999986,0.03666667,0.020000001,0.006666667,0.0,0.0033333334,0.0,0.0,0.0,0.0,0.0,0.0,0.0,0.0,0.0,0.0
941,2700,1131,7.0,2,2024,2024-06-30,13:00:00,red_bull_ring,piastri,mclaren,19,25,7,5.0,5.0,4.666666666666667,0.3333333333333333,0.056666672,0.0,0.0,0.0,0.41333303,0.24333318,0.10666663,0.07999999,0.07666666,0.01,0.0033333334,0.0033333334,0.0033333334,0.0,0.0,0.0,0.0033333334,0.0,0.0,0.0
942,2701,1131,4.0,3,2024,2024-06-30,13:00:00,red_bull_ring,sainz,ferrari,19,30,4,1.0,7.0,,,0.0033333334,0.0,0.0,0.0,0.09666664,0.81999934,0.07666666,0.0,0.0033333334,0.0,0.0,0.0,0.0,0.0,0.0,0.0,0.0,0.0,0.0,0.0
943,2702,1131,5.0,4,2024,2024-06-30,13:00:00,red_bull_ring,hamilton,mercedes,19,11,8,1.0,5.666666666666667,4.666666666666667,1.0,0.006666667,0.0033333334,0.0,0.0,0.006666667,0.07333333,0.85333264,0.040000003,0.013333334,0.0033333334,0.0,0.0,0.0,0.0,0.0,0.0,0.0,0.0,0.0,0.0
944,2703,1131,1.0,5,2024,2024-06-30,13:00:00,red_bull_ring,max_verstappen,red_bull,19,19,11,-4.0,3.333333333333333,2.6666666666666665,0.6666666666666666,0.0033333334,0.0,0.0033333334,0.0033333334,0.056666672,0.060000006,0.15333326,0.30333313,0.16333325,0.19999988,0.013333334,0.013333334,0.0,0.0033333334,0.006666667,0.0033333334,0.0,0.0,0.006666667,0.006666667
945,2704,1131,9.0,6,2024,2024-06-30,13:00:00,red_bull_ring,hulkenberg,haas,19,12,6,3.0,16.333333333333332,,,0.0,0.006666667,0.006666667,0.006666667,0.0,0.0,0.023333335,0.050000004,0.7933327,0.060000006,0.030000003,0.020000001,0.0,0.0,0.0,0.0,0.0033333334,0.0,0.0,0.0
946,2705,1131,8.0,7,2024,2024-06-30,13:00:00,red_bull_ring,perez,red_bull,19,24,11,1.0,14.333333333333334,,,0.0,0.016666668,0.006666667,0.0033333334,0.0,0.0033333334,0.033333335,0.01,0.1799999,0.6366662,0.08666665,0.023333335,0.0,0.0,0.0,0.0,0.0,0.0,0.0,0.0
947,2706,1131,12.0,8,2024,2024-06-30,13:00:00,red_bull_ring,kevin_magnussen,haas,19,13,6,4.0,16.666666666666668,,,0.0,0.043333337,0.020000001,0.016666668,0.0,0.006666667,0.006666667,0.006666667,0.02666667,0.15999992,0.64333284,0.060000006,0.006666667,0.0,0.0,0.0,0.0033333334,0.0,0.0,0.0
948,2707,1131,11.0,9,2024,2024-06-30,13:00:00,red_bull_ring,ricciardo,rb,19,28,10,2.0,11.666666666666666,11.666666666666666,0.0,0.0,0.11666662,0.03666667,0.01,0.0,0.0,0.006666667,0.0,0.016666668,0.07333333,0.08333332,0.6533328,0.0033333334,0.0,0.0,0.0,0.0,0.0,0.0,0.0
949,2708,1131,13.0,10,2024,2024-06-30,13:00:00,red_bull_ring,gasly,alpine,19,8,2,3.0,10.666666666666666,9.333333333333334,1.3333333333333333,0.0,0.796666,0.06333334,0.023333335,0.0,0.0,0.0,0.0,0.0033333334,0.0033333334,0.040000003,0.060000006,0.0033333334,0.0033333334,0.0,0.0,0.0033333334,0.0,0.0,0.0
950,2709,1131,6.0,11,2024,2024-06-30,13:00:00,red_bull_ring,leclerc,ferrari,19,18,4,-5.0,5.666666666666667,,,0.0,0.15666659,0.39333305,0.12999995,0.0,0.0033333334,0.0033333334,0.0033333334,0.023333335,0.03666667,0.050000004,0.08999998,0.06333334,0.006666667,0.0033333334,0.023333335,0.0033333334,0.0033333334,0.0033333334,0.0033333334
951,2710,1131,10.0,12,2024,2024-06-30,13:00:00,red_bull_ring,ocon,alpine,19,23,2,-2.0,12.333333333333334,,,0.0,0.06333334,0.16333325,0.6066662,0.0,0.0,0.0,0.0,0.0033333334,0.0033333334,0.01,0.016666668,0.07,0.04666667,0.013333334,0.0,0.0033333334,0.0,0.0,0.0
952,2711,1131,17.0,13,2024,2024-06-30,13:00:00,red_bull_ring,stroll,aston_martin,19,33,3,4.0,12.0,11.666666666666666,0.3333333333333333,0.0,0.0033333334,0.033333335,0.12666662,0.0,0.0,0.0,0.0,0.0,0.0,0.0,0.006666667,0.7133328,0.09333331,0.0033333334,0.020000001,0.0,0.0,0.0,0.0
953,2712,1131,14.0,14,2024,2024-06-30,13:00:00,red_bull_ring,tsunoda,rb,19,34,10,0.0,11.0,13.666666666666666,-2.6666666666666665,0.0,0.0033333334,0.01,0.006666667,0.0,0.0,0.0033333334,0.0,0.0,0.0,0.0,0.0,0.11999995,0.75333273,0.05333334,0.030000003,0.013333334,0.0,0.006666667,0.0
954,2713,1131,16.0,15,2024,2024-06-30,13:00:00,red_bull_ring,albon,williams,19,1,15,1.0,6.333333333333333,,,0.0033333334,0.02666667,0.033333335,0.07333333,0.0,0.013333334,0.01,0.0033333334,0.013333334,0.013333334,0.016666668,0.023333335,0.09999997,0.08666665,0.44666633,0.09999997,0.020000001,0.006666667,0.006666667,0.0033333334
955,2714,1131,18.0,16,2024,2024-06-30,13:00:00,red_bull_ring,bottas,sauber,19,4,13,2.0,9.666666666666666,14.0,-4.333333333333333,0.0,0.0,0.033333335,0.0,0.0,0.0,0.0,0.0,0.0,0.0,0.0,0.0033333334,0.006666667,0.023333335,0.08999998,0.7066661,0.07999999,0.05333334,0.0033333334,0.0
956,2715,1131,20.0,17,2024,2024-06-30,13:00:00,red_bull_ring,zhou,sauber,19,37,13,3.0,11.0,14.666666666666666,-3.6666666666666665,0.0,0.0033333334,0.016666668,0.016666668,0.0,0.0033333334,0.0,0.0,0.0033333334,0.0,0.0,0.006666667,0.023333335,0.07,0.11999995,0.39666638,0.28666648,0.04666667,0.0033333334,0.0033333334
957,2716,1131,15.0,18,2024,2024-06-30,13:00:00,red_bull_ring,alonso,aston_martin,19,2,3,-3.0,10.0,9.666666666666666,0.3333333333333333,0.0,0.006666667,0.006666667,0.0,0.0,0.0,0.0,0.0,0.0,0.0,0.0033333334,0.0,0.020000001,0.043333337,0.08666665,0.06666667,0.08666665,0.5699996,0.06333334,0.04666667
958,2717,1131,19.0,19,2024,2024-06-30,13:00:00,red_bull_ring,sargeant,williams,19,31,15,0.0,15.666666666666666,,,0.0,0.0,0.0,0.0,0.0,0.0,0.0,0.0,0.0,0.0,0.0,0.0,0.0033333334,0.006666667,0.006666667,0.033333335,0.12666662,0.15999992,0.503333,0.15999992
959,2718,1131,2.0,20,2024,2024-06-30,13:00:00,red_bull_ring,norris,mclaren,19,22,7,-18.0,2.6666666666666665,2.6666666666666665,0.0,0.0033333334,0.006666667,0.07999999,0.0,0.006666667,0.030000003,0.006666667,0.060000006,0.07333333,0.09666664,0.030000003,0.03666667,0.006666667,0.050000004,0.09999997,0.056666672,0.08333332,0.06666667,0.08333332,0.12333328
960,2719,1132,2.0,1,2024,2024-07-07,14:00:00,silverstone,hamilton,mercedes,23,11,8,1.0,5.0,3.6666666666666665,1.3333333333333333,0.88666594,0.0,0.0,0.0,0.09333331,0.013333334,0.006666667,0.0,0.0,0.0,0.0,0.0,0.0,0.0,0.0,0.0,0.0,0.0,0.0,0.0
961,2720,1132,4.0,2,2024,2024-07-07,14:00:00,silverstone,max_verstappen,red_bull,23,19,11,2.0,1.6666666666666667,2.333333333333333,-0.6666666666666666,0.25999984,0.0,0.0,0.0,0.57666624,0.09666664,0.043333337,0.020000001,0.0033333334,0.0,0.0,0.0,0.0,0.0,0.0,0.0,0.0,0.0,0.0,0.0
962,2721,1132,3.0,3,2024,2024-07-07,14:00:00,silverstone,norris,mclaren,23,22,7,0.0,2.0,8.0,-6.0,0.06666667,0.0,0.0,0.0,0.23666652,0.6266662,0.03666667,0.02666667,0.0033333334,0.0,0.0033333334,0.0,0.0,0.0,0.0,0.0,0.0,0.0,0.0,0.0
963,2722,1132,5.0,4,2024,2024-07-07,14:00:00,silverstone,piastri,mclaren,23,25,7,1.0,6.666666666666667,4.666666666666667,2.0,0.01,0.0,0.0,0.0,0.033333335,0.09666664,0.796666,0.050000004,0.01,0.0,0.0,0.0,0.0,0.0,0.0,0.0033333334,0.0,0.0,0.0,0.0
964,2723,1132,7.0,5,2024,2024-07-07,14:00:00,silverstone,sainz,ferrari,23,30,4,2.0,7.333333333333333,,,0.0,0.0,0.0,0.0,0.0033333334,0.04666667,0.06333334,0.70999944,0.13666661,0.02666667,0.006666667,0.006666667,0.0,0.0,0.0,0.0,0.0,0.0,0.0,0.0
965,2724,1132,6.0,6,2024,2024-07-07,14:00:00,silverstone,hulkenberg,haas,23,12,6,0.0,13.0,9.333333333333334,3.6666666666666665,0.0,0.0033333334,0.0033333334,0.0,0.0033333334,0.0033333334,0.006666667,0.07,0.8499993,0.050000004,0.0033333334,0.006666667,0.0,0.0,0.0,0.0,0.0,0.0,0.0,0.0
966,2725,1132,8.0,7,2024,2024-07-07,14:00:00,silverstone,stroll,aston_martin,23,33,3,1.0,13.333333333333334,11.333333333333334,2.0,0.0033333334,0.033333335,0.02666667,0.0033333334,0.0033333334,0.0,0.013333334,0.033333335,0.15666659,0.6266662,0.07,0.030000003,0.0,0.0,0.0,0.0,0.0,0.0,0.0,0.0
967,2726,1132,10.0,8,2024,2024-07-07,14:00:00,silverstone,alonso,aston_martin,23,2,3,2.0,10.333333333333334,12.0,-1.6666666666666667,0.0,0.060000006,0.016666668,0.0033333334,0.0,0.0,0.0033333334,0.0033333334,0.006666667,0.09666664,0.65666616,0.1466666,0.0033333334,0.0,0.0,0.0033333334,0.0,0.0,0.0,0.0
968,2727,1132,9.0,9,2024,2024-07-07,14:00:00,silverstone,albon,williams,23,1,15,0.0,8.666666666666666,,,0.0,0.050000004,0.04666667,0.030000003,0.006666667,0.0033333334,0.0033333334,0.0033333334,0.0,0.12666662,0.10666663,0.59999955,0.013333334,0.006666667,0.0033333334,0.0,0.0,0.0,0.0,0.0
969,2728,1132,13.0,10,2024,2024-07-07,14:00:00,silverstone,tsunoda,rb,23,34,10,3.0,13.0,15.666666666666666,-2.6666666666666665,0.0,0.74333274,0.056666672,0.050000004,0.0,0.0033333334,0.006666667,0.0,0.0033333334,0.013333334,0.016666668,0.06333334,0.020000001,0.006666667,0.01,0.0033333334,0.0,0.0033333334,0.0,0.0
970,2729,1132,12.0,11,2024,2024-07-07,14:00:00,silverstone,sargeant,williams,23,31,15,1.0,17.0,,,0.0,0.1466666,0.5733329,0.07999999,0.0033333334,0.0,0.0,0.0,0.0,0.01,0.02666667,0.07,0.02666667,0.030000003,0.013333334,0.0,0.006666667,0.013333334,0.0,0.0
971,2730,1132,17.0,12,2024,2024-07-07,14:00:00,silverstone,kevin_magnussen,haas,23,13,6,5.0,14.0,12.333333333333334,1.6666666666666667,0.0,0.02666667,0.07,0.75333273,0.0,0.0,0.0,0.0,0.0,0.0,0.0,0.01,0.09333331,0.04666667,0.0,0.0,0.0,0.0,0.0,0.0
972,2731,1132,15.0,13,2024,2024-07-07,14:00:00,silverstone,ricciardo,rb,23,28,10,2.0,11.333333333333334,10.666666666666666,0.6666666666666666,0.0,0.0033333334,0.02666667,0.06333334,0.0,0.0,0.0,0.0,0.0,0.0,0.0,0.0033333334,0.8033327,0.06333334,0.016666668,0.01,0.01,0.0,0.0,0.0
973,2732,1132,11.0,14,2024,2024-07-07,14:00:00,silverstone,leclerc,ferrari,23,18,4,-3.0,7.333333333333333,,,0.0,0.01,0.043333337,0.023333335,0.0,0.0,0.0,0.0033333334,0.0,0.006666667,0.0,0.013333334,0.12999995,0.6966661,0.016666668,0.020000001,0.020000001,0.016666668,0.0,0.0
974,2733,1132,16.0,15,2024,2024-07-07,14:00:00,silverstone,bottas,sauber,23,4,13,1.0,10.0,15.0,-5.0,0.0,0.006666667,0.01,0.01,0.0,0.0,0.0,0.0,0.0,0.0,0.0,0.0033333334,0.023333335,0.09333331,0.66666615,0.11666662,0.040000003,0.030000003,0.0,0.0
975,2734,1132,18.0,16,2024,2024-07-07,14:00:00,silverstone,ocon,alpine,23,23,2,2.0,12.0,10.666666666666666,1.3333333333333333,0.0,0.0,0.0,0.01,0.0,0.0,0.0,0.0,0.0,0.0,0.0,0.0,0.01,0.050000004,0.10666663,0.54333293,0.2233332,0.050000004,0.006666667,0.0
976,2735,1132,0.0,17,2024,2024-07-07,14:00:00,silverstone,perez,red_bull,23,24,11,-17.0,11.666666666666666,,,0.0,0.033333335,0.01,0.0,0.0,0.0,0.0,0.01,0.0033333334,0.006666667,0.0033333334,0.0,0.050000004,0.01,0.016666668,0.09333331,0.6833328,0.07333333,0.006666667,0.0
977,2736,1132,14.0,18,2024,2024-07-07,14:00:00,silverstone,zhou,sauber,23,37,13,-4.0,11.666666666666666,15.0,-3.333333333333333,0.0,0.01,0.0,0.013333334,0.0,0.0,0.0,0.0,0.0,0.0,0.0,0.0033333334,0.023333335,0.07,0.07666666,0.16666658,0.23333319,0.3533331,0.043333337,0.006666667
978,2739,1133,2.0,1,2024,2024-07-21,15:00,hungaroring,piastri,mclaren,6,25,7,1.0,7.0,4.333333333333333,2.6666666666666665,0.7466661,0.0,0.0,0.0,0.20333321,0.04666667,0.0033333334,0.0,0.0,0.0,0.0,0.0,0.0,0.0,0.0,0.0,0.0,0.0,0.0,0.0
979,2740,1133,1.0,2,2024,2024-07-21,15:00,hungaroring,norris,mclaren,6,22,7,-1.0,2.0,8.333333333333334,-6.333333333333333,0.02666667,0.0,0.0,0.0,0.79999936,0.09666664,0.03666667,0.040000003,0.0,0.0,0.0,0.0,0.0,0.0,0.0,0.0,0.0,0.0,0.0,0.0
980,2741,1133,5.0,3,2024,2024-07-21,15:00,hungaroring,hamilton,mercedes,6,11,8,2.0,3.333333333333333,2.6666666666666665,0.6666666666666666,0.060000006,0.0,0.0,0.0,0.30666646,0.44666633,0.15666659,0.020000001,0.0,0.006666667,0.0,0.0,0.0,0.0,0.0,0.0,0.0,0.0033333334,0.0,0.0
981,2742,1133,6.0,4,2024,2024-07-21,15:00,hungaroring,leclerc,ferrari,6,18,4,2.0,7.333333333333333,10.0,-2.6666666666666665,0.01,0.0,0.0,0.0,0.056666672,0.060000006,0.5966662,0.16333325,0.04666667,0.043333337,0.016666668,0.0,0.0033333334,0.0,0.0,0.0,0.0033333334,0.0,0.0,0.0
982,2743,1133,3.0,5,2024,2024-07-21,15:00,hungaroring,max_verstappen,red_bull,6,19,11,-2.0,2.333333333333333,2.6666666666666665,-0.3333333333333333,0.013333334,0.0033333334,0.0,0.0,0.02666667,0.050000004,0.10999996,0.7466661,0.02666667,0.020000001,0.0,0.0033333334,0.0,0.0,0.0,0.0,0.0,0.0,0.0,0.0
983,2744,1133,4.0,6,2024,2024-07-21,15:00,hungaroring,sainz,ferrari,6,30,4,-2.0,5.666666666666667,4.666666666666667,1.0,0.0,0.0033333334,0.0,0.0,0.0,0.04666667,0.06666667,0.19333322,0.5366663,0.11999995,0.02666667,0.0033333334,0.0,0.0,0.0,0.0,0.0033333334,0.0,0.0,0.0
984,2745,1133,16.0,7,2024,2024-07-21,15:00,hungaroring,perez,red_bull,6,24,11,9.0,6.333333333333333,10.666666666666666,-4.333333333333333,0.006666667,0.043333337,0.02666667,0.023333335,0.023333335,0.056666672,0.060000006,0.060000006,0.1466666,0.39666638,0.11666662,0.030000003,0.006666667,0.0033333334,0.0,0.0,0.0,0.0,0.0,0.0
985,2746,1133,17.0,8,2024,2024-07-21,15:00,hungaroring,russell,mercedes,6,29,8,9.0,2.6666666666666665,,,0.023333335,0.033333335,0.023333335,0.020000001,0.030000003,0.013333334,0.043333337,0.07999999,0.07999999,0.13666661,0.4666663,0.03666667,0.0,0.01,0.0,0.0,0.0,0.0,0.0033333334,0.0
986,2747,1133,10.0,9,2024,2024-07-21,15:00,hungaroring,tsunoda,rb,6,34,10,1.0,14.666666666666666,14.333333333333334,0.3333333333333333,0.0,0.15333326,0.05333334,0.056666672,0.0,0.0,0.0033333334,0.0,0.006666667,0.030000003,0.05333334,0.6166662,0.013333334,0.006666667,0.0,0.0,0.0,0.006666667,0.0,0.0
987,2748,1133,8.0,10,2024,2024-07-21,15:00,hungaroring,stroll,aston_martin,6,33,3,-2.0,13.0,11.333333333333334,1.6666666666666667,0.0,0.6599995,0.18666656,0.006666667,0.0,0.0,0.0,0.0,0.01,0.006666667,0.016666668,0.08333332,0.006666667,0.006666667,0.006666667,0.0033333334,0.006666667,0.0,0.0,0.0
988,2749,1133,7.0,11,2024,2024-07-21,15:00,hungaroring,alonso,aston_martin,6,2,3,-4.0,11.666666666666666,12.666666666666666,-1.0,0.0,0.25333318,0.4666663,0.10999996,0.0,0.0033333334,0.0,0.0,0.0033333334,0.0,0.020000001,0.030000003,0.07333333,0.013333334,0.013333334,0.0033333334,0.0033333334,0.006666667,0.0,0.0
989,2750,1133,9.0,12,2024,2024-07-21,15:00,hungaroring,ricciardo,rb,6,28,10,-3.0,14.666666666666666,12.333333333333334,2.333333333333333,0.0,0.033333335,0.07999999,0.6699995,0.0,0.0,0.0,0.0,0.0,0.0033333334,0.0,0.013333334,0.15666659,0.023333335,0.01,0.0033333334,0.0033333334,0.0,0.0033333334,0.0
990,2751,1133,11.0,13,2024,2024-07-21,15:00,hungaroring,hulkenberg,haas,6,12,6,-2.0,9.333333333333334,7.666666666666667,1.6666666666666667,0.0,0.02666667,0.06666667,0.10999996,0.0,0.0,0.01,0.0,0.0033333334,0.0033333334,0.0033333334,0.030000003,0.6266662,0.08333332,0.01,0.013333334,0.006666667,0.006666667,0.0,0.0
991,2752,1133,13.0,14,2024,2024-07-21,15:00,hungaroring,albon,williams,6,1,15,-1.0,8.333333333333334,14.0,-5.666666666666667,0.0,0.006666667,0.09666664,0.033333335,0.0,0.0,0.0,0.006666667,0.0,0.0,0.0033333334,0.006666667,0.09666664,0.5266663,0.11666662,0.02666667,0.043333337,0.013333334,0.020000001,0.0033333334
992,2753,1133,15.0,15,2024,2024-07-21,15:00,hungaroring,kevin_magnussen,haas,6,13,6,0.0,15.0,12.333333333333334,2.6666666666666665,0.0,0.0033333334,0.0,0.0033333334,0.0,0.0,0.0,0.0,0.0,0.0,0.0,0.0,0.016666668,0.08999998,0.816666,0.040000003,0.023333335,0.0033333334,0.0033333334,0.0
993,2754,1133,12.0,16,2024,2024-07-21,15:00,hungaroring,bottas,sauber,6,4,13,-4.0,15.333333333333334,15.666666666666666,-0.3333333333333333,0.0,0.013333334,0.006666667,0.050000004,0.0,0.0,0.0,0.0,0.0033333334,0.0,0.0,0.0,0.09666664,0.08666665,0.07666666,0.57666624,0.02666667,0.06333334,0.0,0.0
994,2755,1133,14.0,17,2024,2024-07-21,15:00,hungaroring,sargeant,williams,6,31,15,-3.0,16.666666666666668,16.666666666666668,0.0,0.0,0.01,0.006666667,0.0,0.0,0.0,0.0,0.0,0.0,0.0,0.0,0.0033333334,0.01,0.016666668,0.08333332,0.25333318,0.42333302,0.12333328,0.050000004,0.020000001
995,2756,1133,19.0,18,2024,2024-07-21,15:00,hungaroring,ocon,alpine,6,23,2,1.0,12.0,12.666666666666666,-0.6666666666666666,0.0,0.0,0.0,0.013333334,0.0,0.0,0.0,0.0,0.0,0.0,0.0,0.0,0.013333334,0.023333335,0.033333335,0.07,0.28333315,0.4866663,0.07666666,0.0
996,2757,1133,18.0,19,2024,2024-07-21,15:00,hungaroring,zhou,sauber,6,37,13,-1.0,16.333333333333332,16.0,0.3333333333333333,0.0,0.006666667,0.0033333334,0.0,0.0,0.0,0.0,0.0,0.0,0.0,0.0,0.0,0.01,0.0033333334,0.040000003,0.07999999,0.09333331,0.12666662,0.44666633,0.1899999
997,2758,1133,0.0,20,2024,2024-07-21,15:00,hungaroring,gasly,alpine,6,8,2,-20.0,13.0,,,0.0,0.01,0.060000006,0.07333333,0.0,0.0,0.0,0.0,0.0,0.0,0.0,0.0033333334,0.08333332,0.020000001,0.07999999,0.050000004,0.2766665,0.28333315,0.0,0.060000006
998,2759,1134,3.0,1,2024,2024-07-28,15:00,spa,hamilton,mercedes,25,11,8,2.0,4.0,2.6666666666666665,1.3333333333333333,0.8633326,0.0,0.0,0.0,0.08333332,0.050000004,0.0033333334,0.0,0.0,0.0,0.0,0.0,0.0,0.0,0.0,0.0,0.0,0.0,0.0,0.0
999,2760,1134,5.0,2,2024,2024-07-28,15:00,spa,piastri,mclaren,25,25,7,3.0,4.666666666666667,2.333333333333333,2.333333333333333,0.09666664,0.0,0.0,0.0,0.66666615,0.12999995,0.08333332,0.01,0.0033333334,0.0033333334,0.0,0.0,0.0,0.0,0.0,0.0033333334,0.0,0.0033333334,0.0,0.0
1000,2761,1134,1.0,3,2024,2024-07-28,15:00,spa,leclerc,ferrari,25,18,4,-2.0,7.666666666666667,9.666666666666666,-2.0,0.023333335,0.0033333334,0.006666667,0.0,0.03666667,0.83333266,0.043333337,0.020000001,0.013333334,0.013333334,0.0033333334,0.0,0.0,0.0,0.0,0.0,0.0,0.0,0.0033333334,0.0
1001,2762,1134,11.0,4,2024,2024-07-28,15:00,spa,max_verstappen,red_bull,25,19,11,7.0,2.6666666666666665,4.0,-1.3333333333333333,0.05333334,0.01,0.006666667,0.0,0.01,0.07666666,0.48999962,0.16999991,0.14333327,0.006666667,0.023333335,0.01,0.0,0.0,0.0,0.0,0.0,0.0,0.0,0.0
1002,2763,1134,4.0,5,2024,2024-07-28,15:00,spa,norris,mclaren,25,22,7,-1.0,2.0,8.333333333333334,-6.333333333333333,0.013333334,0.0033333334,0.0,0.0,0.033333335,0.050000004,0.07999999,0.7933327,0.016666668,0.006666667,0.0033333334,0.0,0.0,0.0,0.0,0.0,0.0,0.0,0.0,0.0
1003,2764,1134,7.0,6,2024,2024-07-28,15:00,spa,sainz,ferrari,25,30,4,1.0,5.0,4.666666666666667,0.3333333333333333,0.0033333334,0.01,0.0,0.0033333334,0.02666667,0.01,0.06333334,0.19333322,0.5699996,0.07666666,0.02666667,0.01,0.0033333334,0.0,0.0,0.0,0.0033333334,0.0,0.0,0.0
1004,2765,1134,2.0,7,2024,2024-07-28,15:00,spa,perez,red_bull,25,24,11,-5.0,8.0,10.333333333333334,-2.333333333333333,0.0033333334,0.1033333,0.03666667,0.0033333334,0.0,0.006666667,0.030000003,0.06666667,0.07666666,0.45666632,0.12666662,0.056666672,0.013333334,0.006666667,0.0,0.0,0.0033333334,0.0,0.01,0.0
1005,2766,1134,8.0,8,2024,2024-07-28,15:00,spa,alonso,aston_martin,25,2,3,0.0,10.666666666666666,12.333333333333334,-1.6666666666666667,0.0,0.05333334,0.016666668,0.0033333334,0.006666667,0.0033333334,0.01,0.0033333334,0.02666667,0.13333328,0.57999957,0.15666659,0.0033333334,0.0,0.0,0.0,0.0033333334,0.0,0.0,0.0
1006,2767,1134,9.0,9,2024,2024-07-28,15:00,spa,ocon,alpine,25,23,2,0.0,15.666666666666666,15.333333333333334,0.3333333333333333,0.0,0.13666661,0.06666667,0.033333335,0.0,0.0,0.006666667,0.0,0.020000001,0.03666667,0.05333334,0.5966662,0.016666668,0.01,0.013333334,0.01,0.0,0.0,0.0,0.0
1007,2768,1134,13.0,10,2024,2024-07-28,15:00,spa,ricciardo,rb,25,28,10,3.0,11.666666666666666,11.333333333333334,0.3333333333333333,0.0,0.836666,0.056666672,0.01,0.0,0.0,0.0033333334,0.0,0.0,0.0033333334,0.01,0.07333333,0.006666667,0.0,0.0,0.0,0.0,0.0,0.0,0.0
1008,2769,1134,15.0,11,2024,2024-07-28,15:00,spa,stroll,aston_martin,25,33,3,4.0,11.0,10.0,1.0,0.0,0.13333328,0.5833329,0.23333319,0.0,0.0,0.0,0.0,0.0,0.0,0.013333334,0.020000001,0.01,0.0033333334,0.0,0.0033333334,0.0,0.0,0.0,0.0
1009,2770,1134,10.0,12,2024,2024-07-28,15:00,spa,albon,williams,25,1,15,-2.0,12.666666666666666,12.666666666666666,0.0,0.0,0.033333335,0.15666659,0.5833329,0.0033333334,0.0033333334,0.0,0.0,0.0033333334,0.01,0.020000001,0.023333335,0.08666665,0.020000001,0.023333335,0.0033333334,0.01,0.020000001,0.0,0.0
1010,2771,1134,12.0,13,2024,2024-07-28,15:00,spa,gasly,alpine,25,8,2,-1.0,10.666666666666666,,,0.0,0.020000001,0.11333329,0.10999996,0.0,0.0,0.0,0.0,0.0,0.0033333334,0.006666667,0.0033333334,0.6833328,0.040000003,0.020000001,0.0,0.0,0.0,0.0,0.0
1011,2772,1134,17.0,14,2024,2024-07-28,15:00,spa,kevin_magnussen,haas,25,13,6,3.0,14.666666666666666,11.666666666666666,3.0,0.0,0.0033333334,0.030000003,0.09666664,0.0,0.0,0.0,0.0,0.0,0.0,0.0033333334,0.006666667,0.16999991,0.55666625,0.09999997,0.016666668,0.013333334,0.0033333334,0.0,0.0
1012,2773,1134,14.0,15,2024,2024-07-28,15:00,spa,bottas,sauber,25,4,13,-1.0,15.333333333333334,15.666666666666666,-0.3333333333333333,0.0,0.006666667,0.006666667,0.006666667,0.0,0.0,0.0,0.0,0.0,0.0,0.0,0.0033333334,0.03666667,0.19999988,0.60999954,0.08333332,0.020000001,0.02666667,0.0,0.0
1013,2774,1134,20.0,16,2024,2024-07-28,15:00,spa,tsunoda,rb,25,34,10,4.0,12.333333333333334,11.0,1.3333333333333333,0.0,0.016666668,0.016666668,0.006666667,0.0,0.0,0.0,0.0,0.0,0.0,0.0,0.006666667,0.033333335,0.12333328,0.14999993,0.6266662,0.020000001,0.0,0.0,0.0
1014,2775,1134,18.0,17,2024,2024-07-28,15:00,spa,sargeant,williams,25,31,15,1.0,15.0,15.666666666666666,-0.6666666666666666,0.0,0.0,0.0,0.0033333334,0.0,0.0,0.0,0.0,0.0,0.0,0.0,0.0,0.0033333334,0.0,0.01,0.19999988,0.6799995,0.06666667,0.02666667,0.01
1015,2776,1134,16.0,18,2024,2024-07-28,15:00,spa,hulkenberg,haas,25,12,6,-2.0,8.666666666666666,8.333333333333334,0.3333333333333333,0.0,0.013333334,0.020000001,0.01,0.0,0.0,0.0033333334,0.0,0.0033333334,0.0033333334,0.0033333334,0.016666668,0.023333335,0.056666672,0.08333332,0.043333337,0.09999997,0.4999996,0.07666666,0.043333337
1016,2777,1134,19.0,19,2024,2024-07-28,15:00,spa,zhou,sauber,25,37,13,0.0,17.333333333333332,18.0,-0.6666666666666666,0.0,0.006666667,0.0,0.01,0.0,0.0,0.0,0.0,0.0,0.0,0.0,0.0,0.0033333334,0.006666667,0.033333335,0.05333334,0.09333331,0.17666657,0.49666628,0.11999995
1017,2778,1134,6.0,20,2024,2024-07-28,15:00,spa,russell,mercedes,25,29,8,-14.0,7.0,,,0.0,0.02666667,0.043333337,0.030000003,0.0,0.0033333334,0.0,0.006666667,0.020000001,0.006666667,0.04666667,0.03666667,0.07999999,0.05333334,0.11999995,0.1799999,0.09666664,0.13333328,0.01,0.10666663
